ISO-10303-21;
HEADER;
FILE_DESCRIPTION(('FreeCAD Model'),'2;1');
FILE_NAME('Open CASCADE Shape Model','2026-07-21T02:38:46',('Author'),(
    ''),'Open CASCADE STEP processor 7.8','FreeCAD','Unknown');
FILE_SCHEMA(('AUTOMOTIVE_DESIGN { 1 0 10303 214 1 1 1 1 }'));
ENDSEC;
DATA;
#1 = APPLICATION_PROTOCOL_DEFINITION('international standard',
  'automotive_design',2000,#2);
#2 = APPLICATION_CONTEXT(
  'core data for automotive mechanical design processes');
#3 = SHAPE_DEFINITION_REPRESENTATION(#4,#10);
#4 = PRODUCT_DEFINITION_SHAPE('','',#5);
#5 = PRODUCT_DEFINITION('design','',#6,#9);
#6 = PRODUCT_DEFINITION_FORMATION('','',#7);
#7 = PRODUCT('Lower Body - extended rod support',
  'Lower Body - extended rod support','',(#8));
#8 = PRODUCT_CONTEXT('',#2,'mechanical');
#9 = PRODUCT_DEFINITION_CONTEXT('part definition',#2,'design');
#10 = SHAPE_REPRESENTATION('',(#11,#15),#19);
#11 = AXIS2_PLACEMENT_3D('',#12,#13,#14);
#12 = CARTESIAN_POINT('',(0.,0.,0.));
#13 = DIRECTION('',(0.,0.,1.));
#14 = DIRECTION('',(1.,0.,-0.));
#15 = AXIS2_PLACEMENT_3D('',#16,#17,#18);
#16 = CARTESIAN_POINT('',(0.,0.,0.));
#17 = DIRECTION('',(0.,0.,1.));
#18 = DIRECTION('',(1.,0.,0.));
#19 = ( GEOMETRIC_REPRESENTATION_CONTEXT(3) 
GLOBAL_UNCERTAINTY_ASSIGNED_CONTEXT((#23)) GLOBAL_UNIT_ASSIGNED_CONTEXT(
(#20,#21,#22)) REPRESENTATION_CONTEXT('Context #1',
  '3D Context with UNIT and UNCERTAINTY') );
#20 = ( LENGTH_UNIT() NAMED_UNIT(*) SI_UNIT(.MILLI.,.METRE.) );
#21 = ( NAMED_UNIT(*) PLANE_ANGLE_UNIT() SI_UNIT($,.RADIAN.) );
#22 = ( NAMED_UNIT(*) SI_UNIT($,.STERADIAN.) SOLID_ANGLE_UNIT() );
#23 = UNCERTAINTY_MEASURE_WITH_UNIT(LENGTH_MEASURE(5.E-04),#20,
  'distance_accuracy_value','confusion accuracy');
#24 = PRODUCT_RELATED_PRODUCT_CATEGORY('part',$,(#7));
#25 = SHAPE_DEFINITION_REPRESENTATION(#26,#32);
#26 = PRODUCT_DEFINITION_SHAPE('','',#27);
#27 = PRODUCT_DEFINITION('design','',#28,#31);
#28 = PRODUCT_DEFINITION_FORMATION('','',#29);
#29 = PRODUCT('Fusion005','Fusion005','',(#30));
#30 = PRODUCT_CONTEXT('',#2,'mechanical');
#31 = PRODUCT_DEFINITION_CONTEXT('part definition',#2,'design');
#32 = ADVANCED_BREP_SHAPE_REPRESENTATION('',(#11,#33),#3638);
#33 = MANIFOLD_SOLID_BREP('',#34);
#34 = CLOSED_SHELL('',(#35,#395,#434,#461,#497,#862,#896,#928,#955,#982,
    #1014,#1039,#1066,#1093,#1142,#1174,#1198,#1218,#1242,#1266,#1290,
    #1314,#1338,#1362,#1386,#1412,#1436,#1460,#1495,#1514,#1538,#1565,
    #1589,#1613,#1637,#1854,#1879,#1917,#1987,#2004,#2016,#2033,#2050,
    #2067,#2093,#2113,#2437,#2468,#2745,#2940,#2960,#2993,#3022,#3034,
    #3210,#3235,#3259,#3369,#3389,#3409,#3447,#3467,#3491,#3515,#3540,
    #3564,#3593,#3605,#3622));
#35 = ADVANCED_FACE('',(#36,#306,#317,#328,#357,#368,#379),#390,.T.);
#36 = FACE_BOUND('',#37,.T.);
#37 = EDGE_LOOP('',(#38,#49,#57,#66,#75,#84,#93,#102,#111,#120,#128,#136
    ,#144,#152,#160,#169,#178,#187,#196,#205,#214,#222,#230,#238,#246,
    #254,#263,#272,#281,#290,#299));
#38 = ORIENTED_EDGE('',*,*,#39,.T.);
#39 = EDGE_CURVE('',#40,#42,#44,.T.);
#40 = VERTEX_POINT('',#41);
#41 = CARTESIAN_POINT('',(17.419390570546,-12.68993213556,0.));
#42 = VERTEX_POINT('',#43);
#43 = CARTESIAN_POINT('',(10.930602010125,-15.5,0.));
#44 = CIRCLE('',#45,4.1);
#45 = AXIS2_PLACEMENT_3D('',#46,#47,#48);
#46 = CARTESIAN_POINT('',(15.,-16.,4.4E-16));
#47 = DIRECTION('',(0.,0.,1.));
#48 = DIRECTION('',(1.,0.,0.));
#49 = ORIENTED_EDGE('',*,*,#50,.T.);
#50 = EDGE_CURVE('',#42,#51,#53,.T.);
#51 = VERTEX_POINT('',#52);
#52 = CARTESIAN_POINT('',(-10.93060201012,-15.5,0.));
#53 = LINE('',#54,#55);
#54 = CARTESIAN_POINT('',(13.,-15.5,0.));
#55 = VECTOR('',#56,1.);
#56 = DIRECTION('',(-1.,0.,0.));
#57 = ORIENTED_EDGE('',*,*,#58,.F.);
#58 = EDGE_CURVE('',#59,#51,#61,.T.);
#59 = VERTEX_POINT('',#60);
#60 = CARTESIAN_POINT('',(-17.41939057054,-12.68993213556,0.));
#61 = CIRCLE('',#62,4.1);
#62 = AXIS2_PLACEMENT_3D('',#63,#64,#65);
#63 = CARTESIAN_POINT('',(-15.,-16.,4.4E-16));
#64 = DIRECTION('',(0.,0.,-1.));
#65 = DIRECTION('',(-1.,0.,0.));
#66 = ORIENTED_EDGE('',*,*,#67,.T.);
#67 = EDGE_CURVE('',#59,#68,#70,.T.);
#68 = VERTEX_POINT('',#69);
#69 = CARTESIAN_POINT('',(-21.07142926748,-11.90104485436,1.E-15));
#70 = CIRCLE('',#71,2.5);
#71 = AXIS2_PLACEMENT_3D('',#72,#73,#74);
#72 = CARTESIAN_POINT('',(-18.89462872331,-10.67159807188,4.4E-16));
#73 = DIRECTION('',(0.,0.,-1.));
#74 = DIRECTION('',(-1.,0.,0.));
#75 = ORIENTED_EDGE('',*,*,#76,.F.);
#76 = EDGE_CURVE('',#77,#68,#79,.T.);
#77 = VERTEX_POINT('',#78);
#78 = CARTESIAN_POINT('',(-21.07142926748,11.901044854364,0.));
#79 = CIRCLE('',#80,24.2);
#80 = AXIS2_PLACEMENT_3D('',#81,#82,#83);
#81 = CARTESIAN_POINT('',(0.,0.,8.7E-16));
#82 = DIRECTION('',(0.,0.,1.));
#83 = DIRECTION('',(1.,0.,0.));
#84 = ORIENTED_EDGE('',*,*,#85,.F.);
#85 = EDGE_CURVE('',#86,#77,#88,.T.);
#86 = VERTEX_POINT('',#87);
#87 = CARTESIAN_POINT('',(-17.41939057054,12.689932135567,0.));
#88 = CIRCLE('',#89,2.5);
#89 = AXIS2_PLACEMENT_3D('',#90,#91,#92);
#90 = CARTESIAN_POINT('',(-18.89462872331,10.671598071889,4.4E-16));
#91 = DIRECTION('',(0.,0.,1.));
#92 = DIRECTION('',(-1.,0.,0.));
#93 = ORIENTED_EDGE('',*,*,#94,.T.);
#94 = EDGE_CURVE('',#86,#95,#97,.T.);
#95 = VERTEX_POINT('',#96);
#96 = CARTESIAN_POINT('',(-11.54088631473,18.201029875395,0.));
#97 = CIRCLE('',#98,4.1);
#98 = AXIS2_PLACEMENT_3D('',#99,#100,#101);
#99 = CARTESIAN_POINT('',(-15.,16.,4.4E-16));
#100 = DIRECTION('',(0.,0.,1.));
#101 = DIRECTION('',(-1.,0.,0.));
#102 = ORIENTED_EDGE('',*,*,#103,.T.);
#103 = EDGE_CURVE('',#95,#104,#106,.T.);
#104 = VERTEX_POINT('',#105);
#105 = CARTESIAN_POINT('',(-10.51826865447,21.794632929055,0.));
#106 = CIRCLE('',#107,2.5);
#107 = AXIS2_PLACEMENT_3D('',#108,#109,#110);
#108 = CARTESIAN_POINT('',(-9.431670652981,19.543121262831,4.4E-16));
#109 = DIRECTION('',(0.,0.,-1.));
#110 = DIRECTION('',(-1.,0.,0.));
#111 = ORIENTED_EDGE('',*,*,#112,.T.);
#112 = EDGE_CURVE('',#104,#113,#115,.T.);
#113 = VERTEX_POINT('',#114);
#114 = CARTESIAN_POINT('',(-13.32666499916,20.2,1.E-15));
#115 = CIRCLE('',#116,24.2);
#116 = AXIS2_PLACEMENT_3D('',#117,#118,#119);
#117 = CARTESIAN_POINT('',(0.,0.,8.7E-16));
#118 = DIRECTION('',(0.,0.,1.));
#119 = DIRECTION('',(-1.,0.,0.));
#120 = ORIENTED_EDGE('',*,*,#121,.T.);
#121 = EDGE_CURVE('',#113,#122,#124,.T.);
#122 = VERTEX_POINT('',#123);
#123 = CARTESIAN_POINT('',(-20.08284271247,20.2,0.));
#124 = LINE('',#125,#126);
#125 = CARTESIAN_POINT('',(-3.E-17,20.2,0.));
#126 = VECTOR('',#127,1.);
#127 = DIRECTION('',(-1.,-1.7E-16,0.));
#128 = ORIENTED_EDGE('',*,*,#129,.T.);
#129 = EDGE_CURVE('',#122,#130,#132,.T.);
#130 = VERTEX_POINT('',#131);
#131 = CARTESIAN_POINT('',(-30.,10.282842712475,0.));
#132 = LINE('',#133,#134);
#133 = CARTESIAN_POINT('',(-25.14142135623,15.141421356237,0.));
#134 = VECTOR('',#135,1.);
#135 = DIRECTION('',(-0.707106781187,-0.707106781187,0.));
#136 = ORIENTED_EDGE('',*,*,#137,.T.);
#137 = EDGE_CURVE('',#130,#138,#140,.T.);
#138 = VERTEX_POINT('',#139);
#139 = CARTESIAN_POINT('',(-30.,-10.28284271247,0.));
#140 = LINE('',#141,#142);
#141 = CARTESIAN_POINT('',(-30.,0.,4.3E-16));
#142 = VECTOR('',#143,1.);
#143 = DIRECTION('',(0.,-1.,0.));
#144 = ORIENTED_EDGE('',*,*,#145,.T.);
#145 = EDGE_CURVE('',#138,#146,#148,.T.);
#146 = VERTEX_POINT('',#147);
#147 = CARTESIAN_POINT('',(-20.08284271247,-20.2,0.));
#148 = LINE('',#149,#150);
#149 = CARTESIAN_POINT('',(-25.14142135623,-15.14142135623,0.));
#150 = VECTOR('',#151,1.);
#151 = DIRECTION('',(0.707106781187,-0.707106781187,0.));
#152 = ORIENTED_EDGE('',*,*,#153,.T.);
#153 = EDGE_CURVE('',#146,#154,#156,.T.);
#154 = VERTEX_POINT('',#155);
#155 = CARTESIAN_POINT('',(-13.32666499916,-20.2,1.E-15));
#156 = LINE('',#157,#158);
#157 = CARTESIAN_POINT('',(-4.055215750698,-20.2,0.));
#158 = VECTOR('',#159,1.);
#159 = DIRECTION('',(1.,1.1E-16,0.));
#160 = ORIENTED_EDGE('',*,*,#161,.F.);
#161 = EDGE_CURVE('',#162,#154,#164,.T.);
#162 = VERTEX_POINT('',#163);
#163 = CARTESIAN_POINT('',(-10.51826865447,-21.79463292905,0.));
#164 = CIRCLE('',#165,24.2);
#165 = AXIS2_PLACEMENT_3D('',#166,#167,#168);
#166 = CARTESIAN_POINT('',(0.,0.,8.7E-16));
#167 = DIRECTION('',(0.,0.,-1.));
#168 = DIRECTION('',(-1.,0.,0.));
#169 = ORIENTED_EDGE('',*,*,#170,.T.);
#170 = EDGE_CURVE('',#162,#171,#173,.T.);
#171 = VERTEX_POINT('',#172);
#172 = CARTESIAN_POINT('',(-6.855138914627,-23.20877141214,
    1.550269488319E-16));
#173 = CIRCLE('',#174,24.2);
#174 = AXIS2_PLACEMENT_3D('',#175,#176,#177);
#175 = CARTESIAN_POINT('',(0.,0.,0.));
#176 = DIRECTION('',(0.,0.,1.));
#177 = DIRECTION('',(1.,0.,0.));
#178 = ORIENTED_EDGE('',*,*,#179,.T.);
#179 = EDGE_CURVE('',#171,#180,#182,.T.);
#180 = VERTEX_POINT('',#181);
#181 = CARTESIAN_POINT('',(7.1,-24.,3.100538976639E-16));
#182 = CIRCLE('',#183,7.);
#183 = AXIS2_PLACEMENT_3D('',#184,#185,#186);
#184 = CARTESIAN_POINT('',(1.E-01,-24.,3.100538976639E-16));
#185 = DIRECTION('',(0.,0.,1.));
#186 = DIRECTION('',(1.,0.,0.));
#187 = ORIENTED_EDGE('',*,*,#188,.T.);
#188 = EDGE_CURVE('',#180,#189,#191,.T.);
#189 = VERTEX_POINT('',#190);
#190 = CARTESIAN_POINT('',(7.048303963845,-23.15084040015,
    1.550269488319E-16));
#191 = CIRCLE('',#192,7.);
#192 = AXIS2_PLACEMENT_3D('',#193,#194,#195);
#193 = CARTESIAN_POINT('',(1.E-01,-24.,3.100538976639E-16));
#194 = DIRECTION('',(0.,0.,1.));
#195 = DIRECTION('',(1.,0.,0.));
#196 = ORIENTED_EDGE('',*,*,#197,.T.);
#197 = EDGE_CURVE('',#189,#198,#200,.T.);
#198 = VERTEX_POINT('',#199);
#199 = CARTESIAN_POINT('',(10.518268654476,-21.79463292905,0.));
#200 = CIRCLE('',#201,24.2);
#201 = AXIS2_PLACEMENT_3D('',#202,#203,#204);
#202 = CARTESIAN_POINT('',(0.,0.,0.));
#203 = DIRECTION('',(0.,0.,1.));
#204 = DIRECTION('',(1.,0.,0.));
#205 = ORIENTED_EDGE('',*,*,#206,.T.);
#206 = EDGE_CURVE('',#198,#207,#209,.T.);
#207 = VERTEX_POINT('',#208);
#208 = CARTESIAN_POINT('',(13.326664999166,-20.2,1.E-15));
#209 = CIRCLE('',#210,24.2);
#210 = AXIS2_PLACEMENT_3D('',#211,#212,#213);
#211 = CARTESIAN_POINT('',(0.,0.,8.7E-16));
#212 = DIRECTION('',(0.,0.,1.));
#213 = DIRECTION('',(1.,0.,0.));
#214 = ORIENTED_EDGE('',*,*,#215,.T.);
#215 = EDGE_CURVE('',#207,#216,#218,.T.);
#216 = VERTEX_POINT('',#217);
#217 = CARTESIAN_POINT('',(20.082842712475,-20.2,0.));
#218 = LINE('',#219,#220);
#219 = CARTESIAN_POINT('',(15.944784249302,-20.2,0.));
#220 = VECTOR('',#221,1.);
#221 = DIRECTION('',(1.,4.3E-16,0.));
#222 = ORIENTED_EDGE('',*,*,#223,.T.);
#223 = EDGE_CURVE('',#216,#224,#226,.T.);
#224 = VERTEX_POINT('',#225);
#225 = CARTESIAN_POINT('',(30.2,-10.08284271247,0.));
#226 = LINE('',#227,#228);
#227 = CARTESIAN_POINT('',(25.141421356237,-15.14142135623,0.));
#228 = VECTOR('',#229,1.);
#229 = DIRECTION('',(0.707106781187,0.707106781187,0.));
#230 = ORIENTED_EDGE('',*,*,#231,.T.);
#231 = EDGE_CURVE('',#224,#232,#234,.T.);
#232 = VERTEX_POINT('',#233);
#233 = CARTESIAN_POINT('',(30.2,10.082842712475,0.));
#234 = LINE('',#235,#236);
#235 = CARTESIAN_POINT('',(30.2,0.,0.));
#236 = VECTOR('',#237,1.);
#237 = DIRECTION('',(0.,1.,0.));
#238 = ORIENTED_EDGE('',*,*,#239,.T.);
#239 = EDGE_CURVE('',#232,#240,#242,.T.);
#240 = VERTEX_POINT('',#241);
#241 = CARTESIAN_POINT('',(20.082842712475,20.2,0.));
#242 = LINE('',#243,#244);
#243 = CARTESIAN_POINT('',(25.141421356237,15.141421356237,0.));
#244 = VECTOR('',#245,1.);
#245 = DIRECTION('',(-0.707106781187,0.707106781187,0.));
#246 = ORIENTED_EDGE('',*,*,#247,.T.);
#247 = EDGE_CURVE('',#240,#248,#250,.T.);
#248 = VERTEX_POINT('',#249);
#249 = CARTESIAN_POINT('',(13.326664999166,20.2,1.E-15));
#250 = LINE('',#251,#252);
#251 = CARTESIAN_POINT('',(-3.E-17,20.2,0.));
#252 = VECTOR('',#253,1.);
#253 = DIRECTION('',(-1.,-1.7E-16,0.));
#254 = ORIENTED_EDGE('',*,*,#255,.F.);
#255 = EDGE_CURVE('',#256,#248,#258,.T.);
#256 = VERTEX_POINT('',#257);
#257 = CARTESIAN_POINT('',(10.518268654476,21.794632929055,0.));
#258 = CIRCLE('',#259,24.2);
#259 = AXIS2_PLACEMENT_3D('',#260,#261,#262);
#260 = CARTESIAN_POINT('',(0.,0.,8.7E-16));
#261 = DIRECTION('',(0.,0.,-1.));
#262 = DIRECTION('',(1.,0.,0.));
#263 = ORIENTED_EDGE('',*,*,#264,.F.);
#264 = EDGE_CURVE('',#265,#256,#267,.T.);
#265 = VERTEX_POINT('',#266);
#266 = CARTESIAN_POINT('',(11.54088631473,18.201029875395,0.));
#267 = CIRCLE('',#268,2.5);
#268 = AXIS2_PLACEMENT_3D('',#269,#270,#271);
#269 = CARTESIAN_POINT('',(9.431670652981,19.543121262831,4.4E-16));
#270 = DIRECTION('',(0.,0.,1.));
#271 = DIRECTION('',(1.,0.,0.));
#272 = ORIENTED_EDGE('',*,*,#273,.F.);
#273 = EDGE_CURVE('',#274,#265,#276,.T.);
#274 = VERTEX_POINT('',#275);
#275 = CARTESIAN_POINT('',(17.419390570546,12.689932135567,0.));
#276 = CIRCLE('',#277,4.1);
#277 = AXIS2_PLACEMENT_3D('',#278,#279,#280);
#278 = CARTESIAN_POINT('',(15.,16.,4.4E-16));
#279 = DIRECTION('',(0.,0.,-1.));
#280 = DIRECTION('',(1.,0.,0.));
#281 = ORIENTED_EDGE('',*,*,#282,.T.);
#282 = EDGE_CURVE('',#274,#283,#285,.T.);
#283 = VERTEX_POINT('',#284);
#284 = CARTESIAN_POINT('',(21.07142926748,11.901044854364,0.));
#285 = CIRCLE('',#286,2.5);
#286 = AXIS2_PLACEMENT_3D('',#287,#288,#289);
#287 = CARTESIAN_POINT('',(18.894628723319,10.671598071889,4.4E-16));
#288 = DIRECTION('',(0.,0.,-1.));
#289 = DIRECTION('',(1.,0.,0.));
#290 = ORIENTED_EDGE('',*,*,#291,.F.);
#291 = EDGE_CURVE('',#292,#283,#294,.T.);
#292 = VERTEX_POINT('',#293);
#293 = CARTESIAN_POINT('',(21.07142926748,-11.90104485436,0.));
#294 = CIRCLE('',#295,24.2);
#295 = AXIS2_PLACEMENT_3D('',#296,#297,#298);
#296 = CARTESIAN_POINT('',(0.,0.,8.7E-16));
#297 = DIRECTION('',(0.,0.,1.));
#298 = DIRECTION('',(1.,0.,0.));
#299 = ORIENTED_EDGE('',*,*,#300,.F.);
#300 = EDGE_CURVE('',#40,#292,#301,.T.);
#301 = CIRCLE('',#302,2.5);
#302 = AXIS2_PLACEMENT_3D('',#303,#304,#305);
#303 = CARTESIAN_POINT('',(18.894628723319,-10.67159807188,4.4E-16));
#304 = DIRECTION('',(0.,0.,1.));
#305 = DIRECTION('',(1.,0.,0.));
#306 = FACE_BOUND('',#307,.T.);
#307 = EDGE_LOOP('',(#308));
#308 = ORIENTED_EDGE('',*,*,#309,.F.);
#309 = EDGE_CURVE('',#310,#310,#312,.T.);
#310 = VERTEX_POINT('',#311);
#311 = CARTESIAN_POINT('',(-13.75,-16.,1.E-15));
#312 = CIRCLE('',#313,1.25);
#313 = AXIS2_PLACEMENT_3D('',#314,#315,#316);
#314 = CARTESIAN_POINT('',(-15.,-16.,8.7E-16));
#315 = DIRECTION('',(0.,0.,1.));
#316 = DIRECTION('',(1.,0.,0.));
#317 = FACE_BOUND('',#318,.T.);
#318 = EDGE_LOOP('',(#319));
#319 = ORIENTED_EDGE('',*,*,#320,.T.);
#320 = EDGE_CURVE('',#321,#321,#323,.T.);
#321 = VERTEX_POINT('',#322);
#322 = CARTESIAN_POINT('',(3.1,-27.,0.));
#323 = CIRCLE('',#324,3.);
#324 = AXIS2_PLACEMENT_3D('',#325,#326,#327);
#325 = CARTESIAN_POINT('',(1.E-01,-27.,0.));
#326 = DIRECTION('',(0.,0.,-1.));
#327 = DIRECTION('',(1.,0.,0.));
#328 = FACE_BOUND('',#329,.T.);
#329 = EDGE_LOOP('',(#330,#341,#350));
#330 = ORIENTED_EDGE('',*,*,#331,.F.);
#331 = EDGE_CURVE('',#332,#334,#336,.T.);
#332 = VERTEX_POINT('',#333);
#333 = CARTESIAN_POINT('',(3.956409530244E-02,-17.00026089761,
    1.550269488319E-16));
#334 = VERTEX_POINT('',#335);
#335 = CARTESIAN_POINT('',(-0.189407942898,-17.00598519857,
    1.550269488319E-16));
#336 = CIRCLE('',#337,3.);
#337 = AXIS2_PLACEMENT_3D('',#338,#339,#340);
#338 = CARTESIAN_POINT('',(0.,-20.,0.));
#339 = DIRECTION('',(0.,0.,1.));
#340 = DIRECTION('',(1.,0.,0.));
#341 = ORIENTED_EDGE('',*,*,#342,.F.);
#342 = EDGE_CURVE('',#343,#332,#345,.T.);
#343 = VERTEX_POINT('',#344);
#344 = CARTESIAN_POINT('',(3.,-20.,0.));
#345 = CIRCLE('',#346,3.);
#346 = AXIS2_PLACEMENT_3D('',#347,#348,#349);
#347 = CARTESIAN_POINT('',(0.,-20.,0.));
#348 = DIRECTION('',(0.,0.,1.));
#349 = DIRECTION('',(1.,0.,0.));
#350 = ORIENTED_EDGE('',*,*,#351,.F.);
#351 = EDGE_CURVE('',#334,#343,#352,.T.);
#352 = CIRCLE('',#353,3.);
#353 = AXIS2_PLACEMENT_3D('',#354,#355,#356);
#354 = CARTESIAN_POINT('',(0.,-20.,0.));
#355 = DIRECTION('',(0.,0.,1.));
#356 = DIRECTION('',(1.,0.,0.));
#357 = FACE_BOUND('',#358,.T.);
#358 = EDGE_LOOP('',(#359));
#359 = ORIENTED_EDGE('',*,*,#360,.F.);
#360 = EDGE_CURVE('',#361,#361,#363,.T.);
#361 = VERTEX_POINT('',#362);
#362 = CARTESIAN_POINT('',(16.25,-16.,1.E-15));
#363 = CIRCLE('',#364,1.25);
#364 = AXIS2_PLACEMENT_3D('',#365,#366,#367);
#365 = CARTESIAN_POINT('',(15.,-16.,8.7E-16));
#366 = DIRECTION('',(0.,0.,1.));
#367 = DIRECTION('',(1.,0.,0.));
#368 = FACE_BOUND('',#369,.T.);
#369 = EDGE_LOOP('',(#370));
#370 = ORIENTED_EDGE('',*,*,#371,.F.);
#371 = EDGE_CURVE('',#372,#372,#374,.T.);
#372 = VERTEX_POINT('',#373);
#373 = CARTESIAN_POINT('',(-13.75,16.,1.E-15));
#374 = CIRCLE('',#375,1.25);
#375 = AXIS2_PLACEMENT_3D('',#376,#377,#378);
#376 = CARTESIAN_POINT('',(-15.,16.,8.7E-16));
#377 = DIRECTION('',(0.,0.,1.));
#378 = DIRECTION('',(1.,0.,0.));
#379 = FACE_BOUND('',#380,.T.);
#380 = EDGE_LOOP('',(#381));
#381 = ORIENTED_EDGE('',*,*,#382,.F.);
#382 = EDGE_CURVE('',#383,#383,#385,.T.);
#383 = VERTEX_POINT('',#384);
#384 = CARTESIAN_POINT('',(16.25,16.,1.E-15));
#385 = CIRCLE('',#386,1.25);
#386 = AXIS2_PLACEMENT_3D('',#387,#388,#389);
#387 = CARTESIAN_POINT('',(15.,16.,8.7E-16));
#388 = DIRECTION('',(0.,0.,1.));
#389 = DIRECTION('',(1.,0.,0.));
#390 = PLANE('',#391);
#391 = AXIS2_PLACEMENT_3D('',#392,#393,#394);
#392 = CARTESIAN_POINT('',(3.673296551598E-02,-2.901856830038,
    3.244242450009E-16));
#393 = DIRECTION('',(0.,0.,1.));
#394 = DIRECTION('',(1.,0.,0.));
#395 = ADVANCED_FACE('',(#396),#429,.T.);
#396 = FACE_BOUND('',#397,.T.);
#397 = EDGE_LOOP('',(#398,#406,#422,#428));
#398 = ORIENTED_EDGE('',*,*,#399,.F.);
#399 = EDGE_CURVE('',#400,#40,#402,.T.);
#400 = VERTEX_POINT('',#401);
#401 = CARTESIAN_POINT('',(17.419390570546,-12.68993213556,
    -11.09467812773));
#402 = LINE('',#403,#404);
#403 = CARTESIAN_POINT('',(17.419390570546,-12.68993213556,-37.202));
#404 = VECTOR('',#405,1.);
#405 = DIRECTION('',(0.,0.,1.));
#406 = ORIENTED_EDGE('',*,*,#407,.T.);
#407 = EDGE_CURVE('',#400,#408,#410,.T.);
#408 = VERTEX_POINT('',#409);
#409 = CARTESIAN_POINT('',(10.930510719881,-15.5,-13.13591534985));
#410 = B_SPLINE_CURVE_WITH_KNOTS('',3,(#411,#412,#413,#414,#415,#416,
    #417,#418,#419,#420,#421),.UNSPECIFIED.,.F.,.F.,(4,1,1,1,1,1,1,1,4),
  (3.1165611733E-07,1.616604261246E-03,3.232896866375E-03,
    4.849189471503E-03,6.465482076632E-03,8.081774681761E-03,
    9.698067286889E-03,1.131435989202E-02,1.293065249715E-02),
  .UNSPECIFIED.);
#411 = CARTESIAN_POINT('',(17.419390570546,-12.68993213556,
    -11.09467812773));
#412 = CARTESIAN_POINT('',(17.073641517028,-12.43721767951,
    -11.43282317249));
#413 = CARTESIAN_POINT('',(16.317215082822,-12.04596454208,
    -12.09802820365));
#414 = CARTESIAN_POINT('',(14.989558258872,-11.82282487277,
    -13.04203997114));
#415 = CARTESIAN_POINT('',(13.540595090261,-12.06342378336,
    -13.80651089595));
#416 = CARTESIAN_POINT('',(12.119342419441,-12.92414380104,
    -14.14363416873));
#417 = CARTESIAN_POINT('',(11.16886820975,-14.28234485461,
    -13.80967801523));
#418 = CARTESIAN_POINT('',(10.832660822429,-15.71758761851,
    -13.04368015013));
#419 = CARTESIAN_POINT('',(10.966284550068,-17.04929562884,
    -12.1061744684));
#420 = CARTESIAN_POINT('',(11.310918973808,-17.83961580053,
    -11.43291359977));
#421 = CARTESIAN_POINT('',(11.54088631473,-18.20102987539,
    -11.09467812773));
#422 = ORIENTED_EDGE('',*,*,#423,.T.);
#423 = EDGE_CURVE('',#408,#42,#424,.T.);
#424 = LINE('',#425,#426);
#425 = CARTESIAN_POINT('',(10.930602010125,-15.5,-37.202));
#426 = VECTOR('',#427,1.);
#427 = DIRECTION('',(0.,0.,1.));
#428 = ORIENTED_EDGE('',*,*,#39,.F.);
#429 = CYLINDRICAL_SURFACE('',#430,4.1);
#430 = AXIS2_PLACEMENT_3D('',#431,#432,#433);
#431 = CARTESIAN_POINT('',(15.,-16.,-37.202));
#432 = DIRECTION('',(0.,0.,1.));
#433 = DIRECTION('',(1.,0.,0.));
#434 = ADVANCED_FACE('',(#435),#456,.F.);
#435 = FACE_BOUND('',#436,.F.);
#436 = EDGE_LOOP('',(#437,#445,#446,#447));
#437 = ORIENTED_EDGE('',*,*,#438,.T.);
#438 = EDGE_CURVE('',#439,#292,#441,.T.);
#439 = VERTEX_POINT('',#440);
#440 = CARTESIAN_POINT('',(21.07142926748,-11.90104485436,
    -9.003521874547));
#441 = LINE('',#442,#443);
#442 = CARTESIAN_POINT('',(21.07142926748,-11.90104485436,-37.202));
#443 = VECTOR('',#444,1.);
#444 = DIRECTION('',(0.,0.,1.));
#445 = ORIENTED_EDGE('',*,*,#300,.F.);
#446 = ORIENTED_EDGE('',*,*,#399,.F.);
#447 = ORIENTED_EDGE('',*,*,#448,.T.);
#448 = EDGE_CURVE('',#400,#439,#449,.T.);
#449 = B_SPLINE_CURVE_WITH_KNOTS('',3,(#450,#451,#452,#453,#454,#455),
  .UNSPECIFIED.,.F.,.F.,(4,1,1,4),(3.116773432E-07,2.38659292824E-03,
    3.579733553689E-03,4.772874179138E-03),.UNSPECIFIED.);
#450 = CARTESIAN_POINT('',(17.419390570546,-12.68993213556,
    -11.09467812773));
#451 = CARTESIAN_POINT('',(17.929822868245,-13.06301665785,
    -10.59547169348));
#452 = CARTESIAN_POINT('',(18.901149247601,-13.34235226737,
    -9.850804644419));
#453 = CARTESIAN_POINT('',(20.307428211693,-12.84178986429,
    -9.146316186365));
#454 = CARTESIAN_POINT('',(20.87207954424,-12.2540040814,-9.003521874547
    ));
#455 = CARTESIAN_POINT('',(21.07142926748,-11.90104485436,
    -9.003521874547));
#456 = CYLINDRICAL_SURFACE('',#457,2.5);
#457 = AXIS2_PLACEMENT_3D('',#458,#459,#460);
#458 = CARTESIAN_POINT('',(18.894628723319,-10.67159807188,-37.202));
#459 = DIRECTION('',(0.,0.,1.));
#460 = DIRECTION('',(1.,0.,0.));
#461 = ADVANCED_FACE('',(#462,#481),#492,.T.);
#462 = FACE_BOUND('',#463,.T.);
#463 = EDGE_LOOP('',(#464,#465,#466,#475));
#464 = ORIENTED_EDGE('',*,*,#50,.F.);
#465 = ORIENTED_EDGE('',*,*,#423,.F.);
#466 = ORIENTED_EDGE('',*,*,#467,.F.);
#467 = EDGE_CURVE('',#468,#408,#470,.T.);
#468 = VERTEX_POINT('',#469);
#469 = CARTESIAN_POINT('',(-10.93051071988,-15.5,-13.13591534985));
#470 = HYPERBOLA('',#471,12.238475151765,15.5);
#471 = AXIS2_PLACEMENT_3D('',#472,#473,#474);
#472 = CARTESIAN_POINT('',(0.,-15.5,-28.11133469214));
#473 = DIRECTION('',(0.,1.,0.));
#474 = DIRECTION('',(0.,0.,1.));
#475 = ORIENTED_EDGE('',*,*,#476,.T.);
#476 = EDGE_CURVE('',#468,#51,#477,.T.);
#477 = LINE('',#478,#479);
#478 = CARTESIAN_POINT('',(-10.93060201012,-15.5,-37.202));
#479 = VECTOR('',#480,1.);
#480 = DIRECTION('',(0.,0.,1.));
#481 = FACE_BOUND('',#482,.T.);
#482 = EDGE_LOOP('',(#483));
#483 = ORIENTED_EDGE('',*,*,#484,.F.);
#484 = EDGE_CURVE('',#485,#485,#487,.T.);
#485 = VERTEX_POINT('',#486);
#486 = CARTESIAN_POINT('',(5.05,-15.5,-8.060693798909));
#487 = ELLIPSE('',#488,5.374097751003,5.05);
#488 = AXIS2_PLACEMENT_3D('',#489,#490,#491);
#489 = CARTESIAN_POINT('',(0.,-15.5,-8.060693798909));
#490 = DIRECTION('',(0.,1.,0.));
#491 = DIRECTION('',(0.,0.,-1.));
#492 = PLANE('',#493);
#493 = AXIS2_PLACEMENT_3D('',#494,#495,#496);
#494 = CARTESIAN_POINT('',(13.,-15.5,0.));
#495 = DIRECTION('',(0.,1.,0.));
#496 = DIRECTION('',(-1.,0.,0.));
#497 = ADVANCED_FACE('',(#498,#641,#752),#857,.F.);
#498 = FACE_BOUND('',#499,.F.);
#499 = EDGE_LOOP('',(#500,#508,#509,#510,#552));
#500 = ORIENTED_EDGE('',*,*,#501,.T.);
#501 = EDGE_CURVE('',#502,#485,#504,.T.);
#502 = VERTEX_POINT('',#503);
#503 = CARTESIAN_POINT('',(5.05,-27.1842324348,-12.31340661542));
#504 = LINE('',#505,#506);
#505 = CARTESIAN_POINT('',(5.05,-106.,-41.));
#506 = VECTOR('',#507,1.);
#507 = DIRECTION('',(0.,0.939692620786,0.342020143326));
#508 = ORIENTED_EDGE('',*,*,#484,.F.);
#509 = ORIENTED_EDGE('',*,*,#501,.F.);
#510 = ORIENTED_EDGE('',*,*,#511,.T.);
#511 = EDGE_CURVE('',#502,#512,#514,.T.);
#512 = VERTEX_POINT('',#513);
#513 = CARTESIAN_POINT('',(-3.043441391026,-23.23931304935,
    -15.16608628784));
#514 = B_SPLINE_CURVE_WITH_KNOTS('',8,(#515,#516,#517,#518,#519,#520,
    #521,#522,#523,#524,#525,#526,#527,#528,#529,#530,#531,#532,#533,
    #534,#535,#536,#537,#538,#539,#540,#541,#542,#543,#544,#545,#546,
    #547,#548,#549,#550,#551),.UNSPECIFIED.,.F.,.F.,(9,7,7,7,7,9),(0.,
    0.387767757399,0.497477780583,0.649788641036,0.760009705481,1.),
  .UNSPECIFIED.);
#515 = CARTESIAN_POINT('',(5.050000000002,-27.1842324348,-12.31340661542
    ));
#516 = CARTESIAN_POINT('',(5.050000000002,-26.73353642279,
    -12.60725791042));
#517 = CARTESIAN_POINT('',(5.008101043364,-26.28502057846,
    -12.90518855495));
#518 = CARTESIAN_POINT('',(4.923255157107,-25.83983293669,
    -13.20720245995));
#519 = CARTESIAN_POINT('',(4.792651176349,-25.40079195758,-13.5123246142
    ));
#520 = CARTESIAN_POINT('',(4.612801203407,-24.97216462825,
    -13.81855939344));
#521 = CARTESIAN_POINT('',(4.379511960847,-24.55969565425,
    -14.12268915093));
#522 = CARTESIAN_POINT('',(4.088591577512,-24.17025455175,
    -14.41980379154));
#523 = CARTESIAN_POINT('',(3.635496685668,-23.71043619394,
    -14.78243364667));
#524 = CARTESIAN_POINT('',(3.530694837578,-23.61162012877,
    -14.86116524633));
#525 = CARTESIAN_POINT('',(3.420969810105,-23.51560920416,
    -14.93845760944));
#526 = CARTESIAN_POINT('',(3.306300914603,-23.42263254822,
    -15.01408958014));
#527 = CARTESIAN_POINT('',(3.186695629509,-23.33292813238,
    -15.08781880458));
#528 = CARTESIAN_POINT('',(3.062195782443,-23.24673859954,
    -15.15938395746));
#529 = CARTESIAN_POINT('',(2.93288454334,-23.16430689555,-15.22850840161
    ));
#530 = CARTESIAN_POINT('',(2.612874943048,-22.97697981635,
    -15.38708433104));
#531 = CARTESIAN_POINT('',(2.417789924253,-22.87576263791,
    -15.47402995604));
#532 = CARTESIAN_POINT('',(2.214050056393,-22.78290535619,
    -15.55493745028));
#533 = CARTESIAN_POINT('',(2.002210621653,-22.69902542052,
    -15.62900385499));
#534 = CARTESIAN_POINT('',(1.782980144898,-22.62466919966,
    -15.69544831662));
#535 = CARTESIAN_POINT('',(1.557231600079,-22.56030557715,
    -15.75354308191));
#536 = CARTESIAN_POINT('',(1.326015978405,-22.50631648431,
    -15.80265512918));
#537 = CARTESIAN_POINT('',(0.920201657707,-22.43162671401,
    -15.87098665581));
#538 = CARTESIAN_POINT('',(0.747579697658,-22.40584354672,
    -15.89472220796));
#539 = CARTESIAN_POINT('',(0.573170264979,-22.38574177045,
    -15.91331934839));
#540 = CARTESIAN_POINT('',(0.397442826951,-22.37139631792,
    -15.92663870045));
#541 = CARTESIAN_POINT('',(0.220877517283,-22.36285339035,
    -15.93458617718));
#542 = CARTESIAN_POINT('',(4.396451322482E-02,-22.36013323321,
    -15.93711421464));
#543 = CARTESIAN_POINT('',(-0.132796336224,-22.36323245032,
    -15.93422531626));
#544 = CARTESIAN_POINT('',(-0.692326165242,-22.39148995097,
    -15.90802037993));
#545 = CARTESIAN_POINT('',(-1.073192232378,-22.43834888308,
    -15.86463058376));
#546 = CARTESIAN_POINT('',(-1.445530860291,-22.51250869158,
    -15.79629832797));
#547 = CARTESIAN_POINT('',(-1.804564887175,-22.61287853276,
    -15.70488703618));
#548 = CARTESIAN_POINT('',(-2.146405500048,-22.73801544374,
    -15.59302208991));
#549 = CARTESIAN_POINT('',(-2.468094907943,-22.88590808938,
    -15.46377901643));
#550 = CARTESIAN_POINT('',(-2.767537547456,-23.05401673167,
    -15.32038409479));
#551 = CARTESIAN_POINT('',(-3.043441391026,-23.23931304935,
    -15.16608628784));
#552 = ORIENTED_EDGE('',*,*,#553,.T.);
#553 = EDGE_CURVE('',#512,#502,#554,.T.);
#554 = B_SPLINE_CURVE_WITH_KNOTS('',8,(#555,#556,#557,#558,#559,#560,
    #561,#562,#563,#564,#565,#566,#567,#568,#569,#570,#571,#572,#573,
    #574,#575,#576,#577,#578,#579,#580,#581,#582,#583,#584,#585,#586,
    #587,#588,#589,#590,#591,#592,#593,#594,#595,#596,#597,#598,#599,
    #600,#601,#602,#603,#604,#605,#606,#607,#608,#609,#610,#611,#612,
    #613,#614,#615,#616,#617,#618,#619,#620,#621,#622,#623,#624,#625,
    #626,#627,#628,#629,#630,#631,#632,#633,#634,#635,#636,#637,#638,
    #639,#640),.UNSPECIFIED.,.F.,.F.,(9,7,7,7,7,7,7,7,7,7,7,7,9),(0.,
    8.037122276335E-02,0.134361399949,0.273898824371,0.376441078112,
    0.458431877953,0.513943763172,0.612927883844,0.718308181059,
    0.851863298296,0.95565131073,0.977734498261,1.),.UNSPECIFIED.);
#555 = CARTESIAN_POINT('',(-3.043441391026,-23.23931304935,
    -15.16608628784));
#556 = CARTESIAN_POINT('',(-3.231009967159,-23.36528362671,
    -15.06118952534));
#557 = CARTESIAN_POINT('',(-3.407881822172,-23.49932046653,-14.95115139)
  );
#558 = CARTESIAN_POINT('',(-3.573825671873,-23.64064120078,
    -14.83685840058));
#559 = CARTESIAN_POINT('',(-3.728801954241,-23.78846584561,
    -14.71912123939));
#560 = CARTESIAN_POINT('',(-3.872912720446,-23.94204290218,
    -14.59865667279));
#561 = CARTESIAN_POINT('',(-4.00635940407,-24.10067276839,
    -14.47607755799));
#562 = CARTESIAN_POINT('',(-4.129408468511,-24.26372846143,
    -14.35189093612));
#563 = CARTESIAN_POINT('',(-4.318244573317,-24.54282076145,
    -14.14227441825));
#564 = CARTESIAN_POINT('',(-4.389567585958,-24.65671987434,
    -14.0575053848));
#565 = CARTESIAN_POINT('',(-4.456426868358,-24.77220838047,
    -13.9723201251));
#566 = CARTESIAN_POINT('',(-4.518917180327,-24.88913406975,
    -13.88682707567));
#567 = CARTESIAN_POINT('',(-4.577133704757,-25.00735580416,
    -13.80112089975));
#568 = CARTESIAN_POINT('',(-4.631170608757,-25.12674419058,
    -13.71528329133));
#569 = CARTESIAN_POINT('',(-4.681119604791,-25.24718225357,
    -13.62938377924));
#570 = CARTESIAN_POINT('',(-4.845823301545,-25.68228225647,
    -13.32146388662));
#571 = CARTESIAN_POINT('',(-4.937790445013,-26.00213338209,
    -13.09955124899));
#572 = CARTESIAN_POINT('',(-5.004611964699,-26.32650926988,
    -12.87860583566));
#573 = CARTESIAN_POINT('',(-5.047502501483,-26.65397535849,
    -12.65928068331));
#574 = CARTESIAN_POINT('',(-5.067400406893,-26.98326604003,
    -12.44208315598));
#575 = CARTESIAN_POINT('',(-5.065007343544,-27.31328563042,
    -12.22740554579));
#576 = CARTESIAN_POINT('',(-5.0407448272,-27.64311089514,-12.01553828553
    ));
#577 = CARTESIAN_POINT('',(-4.960786825562,-28.21367259081,
    -11.65319970998));
#578 = CARTESIAN_POINT('',(-4.915146567332,-28.4547271605,
    -11.50141792394));
#579 = CARTESIAN_POINT('',(-4.857778014234,-28.69481561889,
    -11.35143882363));
#580 = CARTESIAN_POINT('',(-4.788633011417,-28.93355399455,
    -11.20339841544));
#581 = CARTESIAN_POINT('',(-4.70759145001,-29.1705137747,-11.05746355292
    ));
#582 = CARTESIAN_POINT('',(-4.614462074976,-29.40522080692,
    -10.91383118941));
#583 = CARTESIAN_POINT('',(-4.508965255009,-29.63715077803,
    -10.77273015348));
#584 = CARTESIAN_POINT('',(-4.296133279907,-30.04848180807,
    -10.52383968239));
#585 = CARTESIAN_POINT('',(-4.193429707057,-30.22904420652,
    -10.41507212739));
#586 = CARTESIAN_POINT('',(-4.082381703545,-30.40712637884,
    -10.30824832388));
#587 = CARTESIAN_POINT('',(-3.962755337023,-30.5823648703,
    -10.20354359024));
#588 = CARTESIAN_POINT('',(-3.834297997595,-30.75431829668,
    -10.10117951469));
#589 = CARTESIAN_POINT('',(-3.696738783132,-30.92246669635,
    -10.00142328134));
#590 = CARTESIAN_POINT('',(-3.549779307483,-31.08620679554,
    -9.904589828981));
#591 = CARTESIAN_POINT('',(-3.28697820677,-31.3522479831,-9.747713547199
    ));
#592 = CARTESIAN_POINT('',(-3.176435438549,-31.45729179508,
    -9.685901212214));
#593 = CARTESIAN_POINT('',(-3.061344621188,-31.55975805349,
    -9.625724388683));
#594 = CARTESIAN_POINT('',(-2.941615154865,-31.65938952555,
    -9.567321084462));
#595 = CARTESIAN_POINT('',(-2.81717175687,-31.75589081584,
    -9.510851229416));
#596 = CARTESIAN_POINT('',(-2.687958372805,-31.84893086699,
    -9.456495140785));
#597 = CARTESIAN_POINT('',(-2.553942087788,-31.93814546043,
    -9.404451988548));
#598 = CARTESIAN_POINT('',(-2.167575894691,-32.17469432064,
    -9.266649549565));
#599 = CARTESIAN_POINT('',(-1.904275419789,-32.31311829928,
    -9.186235498154));
#600 = CARTESIAN_POINT('',(-1.625586003709,-32.43577450439,
    -9.115157651431));
#601 = CARTESIAN_POINT('',(-1.332504549703,-32.53973201183,
    -9.055040955213));
#602 = CARTESIAN_POINT('',(-1.026786625251,-32.62200028837,
    -9.007541879194));
#603 = CARTESIAN_POINT('',(-0.71111670584,-32.67987872758,
    -8.974155408029));
#604 = CARTESIAN_POINT('',(-0.389292720845,-32.71133194209,
    -8.956017142496));
#605 = CARTESIAN_POINT('',(0.276580792338,-32.72129420385,
    -8.950272364286));
#606 = CARTESIAN_POINT('',(0.62097673621,-32.69625330876,-8.964711834164
    ));
#607 = CARTESIAN_POINT('',(0.959525887025,-32.6407208054,-8.996733549126
    ));
#608 = CARTESIAN_POINT('',(1.287433032976,-32.55695563419,
    -9.045079306436));
#609 = CARTESIAN_POINT('',(1.6012914574,-32.44813950841,-9.107984102949)
  );
#610 = CARTESIAN_POINT('',(1.898863042664,-32.31791195206,
    -9.183436365545));
#611 = CARTESIAN_POINT('',(2.178876733904,-32.16987075326,
    -9.269438445657));
#612 = CARTESIAN_POINT('',(2.772875590443,-31.80120512421,
    -9.484256285075));
#613 = CARTESIAN_POINT('',(3.076407362243,-31.57145917801,-9.61854459416
    ));
#614 = CARTESIAN_POINT('',(3.352689906232,-31.32307759418,
    -9.764293620558));
#615 = CARTESIAN_POINT('',(3.602707313334,-31.06007808307,
    -9.919337049052));
#616 = CARTESIAN_POINT('',(3.827671531562,-30.78575809149,
    -10.08191258361));
#617 = CARTESIAN_POINT('',(4.028830058715,-30.50259661121,
    -10.25072288667));
#618 = CARTESIAN_POINT('',(4.207450305564,-30.21228001275,
    -10.42493187667));
#619 = CARTESIAN_POINT('',(4.486695830675,-29.68504846114,
    -10.74361750273));
#620 = CARTESIAN_POINT('',(4.595674246094,-29.45095141677,
    -10.88588658622));
#621 = CARTESIAN_POINT('',(4.691950920819,-29.2139274132,-11.03078382602
    ));
#622 = CARTESIAN_POINT('',(4.775825840491,-28.97452907511,-11.1780661844
    ));
#623 = CARTESIAN_POINT('',(4.847506038286,-28.73325403622,
    -11.32752534518));
#624 = CARTESIAN_POINT('',(4.907124423967,-28.49054996913,
    -11.47898572242));
#625 = CARTESIAN_POINT('',(4.954738983754,-28.24681578325,
    -11.63230529256));
#626 = CARTESIAN_POINT('',(4.997881369055,-27.95039393038,-11.8203746527
    ));
#627 = CARTESIAN_POINT('',(5.004870811748,-27.89859493749,
    -11.85329913125));
#628 = CARTESIAN_POINT('',(5.01128957278,-27.84700163975,-11.88615308305
    ));
#629 = CARTESIAN_POINT('',(5.017146095071,-27.79561367012,
    -11.91893690257));
#630 = CARTESIAN_POINT('',(5.022448370757,-27.74443066689,-11.9516509812
    ));
#631 = CARTESIAN_POINT('',(5.027203941192,-27.69345227375,
    -11.98429570727));
#632 = CARTESIAN_POINT('',(5.031419896949,-27.64267813973,
    -12.01687146603));
#633 = CARTESIAN_POINT('',(5.03881626461,-27.5411202015,-12.08215418582)
  );
#634 = CARTESIAN_POINT('',(5.04200341372,-27.49012616517,-12.11499732764
    ));
#635 = CARTESIAN_POINT('',(5.044663228121,-27.43912938648,
    -12.14790684301));
#636 = CARTESIAN_POINT('',(5.046794343295,-27.38813349134,
    -12.18088152214));
#637 = CARTESIAN_POINT('',(5.04839526724,-27.33714213893,-12.21392012472
    ));
#638 = CARTESIAN_POINT('',(5.049464413356,-27.28615901782,
    -12.24702136927));
#639 = CARTESIAN_POINT('',(5.05000002618,-27.23518785456,-12.28018395492
    ));
#640 = CARTESIAN_POINT('',(5.05,-27.1842324348,-12.31340661542));
#641 = FACE_BOUND('',#642,.F.);
#642 = EDGE_LOOP('',(#643));
#643 = ORIENTED_EDGE('',*,*,#644,.F.);
#644 = EDGE_CURVE('',#645,#645,#647,.T.);
#645 = VERTEX_POINT('',#646);
#646 = CARTESIAN_POINT('',(1.5,-20.,-4.567004592602));
#647 = B_SPLINE_CURVE_WITH_KNOTS('',7,(#648,#649,#650,#651,#652,#653,
    #654,#655,#656,#657,#658,#659,#660,#661,#662,#663,#664,#665,#666,
    #667,#668,#669,#670,#671,#672,#673,#674,#675,#676,#677,#678,#679,
    #680,#681,#682,#683,#684,#685,#686,#687,#688,#689,#690,#691,#692,
    #693,#694,#695,#696,#697,#698,#699,#700,#701,#702,#703,#704,#705,
    #706,#707,#708,#709,#710,#711,#712,#713,#714,#715,#716,#717,#718,
    #719,#720,#721,#722,#723,#724,#725,#726,#727,#728,#729,#730,#731,
    #732,#733,#734,#735,#736,#737,#738,#739,#740,#741,#742,#743,#744,
    #745,#746,#747,#748,#749,#750,#751),.UNSPECIFIED.,.T.,.F.,(1,7,6,6,6
    ,6,6,6,6,6,6,6,6,6,6,6,6,6,7,1),(-9.0796100858E-02,0.,
    5.345579603272E-02,0.161035916784,0.219652735591,0.257423590436,
    0.319929289126,0.352199632677,0.379246310382,0.462806105533,
    0.553781453587,0.59678123147,0.653766077006,0.716420150847,
    0.75819005712,0.819413322102,0.857949001697,0.909203899142,1.,
    1.053455796033),.UNSPECIFIED.);
#648 = CARTESIAN_POINT('',(1.5,-20.,-4.567004592602));
#649 = CARTESIAN_POINT('',(1.5,-19.93692573771,-4.544047438581));
#650 = CARTESIAN_POINT('',(1.496905898804,-19.87425861881,
    -4.520214156242));
#651 = CARTESIAN_POINT('',(1.490788904805,-19.81208183019,-4.49555885764
    ));
#652 = CARTESIAN_POINT('',(1.481705371178,-19.75047566474,-4.47014369801
    ));
#653 = CARTESIAN_POINT('',(1.469697224795,-19.68951870189,
    -4.444038499767));
#654 = CARTESIAN_POINT('',(1.454792395142,-19.62928898815,
    -4.417320376497));
#655 = CARTESIAN_POINT('',(1.401208489805,-19.45027451154,
    -4.335238561288));
#656 = CARTESIAN_POINT('',(1.353849470429,-19.33432313685,
    -4.278433716439));
#657 = CARTESIAN_POINT('',(1.295027066633,-19.22213525251,
    -4.220147641909));
#658 = CARTESIAN_POINT('',(1.224366202587,-19.11409452434,
    -4.161000386739));
#659 = CARTESIAN_POINT('',(1.141193600216,-19.01103026538,
    -4.101889519179));
#660 = CARTESIAN_POINT('',(1.044688077076,-18.9143663082,-4.044209320445
    ));
#661 = CARTESIAN_POINT('',(0.873857576011,-18.77840157196,
    -3.960504938358));
#662 = CARTESIAN_POINT('',(0.809192953086,-18.73282928445,
    -3.931905991827));
#663 = CARTESIAN_POINT('',(0.740039311286,-18.69012142747,
    -3.904629847807));
#664 = CARTESIAN_POINT('',(0.666356506221,-18.65081342694,
    -3.879131534744));
#665 = CARTESIAN_POINT('',(0.588149241555,-18.61549781505,
    -3.855922430348));
#666 = CARTESIAN_POINT('',(0.505480185397,-18.58483342724,
    -3.835566090586));
#667 = CARTESIAN_POINT('',(0.3624307365,-18.5432737205,-3.807780957214)
  );
#668 = CARTESIAN_POINT('',(0.304587337433,-18.52922864451,
    -3.798330680542));
#669 = CARTESIAN_POINT('',(0.245271949588,-18.51770119292,
    -3.790534164564));
#670 = CARTESIAN_POINT('',(0.184813896114,-18.50890130619,
    -3.784560412965));
#671 = CARTESIAN_POINT('',(0.123552311547,-18.50297375844,
    -3.780528844693));
#672 = CARTESIAN_POINT('',(6.183211777411E-02,-18.5,-3.778506750704));
#673 = CARTESIAN_POINT('',(-0.102323861583,-18.5,-3.778506750704));
#674 = CARTESIAN_POINT('',(-0.203661625117,-18.50814363181,
    -3.784044831609));
#675 = CARTESIAN_POINT('',(-0.30286859873,-18.52414750656,
    -3.794928791932));
#676 = CARTESIAN_POINT('',(-0.398833500535,-18.547466968,-3.810706840688
    ));
#677 = CARTESIAN_POINT('',(-0.490508288227,-18.57728884329,
    -3.830682011452));
#678 = CARTESIAN_POINT('',(-0.576940781611,-18.61250813623,
    -3.853946315537));
#679 = CARTESIAN_POINT('',(-0.698803011684,-18.67191672368,
    -3.892593703336));
#680 = CARTESIAN_POINT('',(-0.738921107403,-18.69331827845,
    -3.906422089962));
#681 = CARTESIAN_POINT('',(-0.777674252346,-18.71579452943,
    -3.920835363737));
#682 = CARTESIAN_POINT('',(-0.815076175034,-18.73925525089,
    -3.935755674269));
#683 = CARTESIAN_POINT('',(-0.851144019892,-18.76361864254,
    -3.951111769572));
#684 = CARTESIAN_POINT('',(-0.885897921774,-18.78881118269,
    -3.966839014409));
#685 = CARTESIAN_POINT('',(-0.94740657087,-18.83652218155,
    -3.996323311784));
#686 = CARTESIAN_POINT('',(-0.974550426985,-18.85881726031,
    -4.009989519277));
#687 = CARTESIAN_POINT('',(-1.000807868879,-18.8816168506,
    -4.023845510186));
#688 = CARTESIAN_POINT('',(-1.02619464171,-18.90488898396,
    -4.037861680632));
#689 = CARTESIAN_POINT('',(-1.050726515735,-18.92860559065,
    -4.052011343795));
#690 = CARTESIAN_POINT('',(-1.074419286312,-18.95274249965,
    -4.066270729915));
#691 = CARTESIAN_POINT('',(-1.167943281602,-19.0530854809,
    -4.124947438613));
#692 = CARTESIAN_POINT('',(-1.230813765702,-19.13278983136,
    -4.17017053654));
#693 = CARTESIAN_POINT('',(-1.286217562694,-19.2156890425,
    -4.215601221261));
#694 = CARTESIAN_POINT('',(-1.334436832632,-19.30129318469,
    -4.260730469894));
#695 = CARTESIAN_POINT('',(-1.375682621245,-19.38927806371,
    -4.305177427389));
#696 = CARTESIAN_POINT('',(-1.410059764314,-19.4794368454,
    -4.348645256306));
#697 = CARTESIAN_POINT('',(-1.467443596988,-19.67200715043,
    -4.436868534633));
#698 = CARTESIAN_POINT('',(-1.489151886433,-19.77473343532,
    -4.48136741718));
#699 = CARTESIAN_POINT('',(-1.50256092717,-19.87939326652,
    -4.523952463296));
#700 = CARTESIAN_POINT('',(-1.507478583432,-19.98558823482,
    -4.564265588186));
#701 = CARTESIAN_POINT('',(-1.503616507968,-20.09290093996,
    -4.602007245414));
#702 = CARTESIAN_POINT('',(-1.490582257535,-20.20084867443,
    -4.636938512955));
#703 = CARTESIAN_POINT('',(-1.457126403558,-20.35986483159,
    -4.684000113722));
#704 = CARTESIAN_POINT('',(-1.444228860557,-20.41089162637,
    -4.698435213886));
#705 = CARTESIAN_POINT('',(-1.429123456908,-20.46182781663,
    -4.712179281239));
#706 = CARTESIAN_POINT('',(-1.411761054707,-20.51258569881,
    -4.725215626192));
#707 = CARTESIAN_POINT('',(-1.392091431962,-20.56306990884,
    -4.737532926329));
#708 = CARTESIAN_POINT('',(-1.370063247261,-20.613176849,-4.749125732964
    ));
#709 = CARTESIAN_POINT('',(-1.313236244659,-20.72854869237,
    -4.774399290076));
#710 = CARTESIAN_POINT('',(-1.276605520565,-20.79346093716,
    -4.787536946567));
#711 = CARTESIAN_POINT('',(-1.235627171847,-20.85722162365,
    -4.79939749239));
#712 = CARTESIAN_POINT('',(-1.190214376265,-20.91949021985,
    -4.809995714709));
#713 = CARTESIAN_POINT('',(-1.140300625933,-20.97989414404,
    -4.819370113141));
#714 = CARTESIAN_POINT('',(-1.085842203594,-21.03802802146,
    -4.827581370247));
#715 = CARTESIAN_POINT('',(-0.96192726162,-21.15439189738,
    -4.842549558706));
#716 = CARTESIAN_POINT('',(-0.891421358377,-21.21214594573,
    -4.849092088454));
#717 = CARTESIAN_POINT('',(-0.815444964574,-21.26592850937,
    -4.854412891347));
#718 = CARTESIAN_POINT('',(-0.734251908785,-21.31497356998,
    -4.858644019222));
#719 = CARTESIAN_POINT('',(-0.64820484412,-21.35854770806,
    -4.861946478357));
#720 = CARTESIAN_POINT('',(-0.557772259605,-21.3959621432,
    -4.864481612144));
#721 = CARTESIAN_POINT('',(-0.400693525078,-21.4470001179,-4.8676497474)
  );
#722 = CARTESIAN_POINT('',(-0.336217536592,-21.46437998902,
    -4.868633728333));
#723 = CARTESIAN_POINT('',(-0.27038932101,-21.47850875874,
    -4.869373053787));
#724 = CARTESIAN_POINT('',(-0.20352032673,-21.48922152094,
    -4.869901618743));
#725 = CARTESIAN_POINT('',(-0.135937943353,-21.49640525693,
    -4.870245097211));
#726 = CARTESIAN_POINT('',(-6.798178939585E-02,-21.5,-4.870417453503));
#727 = CARTESIAN_POINT('',(9.964272073862E-02,-21.5,-4.870417453503));
#728 = CARTESIAN_POINT('',(0.199113765358,-21.49227765476,
    -4.870047632304));
#729 = CARTESIAN_POINT('',(0.29739565881,-21.47688110363,-4.869310790229
    ));
#730 = CARTESIAN_POINT('',(0.393491380351,-21.45408024314,
    -4.868146555781));
#731 = CARTESIAN_POINT('',(0.486468593439,-21.42435735205,
    -4.866437357789));
#732 = CARTESIAN_POINT('',(0.575501276528,-21.38839216056,
    -4.864037674452));
#733 = CARTESIAN_POINT('',(0.713037243414,-21.32101398562,
    -4.858805391239));
#734 = CARTESIAN_POINT('',(0.764395399945,-21.29282248919,
    -4.856460365774));
#735 = CARTESIAN_POINT('',(0.81389277883,-21.26262884956,-4.853756414547
    ));
#736 = CARTESIAN_POINT('',(0.861453381169,-21.23059821318,
    -4.850658239793));
#737 = CARTESIAN_POINT('',(0.90701549082,-21.19689810003,-4.847132480323
    ));
#738 = CARTESIAN_POINT('',(0.950531510517,-21.16169760587,
    -4.843149877534));
#739 = CARTESIAN_POINT('',(1.047080687832,-21.07657805607,
    -4.832752118442));
#740 = CARTESIAN_POINT('',(1.098518530357,-21.0256323047,-4.825967634375
    ));
#741 = CARTESIAN_POINT('',(1.146276350621,-20.97266148716,
    -4.818270628124));
#742 = CARTESIAN_POINT('',(1.190369417328,-20.91797709156,
    -4.809610522163));
#743 = CARTESIAN_POINT('',(1.230831617868,-20.86186998325,-4.79995113132
    ));
#744 = CARTESIAN_POINT('',(1.267713833342,-20.80461043074,
    -4.789272271559));
#745 = CARTESIAN_POINT('',(1.360193306886,-20.64341583155,
    -4.756843664601));
#746 = CARTESIAN_POINT('',(1.408245021399,-20.53760790118,
    -4.732919864598));
#747 = CARTESIAN_POINT('',(1.445771687907,-20.43015848297,
    -4.705735802759));
#748 = CARTESIAN_POINT('',(1.473274677457,-20.32197539622,
    -4.675347161642));
#749 = CARTESIAN_POINT('',(1.491213297572,-20.21380490897,
    -4.641914510255));
#750 = CARTESIAN_POINT('',(1.5,-20.10628684131,-4.605689839135));
#751 = CARTESIAN_POINT('',(1.5,-20.,-4.567004592602));
#752 = FACE_BOUND('',#753,.F.);
#753 = EDGE_LOOP('',(#754));
#754 = ORIENTED_EDGE('',*,*,#755,.F.);
#755 = EDGE_CURVE('',#756,#756,#758,.T.);
#756 = VERTEX_POINT('',#757);
#757 = CARTESIAN_POINT('',(3.1,-27.,-8.003964392233));
#758 = B_SPLINE_CURVE_WITH_KNOTS('',7,(#759,#760,#761,#762,#763,#764,
    #765,#766,#767,#768,#769,#770,#771,#772,#773,#774,#775,#776,#777,
    #778,#779,#780,#781,#782,#783,#784,#785,#786,#787,#788,#789,#790,
    #791,#792,#793,#794,#795,#796,#797,#798,#799,#800,#801,#802,#803,
    #804,#805,#806,#807,#808,#809,#810,#811,#812,#813,#814,#815,#816,
    #817,#818,#819,#820,#821,#822,#823,#824,#825,#826,#827,#828,#829,
    #830,#831,#832,#833,#834,#835,#836,#837,#838,#839,#840,#841,#842,
    #843,#844,#845,#846,#847,#848,#849,#850,#851,#852,#853,#854,#855,
    #856),.UNSPECIFIED.,.T.,.F.,(8,6,6,6,6,6,6,6,6,6,6,6,6,6,6,6,8),(0.,
    0.10360649355,0.178714694519,0.228577489407,0.27563970566,
    0.321742528436,0.372745113318,0.445954216853,0.548103239747,
    0.587606355089,0.666748373993,0.716524023303,0.77178055885,
    0.814889386802,0.863047922538,0.94133937761,1.),.UNSPECIFIED.);
#759 = CARTESIAN_POINT('',(3.1,-27.,-8.003964392233));
#760 = CARTESIAN_POINT('',(3.1,-26.75626601631,-7.915252477094));
#761 = CARTESIAN_POINT('',(3.076898246209,-26.52201992618,
    -7.810876303203));
#762 = CARTESIAN_POINT('',(3.033927105419,-26.2971022817,-7.693455288941
    ));
#763 = CARTESIAN_POINT('',(2.97294378361,-26.08116142068,-7.565828862597
    ));
#764 = CARTESIAN_POINT('',(2.895031234262,-25.87388511541,
    -7.430567592819));
#765 = CARTESIAN_POINT('',(2.800588131831,-25.67508240158,
    -7.289952065072));
#766 = CARTESIAN_POINT('',(2.608566131329,-25.34693377999,
    -7.041949850315));
#767 = CARTESIAN_POINT('',(2.51910140211,-25.21370553864,-6.936198937749
    ));
#768 = CARTESIAN_POINT('',(2.420498532333,-25.08469341248,
    -6.829406607245));
#769 = CARTESIAN_POINT('',(2.312076957288,-24.95974454021,
    -6.722091470992));
#770 = CARTESIAN_POINT('',(2.192939645398,-24.83908621181,
    -6.615003797079));
#771 = CARTESIAN_POINT('',(2.062073212203,-24.72340743144,
    -6.509300142838));
#772 = CARTESIAN_POINT('',(1.823115316606,-24.54129224825,
    -6.338581980973));
#773 = CARTESIAN_POINT('',(1.722083752749,-24.47132019684,
    -6.271783020615));
#774 = CARTESIAN_POINT('',(1.61475792272,-24.40418804607,-6.206597531927
    ));
#775 = CARTESIAN_POINT('',(1.50052978141,-24.34028486347,-6.143532394499
    ));
#776 = CARTESIAN_POINT('',(1.378822023274,-24.28023894067,
    -6.083337217259));
#777 = CARTESIAN_POINT('',(1.249123906996,-24.2249274565,-6.027026572431
    ));
#778 = CARTESIAN_POINT('',(0.980691871026,-24.12884231677,
    -5.927629172713));
#779 = CARTESIAN_POINT('',(0.841031878973,-24.08676658059,
    -5.883294578985));
#780 = CARTESIAN_POINT('',(0.693438523387,-24.0512585348,-5.84499227248)
  );
#781 = CARTESIAN_POINT('',(0.539336915997,-24.02387175786,
    -5.814465325959));
#782 = CARTESIAN_POINT('',(0.380196106468,-24.0057750679,-5.793053255615
    ));
#783 = CARTESIAN_POINT('',(0.217528052542,-23.99778357359,-5.78166572044
    ));
#784 = CARTESIAN_POINT('',(-0.108415460421,-24.00290390346,
    -5.779897213114));
#785 = CARTESIAN_POINT('',(-0.267470048302,-24.01552376858,
    -5.789115180737));
#786 = CARTESIAN_POINT('',(-0.422860639304,-24.03773581877,-5.8079328657
    ));
#787 = CARTESIAN_POINT('',(-0.573195962682,-24.06873664546,
    -5.835463279093));
#788 = CARTESIAN_POINT('',(-0.717127619157,-24.10739922993,
    -5.87043885841));
#789 = CARTESIAN_POINT('',(-0.853352788217,-24.15224167811,
    -5.911238739032));
#790 = CARTESIAN_POINT('',(-1.121393196368,-24.25573810595,
    -6.005371593359));
#791 = CARTESIAN_POINT('',(-1.253284911701,-24.31615854177,
    -6.060307973393));
#792 = CARTESIAN_POINT('',(-1.376725858399,-24.38142634333,
    -6.119338581612));
#793 = CARTESIAN_POINT('',(-1.492267427228,-24.45062001767,
    -6.181368312141));
#794 = CARTESIAN_POINT('',(-1.600529138253,-24.52308898134,
    -6.24559141908));
#795 = CARTESIAN_POINT('',(-1.702157937411,-24.59844347068,
    -6.311463804628));
#796 = CARTESIAN_POINT('',(-1.93506004404,-24.78867797227,
    -6.475123073334));
#797 = CARTESIAN_POINT('',(-2.06007425161,-24.90656375685,
    -6.574388294059));
#798 = CARTESIAN_POINT('',(-2.173778613119,-25.02911262637,
    -6.674881192537));
#799 = CARTESIAN_POINT('',(-2.277090353671,-25.15571745955,
    -6.775522208974));
#800 = CARTESIAN_POINT('',(-2.370805592763,-25.2861796033,-6.87558770612
    ));
#801 = CARTESIAN_POINT('',(-2.455513132339,-25.42063166973,
    -6.974556349889));
#802 = CARTESIAN_POINT('',(-2.637559076643,-25.75318692811,
    -7.207831446093));
#803 = CARTESIAN_POINT('',(-2.72656485422,-25.95527897933,
    -7.340528092378));
#804 = CARTESIAN_POINT('',(-2.798668093221,-26.16546043189,
    -7.467800624403));
#805 = CARTESIAN_POINT('',(-2.853397673555,-26.38368997167,
    -7.587434568348));
#806 = CARTESIAN_POINT('',(-2.88969513199,-26.61004974983,
    -7.697117465199));
#807 = CARTESIAN_POINT('',(-2.905795829289,-26.84464188769,
    -7.794490670169));
#808 = CARTESIAN_POINT('',(-2.895995845826,-27.18117459101,
    -7.909667996256));
#809 = CARTESIAN_POINT('',(-2.889801449297,-27.27611816152,
    -7.939607230419));
#810 = CARTESIAN_POINT('',(-2.879992713848,-27.37201044666,
    -7.967213764834));
#811 = CARTESIAN_POINT('',(-2.866420173912,-27.46870231999,
    -7.992367708225));
#812 = CARTESIAN_POINT('',(-2.848934913119,-27.56603874883,
    -8.01498343248));
#813 = CARTESIAN_POINT('',(-2.827385674915,-27.66385741988,
    -8.035011768598));
#814 = CARTESIAN_POINT('',(-2.749987988776,-27.95858456726,
    -8.087362986176));
#815 = CARTESIAN_POINT('',(-2.681500816674,-28.15612062616,
    -8.111800867871));
#816 = CARTESIAN_POINT('',(-2.595108480762,-28.35277603127,
    -8.125646035641));
#817 = CARTESIAN_POINT('',(-2.489923742847,-28.54651395295,
    -8.129516873979));
#818 = CARTESIAN_POINT('',(-2.365301955066,-28.73494315117,
    -8.124750404071));
#819 = CARTESIAN_POINT('',(-2.220995263026,-28.9153129056,
    -8.113252512235));
#820 = CARTESIAN_POINT('',(-1.954471049306,-29.19113667391,
    -8.087116896451));
#821 = CARTESIAN_POINT('',(-1.843759232368,-29.29343772348,
    -8.075211001509));
#822 = CARTESIAN_POINT('',(-1.725286211063,-29.39077874657,
    -8.062024501444));
#823 = CARTESIAN_POINT('',(-1.599169642082,-29.48237135135,
    -8.048140553809));
#824 = CARTESIAN_POINT('',(-1.465605352861,-29.56740630228,
    -8.034165662387));
#825 = CARTESIAN_POINT('',(-1.324872357835,-29.64505669938,
    -8.020704085432));
#826 = CARTESIAN_POINT('',(-1.013558104367,-29.7915500673,
    -7.994598116693));
#827 = CARTESIAN_POINT('',(-0.840989072693,-29.85867344564,
    -7.982172810509));
#828 = CARTESIAN_POINT('',(-0.660971886018,-29.91417849808,
    -7.971935263536));
#829 = CARTESIAN_POINT('',(-0.475080548303,-29.95677426843,
    -7.964677775872));
#830 = CARTESIAN_POINT('',(-0.285055655565,-29.98555357176,
    -7.96098263058));
#831 = CARTESIAN_POINT('',(-9.273770231418E-02,-30.,-7.961155864582));
#832 = CARTESIAN_POINT('',(0.250365859292,-30.,-7.968387444597));
#833 = CARTESIAN_POINT('',(0.400515755483,-29.99120726213,-7.9739137821)
  );
#834 = CARTESIAN_POINT('',(0.549517641502,-29.9736672611,-7.981779002291
    ));
#835 = CARTESIAN_POINT('',(0.696449410268,-29.94758999206,-7.99185475481
    ));
#836 = CARTESIAN_POINT('',(0.840421181921,-29.9133465705,-8.003903584176
    ));
#837 = CARTESIAN_POINT('',(0.980596689167,-29.87146745696,
    -8.017594345645));
#838 = CARTESIAN_POINT('',(1.267716826298,-29.76809784699,
    -8.049219411841));
#839 = CARTESIAN_POINT('',(1.413593114925,-29.70486243757,-8.06746949756
    ));
#840 = CARTESIAN_POINT('',(1.553360944195,-29.63367226565,
    -8.086800089108));
#841 = CARTESIAN_POINT('',(1.686618761253,-29.55527685302,
    -8.106673437274));
#842 = CARTESIAN_POINT('',(1.81304467496,-29.4704358978,-8.126521054865)
  );
#843 = CARTESIAN_POINT('',(1.932395988038,-29.379916116,-8.145768568588)
  );
#844 = CARTESIAN_POINT('',(2.226770700118,-29.12935048533,
    -8.193272785579));
#845 = CARTESIAN_POINT('',(2.390620281845,-28.96062909217,-8.21974807964
    ));
#846 = CARTESIAN_POINT('',(2.535251374486,-28.78130579604,
    -8.240890844447));
#847 = CARTESIAN_POINT('',(2.660501379478,-28.59423705015,
    -8.254398562648));
#848 = CARTESIAN_POINT('',(2.766715052054,-28.40197014459,
    -8.258339562039));
#849 = CARTESIAN_POINT('',(2.854539240765,-28.2066686933,-8.251414935961
    ));
#850 = CARTESIAN_POINT('',(2.977442730092,-27.86299703007,
    -8.219249848711));
#851 = CARTESIAN_POINT('',(3.020053779744,-27.71561911523,
    -8.199082409221));
#852 = CARTESIAN_POINT('',(3.053110671407,-27.56882002072,
    -8.172344883546));
#853 = CARTESIAN_POINT('',(3.077112320481,-27.42326187062,
    -8.139079224299));
#854 = CARTESIAN_POINT('',(3.092566072132,-27.27954771855,
    -8.099559633278));
#855 = CARTESIAN_POINT('',(3.1,-27.13825905331,-8.054286572257));
#856 = CARTESIAN_POINT('',(3.1,-27.,-8.003964392233));
#857 = CYLINDRICAL_SURFACE('',#858,5.05);
#858 = AXIS2_PLACEMENT_3D('',#859,#860,#861);
#859 = CARTESIAN_POINT('',(0.,-106.,-41.));
#860 = DIRECTION('',(-0.,-0.939692620786,-0.342020143326));
#861 = DIRECTION('',(1.,0.,0.));
#862 = ADVANCED_FACE('',(#863),#891,.F.);
#863 = FACE_BOUND('',#864,.F.);
#864 = EDGE_LOOP('',(#865,#866,#867,#876,#885));
#865 = ORIENTED_EDGE('',*,*,#291,.F.);
#866 = ORIENTED_EDGE('',*,*,#438,.F.);
#867 = ORIENTED_EDGE('',*,*,#868,.T.);
#868 = EDGE_CURVE('',#439,#869,#871,.T.);
#869 = VERTEX_POINT('',#870);
#870 = CARTESIAN_POINT('',(24.2,-6.E-15,-9.003521874547));
#871 = CIRCLE('',#872,24.2);
#872 = AXIS2_PLACEMENT_3D('',#873,#874,#875);
#873 = CARTESIAN_POINT('',(0.,0.,-9.003521874547));
#874 = DIRECTION('',(0.,0.,1.));
#875 = DIRECTION('',(1.,0.,0.));
#876 = ORIENTED_EDGE('',*,*,#877,.T.);
#877 = EDGE_CURVE('',#869,#878,#880,.T.);
#878 = VERTEX_POINT('',#879);
#879 = CARTESIAN_POINT('',(21.07142926748,11.901044854364,
    -9.003521874547));
#880 = CIRCLE('',#881,24.2);
#881 = AXIS2_PLACEMENT_3D('',#882,#883,#884);
#882 = CARTESIAN_POINT('',(0.,0.,-9.003521874547));
#883 = DIRECTION('',(0.,0.,1.));
#884 = DIRECTION('',(1.,0.,0.));
#885 = ORIENTED_EDGE('',*,*,#886,.T.);
#886 = EDGE_CURVE('',#878,#283,#887,.T.);
#887 = LINE('',#888,#889);
#888 = CARTESIAN_POINT('',(21.07142926748,11.901044854364,-37.202));
#889 = VECTOR('',#890,1.);
#890 = DIRECTION('',(0.,0.,1.));
#891 = CYLINDRICAL_SURFACE('',#892,24.2);
#892 = AXIS2_PLACEMENT_3D('',#893,#894,#895);
#893 = CARTESIAN_POINT('',(0.,0.,1.712172582746));
#894 = DIRECTION('',(0.,0.,1.));
#895 = DIRECTION('',(1.,0.,0.));
#896 = ADVANCED_FACE('',(#897),#923,.T.);
#897 = FACE_BOUND('',#898,.T.);
#898 = EDGE_LOOP('',(#899,#915,#921,#922));
#899 = ORIENTED_EDGE('',*,*,#900,.F.);
#900 = EDGE_CURVE('',#901,#468,#903,.T.);
#901 = VERTEX_POINT('',#902);
#902 = CARTESIAN_POINT('',(-17.41939057054,-12.68993213556,
    -11.09467812773));
#903 = B_SPLINE_CURVE_WITH_KNOTS('',3,(#904,#905,#906,#907,#908,#909,
    #910,#911,#912,#913,#914),.UNSPECIFIED.,.F.,.F.,(4,1,1,1,1,1,1,1,4),
  (3.1165611733E-07,1.616604261246E-03,3.232896866375E-03,
    4.849189471503E-03,6.465482076632E-03,8.081774681761E-03,
    9.698067286889E-03,1.131435989202E-02,1.293065249715E-02),
  .UNSPECIFIED.);
#904 = CARTESIAN_POINT('',(-17.41939057054,-12.68993213556,
    -11.09467812773));
#905 = CARTESIAN_POINT('',(-17.07364151702,-12.43721767951,
    -11.43282317249));
#906 = CARTESIAN_POINT('',(-16.31721508282,-12.04596454208,
    -12.09802820365));
#907 = CARTESIAN_POINT('',(-14.98955825887,-11.82282487277,
    -13.04203997114));
#908 = CARTESIAN_POINT('',(-13.54059509026,-12.06342378336,
    -13.80651089595));
#909 = CARTESIAN_POINT('',(-12.11934241944,-12.92414380104,
    -14.14363416873));
#910 = CARTESIAN_POINT('',(-11.16886820975,-14.28234485461,
    -13.80967801523));
#911 = CARTESIAN_POINT('',(-10.83266082242,-15.71758761851,
    -13.04368015013));
#912 = CARTESIAN_POINT('',(-10.96628455006,-17.04929562884,
    -12.1061744684));
#913 = CARTESIAN_POINT('',(-11.3109189738,-17.83961580053,
    -11.43291359977));
#914 = CARTESIAN_POINT('',(-11.54088631473,-18.20102987539,
    -11.09467812773));
#915 = ORIENTED_EDGE('',*,*,#916,.T.);
#916 = EDGE_CURVE('',#901,#59,#917,.T.);
#917 = LINE('',#918,#919);
#918 = CARTESIAN_POINT('',(-17.41939057054,-12.68993213556,-37.202));
#919 = VECTOR('',#920,1.);
#920 = DIRECTION('',(0.,0.,1.));
#921 = ORIENTED_EDGE('',*,*,#58,.T.);
#922 = ORIENTED_EDGE('',*,*,#476,.F.);
#923 = CYLINDRICAL_SURFACE('',#924,4.1);
#924 = AXIS2_PLACEMENT_3D('',#925,#926,#927);
#925 = CARTESIAN_POINT('',(-15.,-16.,-37.202));
#926 = DIRECTION('',(0.,0.,1.));
#927 = DIRECTION('',(1.,0.,0.));
#928 = ADVANCED_FACE('',(#929),#950,.F.);
#929 = FACE_BOUND('',#930,.F.);
#930 = EDGE_LOOP('',(#931,#932,#933,#944));
#931 = ORIENTED_EDGE('',*,*,#282,.T.);
#932 = ORIENTED_EDGE('',*,*,#886,.F.);
#933 = ORIENTED_EDGE('',*,*,#934,.F.);
#934 = EDGE_CURVE('',#935,#878,#937,.T.);
#935 = VERTEX_POINT('',#936);
#936 = CARTESIAN_POINT('',(17.419390570546,12.689932135567,
    -11.09467812773));
#937 = B_SPLINE_CURVE_WITH_KNOTS('',3,(#938,#939,#940,#941,#942,#943),
  .UNSPECIFIED.,.F.,.F.,(4,1,1,4),(3.116773432E-07,2.38659292824E-03,
    3.579733553689E-03,4.772874179138E-03),.UNSPECIFIED.);
#938 = CARTESIAN_POINT('',(17.419390570546,12.689932135567,
    -11.09467812773));
#939 = CARTESIAN_POINT('',(17.929822868245,13.063016657859,
    -10.59547169348));
#940 = CARTESIAN_POINT('',(18.901149247601,13.342352267371,
    -9.850804644419));
#941 = CARTESIAN_POINT('',(20.307428211693,12.841789864296,
    -9.146316186365));
#942 = CARTESIAN_POINT('',(20.87207954424,12.254004081403,
    -9.003521874547));
#943 = CARTESIAN_POINT('',(21.07142926748,11.901044854364,
    -9.003521874547));
#944 = ORIENTED_EDGE('',*,*,#945,.T.);
#945 = EDGE_CURVE('',#935,#274,#946,.T.);
#946 = LINE('',#947,#948);
#947 = CARTESIAN_POINT('',(17.419390570546,12.689932135567,-37.202));
#948 = VECTOR('',#949,1.);
#949 = DIRECTION('',(0.,0.,1.));
#950 = CYLINDRICAL_SURFACE('',#951,2.5);
#951 = AXIS2_PLACEMENT_3D('',#952,#953,#954);
#952 = CARTESIAN_POINT('',(18.894628723319,10.671598071889,-37.202));
#953 = DIRECTION('',(0.,0.,1.));
#954 = DIRECTION('',(1.,0.,0.));
#955 = ADVANCED_FACE('',(#956),#977,.F.);
#956 = FACE_BOUND('',#957,.F.);
#957 = EDGE_LOOP('',(#958,#959,#967,#976));
#958 = ORIENTED_EDGE('',*,*,#67,.T.);
#959 = ORIENTED_EDGE('',*,*,#960,.F.);
#960 = EDGE_CURVE('',#961,#68,#963,.T.);
#961 = VERTEX_POINT('',#962);
#962 = CARTESIAN_POINT('',(-21.07142926748,-11.90104485436,
    -9.003521874547));
#963 = LINE('',#964,#965);
#964 = CARTESIAN_POINT('',(-21.07142926748,-11.90104485436,-37.202));
#965 = VECTOR('',#966,1.);
#966 = DIRECTION('',(0.,0.,1.));
#967 = ORIENTED_EDGE('',*,*,#968,.F.);
#968 = EDGE_CURVE('',#901,#961,#969,.T.);
#969 = B_SPLINE_CURVE_WITH_KNOTS('',3,(#970,#971,#972,#973,#974,#975),
  .UNSPECIFIED.,.F.,.F.,(4,1,1,4),(3.116773432E-07,2.38659292824E-03,
    3.579733553689E-03,4.772874179138E-03),.UNSPECIFIED.);
#970 = CARTESIAN_POINT('',(-17.41939057054,-12.68993213556,
    -11.09467812773));
#971 = CARTESIAN_POINT('',(-17.92982286824,-13.06301665785,
    -10.59547169348));
#972 = CARTESIAN_POINT('',(-18.9011492476,-13.34235226737,
    -9.850804644419));
#973 = CARTESIAN_POINT('',(-20.30742821169,-12.84178986429,
    -9.146316186365));
#974 = CARTESIAN_POINT('',(-20.87207954424,-12.2540040814,
    -9.003521874547));
#975 = CARTESIAN_POINT('',(-21.07142926748,-11.90104485436,
    -9.003521874547));
#976 = ORIENTED_EDGE('',*,*,#916,.T.);
#977 = CYLINDRICAL_SURFACE('',#978,2.5);
#978 = AXIS2_PLACEMENT_3D('',#979,#980,#981);
#979 = CARTESIAN_POINT('',(-18.89462872331,-10.67159807188,-37.202));
#980 = DIRECTION('',(0.,0.,1.));
#981 = DIRECTION('',(1.,0.,0.));
#982 = ADVANCED_FACE('',(#983),#1009,.T.);
#983 = FACE_BOUND('',#984,.T.);
#984 = EDGE_LOOP('',(#985,#1001,#1002,#1003));
#985 = ORIENTED_EDGE('',*,*,#986,.F.);
#986 = EDGE_CURVE('',#935,#987,#989,.T.);
#987 = VERTEX_POINT('',#988);
#988 = CARTESIAN_POINT('',(11.54088631473,18.201029875395,
    -11.09467812773));
#989 = B_SPLINE_CURVE_WITH_KNOTS('',3,(#990,#991,#992,#993,#994,#995,
    #996,#997,#998,#999,#1000),.UNSPECIFIED.,.F.,.F.,(4,1,1,1,1,1,1,1,4)
  ,(3.1165611733E-07,1.616604261246E-03,3.232896866375E-03,
    4.849189471503E-03,6.465482076632E-03,8.081774681761E-03,
    9.698067286889E-03,1.131435989202E-02,1.293065249715E-02),
  .UNSPECIFIED.);
#990 = CARTESIAN_POINT('',(17.419390570546,12.689932135567,
    -11.09467812773));
#991 = CARTESIAN_POINT('',(17.073641517028,12.437217679515,
    -11.43282317249));
#992 = CARTESIAN_POINT('',(16.317215082822,12.045964542089,
    -12.09802820365));
#993 = CARTESIAN_POINT('',(14.989558258872,11.822824872774,
    -13.04203997114));
#994 = CARTESIAN_POINT('',(13.540595090261,12.063423783362,
    -13.80651089595));
#995 = CARTESIAN_POINT('',(12.119342419441,12.924143801048,
    -14.14363416873));
#996 = CARTESIAN_POINT('',(11.16886820975,14.282344854618,
    -13.80967801523));
#997 = CARTESIAN_POINT('',(10.832660822429,15.71758761851,
    -13.04368015013));
#998 = CARTESIAN_POINT('',(10.966284550068,17.049295628848,
    -12.1061744684));
#999 = CARTESIAN_POINT('',(11.310918973808,17.839615800537,
    -11.43291359977));
#1000 = CARTESIAN_POINT('',(11.54088631473,18.201029875395,
    -11.09467812773));
#1001 = ORIENTED_EDGE('',*,*,#945,.T.);
#1002 = ORIENTED_EDGE('',*,*,#273,.T.);
#1003 = ORIENTED_EDGE('',*,*,#1004,.F.);
#1004 = EDGE_CURVE('',#987,#265,#1005,.T.);
#1005 = LINE('',#1006,#1007);
#1006 = CARTESIAN_POINT('',(11.54088631473,18.201029875395,-37.202));
#1007 = VECTOR('',#1008,1.);
#1008 = DIRECTION('',(0.,0.,1.));
#1009 = CYLINDRICAL_SURFACE('',#1010,4.1);
#1010 = AXIS2_PLACEMENT_3D('',#1011,#1012,#1013);
#1011 = CARTESIAN_POINT('',(15.,16.,-37.202));
#1012 = DIRECTION('',(0.,0.,1.));
#1013 = DIRECTION('',(1.,0.,0.));
#1014 = ADVANCED_FACE('',(#1015),#1034,.F.);
#1015 = FACE_BOUND('',#1016,.F.);
#1016 = EDGE_LOOP('',(#1017,#1018,#1019,#1027));
#1017 = ORIENTED_EDGE('',*,*,#960,.T.);
#1018 = ORIENTED_EDGE('',*,*,#76,.F.);
#1019 = ORIENTED_EDGE('',*,*,#1020,.F.);
#1020 = EDGE_CURVE('',#1021,#77,#1023,.T.);
#1021 = VERTEX_POINT('',#1022);
#1022 = CARTESIAN_POINT('',(-21.07142926748,11.901044854364,
    -9.003521874547));
#1023 = LINE('',#1024,#1025);
#1024 = CARTESIAN_POINT('',(-21.07142926748,11.901044854364,-37.202));
#1025 = VECTOR('',#1026,1.);
#1026 = DIRECTION('',(0.,0.,1.));
#1027 = ORIENTED_EDGE('',*,*,#1028,.T.);
#1028 = EDGE_CURVE('',#1021,#961,#1029,.T.);
#1029 = CIRCLE('',#1030,24.2);
#1030 = AXIS2_PLACEMENT_3D('',#1031,#1032,#1033);
#1031 = CARTESIAN_POINT('',(0.,0.,-9.003521874547));
#1032 = DIRECTION('',(0.,0.,1.));
#1033 = DIRECTION('',(1.,0.,0.));
#1034 = CYLINDRICAL_SURFACE('',#1035,24.2);
#1035 = AXIS2_PLACEMENT_3D('',#1036,#1037,#1038);
#1036 = CARTESIAN_POINT('',(0.,0.,1.712172582746));
#1037 = DIRECTION('',(0.,0.,1.));
#1038 = DIRECTION('',(1.,0.,0.));
#1039 = ADVANCED_FACE('',(#1040),#1061,.F.);
#1040 = FACE_BOUND('',#1041,.F.);
#1041 = EDGE_LOOP('',(#1042,#1050,#1051,#1052));
#1042 = ORIENTED_EDGE('',*,*,#1043,.T.);
#1043 = EDGE_CURVE('',#1044,#256,#1046,.T.);
#1044 = VERTEX_POINT('',#1045);
#1045 = CARTESIAN_POINT('',(10.518268654476,21.794632929055,
    -9.003521874547));
#1046 = LINE('',#1047,#1048);
#1047 = CARTESIAN_POINT('',(10.518268654476,21.794632929055,-37.202));
#1048 = VECTOR('',#1049,1.);
#1049 = DIRECTION('',(0.,0.,1.));
#1050 = ORIENTED_EDGE('',*,*,#264,.F.);
#1051 = ORIENTED_EDGE('',*,*,#1004,.F.);
#1052 = ORIENTED_EDGE('',*,*,#1053,.T.);
#1053 = EDGE_CURVE('',#987,#1044,#1054,.T.);
#1054 = B_SPLINE_CURVE_WITH_KNOTS('',3,(#1055,#1056,#1057,#1058,#1059,
    #1060),.UNSPECIFIED.,.F.,.F.,(4,1,1,4),(2.9824594407E-07,
    2.386579209148E-03,3.57971969075E-03,4.772860172352E-03),
  .UNSPECIFIED.);
#1055 = CARTESIAN_POINT('',(11.54088631473,18.201029875395,
    -11.09467812773));
#1056 = CARTESIAN_POINT('',(11.880298456332,18.734446162509,
    -10.59547147748));
#1057 = CARTESIAN_POINT('',(12.096452064594,19.721755538063,
    -9.8508048626));
#1058 = CARTESIAN_POINT('',(11.506297155171,21.092850178185,
    -9.146316260765));
#1059 = CARTESIAN_POINT('',(10.883342177359,21.618445451853,
    -9.003521874547));
#1060 = CARTESIAN_POINT('',(10.518268654476,21.794632929055,
    -9.003521874547));
#1061 = CYLINDRICAL_SURFACE('',#1062,2.5);
#1062 = AXIS2_PLACEMENT_3D('',#1063,#1064,#1065);
#1063 = CARTESIAN_POINT('',(9.431670652981,19.543121262831,-37.202));
#1064 = DIRECTION('',(0.,0.,1.));
#1065 = DIRECTION('',(1.,0.,0.));
#1066 = ADVANCED_FACE('',(#1067),#1088,.F.);
#1067 = FACE_BOUND('',#1068,.F.);
#1068 = EDGE_LOOP('',(#1069,#1070,#1071,#1079));
#1069 = ORIENTED_EDGE('',*,*,#1020,.T.);
#1070 = ORIENTED_EDGE('',*,*,#85,.F.);
#1071 = ORIENTED_EDGE('',*,*,#1072,.F.);
#1072 = EDGE_CURVE('',#1073,#86,#1075,.T.);
#1073 = VERTEX_POINT('',#1074);
#1074 = CARTESIAN_POINT('',(-17.41939057054,12.689932135567,
    -11.09467812773));
#1075 = LINE('',#1076,#1077);
#1076 = CARTESIAN_POINT('',(-17.41939057054,12.689932135567,-37.202));
#1077 = VECTOR('',#1078,1.);
#1078 = DIRECTION('',(0.,0.,1.));
#1079 = ORIENTED_EDGE('',*,*,#1080,.T.);
#1080 = EDGE_CURVE('',#1073,#1021,#1081,.T.);
#1081 = B_SPLINE_CURVE_WITH_KNOTS('',3,(#1082,#1083,#1084,#1085,#1086,
    #1087),.UNSPECIFIED.,.F.,.F.,(4,1,1,4),(3.116773432E-07,
    2.38659292824E-03,3.579733553689E-03,4.772874179138E-03),
  .UNSPECIFIED.);
#1082 = CARTESIAN_POINT('',(-17.41939057054,12.689932135567,
    -11.09467812773));
#1083 = CARTESIAN_POINT('',(-17.92982286824,13.063016657859,
    -10.59547169348));
#1084 = CARTESIAN_POINT('',(-18.9011492476,13.342352267371,
    -9.850804644419));
#1085 = CARTESIAN_POINT('',(-20.30742821169,12.841789864296,
    -9.146316186365));
#1086 = CARTESIAN_POINT('',(-20.87207954424,12.254004081403,
    -9.003521874547));
#1087 = CARTESIAN_POINT('',(-21.07142926748,11.901044854364,
    -9.003521874547));
#1088 = CYLINDRICAL_SURFACE('',#1089,2.5);
#1089 = AXIS2_PLACEMENT_3D('',#1090,#1091,#1092);
#1090 = CARTESIAN_POINT('',(-18.89462872331,10.671598071889,-37.202));
#1091 = DIRECTION('',(0.,0.,1.));
#1092 = DIRECTION('',(1.,0.,0.));
#1093 = ADVANCED_FACE('',(#1094),#1137,.F.);
#1094 = FACE_BOUND('',#1095,.F.);
#1095 = EDGE_LOOP('',(#1096,#1104,#1105,#1106,#1115,#1121,#1122,#1130));
#1096 = ORIENTED_EDGE('',*,*,#1097,.F.);
#1097 = EDGE_CURVE('',#248,#1098,#1100,.T.);
#1098 = VERTEX_POINT('',#1099);
#1099 = CARTESIAN_POINT('',(13.326664999166,20.2,4.4));
#1100 = LINE('',#1101,#1102);
#1101 = CARTESIAN_POINT('',(13.326664999166,20.2,4.4));
#1102 = VECTOR('',#1103,1.);
#1103 = DIRECTION('',(0.,0.,1.));
#1104 = ORIENTED_EDGE('',*,*,#255,.F.);
#1105 = ORIENTED_EDGE('',*,*,#1043,.F.);
#1106 = ORIENTED_EDGE('',*,*,#1107,.T.);
#1107 = EDGE_CURVE('',#1044,#1108,#1110,.T.);
#1108 = VERTEX_POINT('',#1109);
#1109 = CARTESIAN_POINT('',(-10.51826865447,21.794632929055,
    -9.003521874547));
#1110 = CIRCLE('',#1111,24.2);
#1111 = AXIS2_PLACEMENT_3D('',#1112,#1113,#1114);
#1112 = CARTESIAN_POINT('',(0.,0.,-9.003521874547));
#1113 = DIRECTION('',(0.,0.,1.));
#1114 = DIRECTION('',(1.,0.,0.));
#1115 = ORIENTED_EDGE('',*,*,#1116,.T.);
#1116 = EDGE_CURVE('',#1108,#104,#1117,.T.);
#1117 = LINE('',#1118,#1119);
#1118 = CARTESIAN_POINT('',(-10.51826865447,21.794632929055,-37.202));
#1119 = VECTOR('',#1120,1.);
#1120 = DIRECTION('',(0.,0.,1.));
#1121 = ORIENTED_EDGE('',*,*,#112,.T.);
#1122 = ORIENTED_EDGE('',*,*,#1123,.T.);
#1123 = EDGE_CURVE('',#113,#1124,#1126,.T.);
#1124 = VERTEX_POINT('',#1125);
#1125 = CARTESIAN_POINT('',(-13.32666499916,20.2,4.4));
#1126 = LINE('',#1127,#1128);
#1127 = CARTESIAN_POINT('',(-13.32666499916,20.2,1.712172582746));
#1128 = VECTOR('',#1129,1.);
#1129 = DIRECTION('',(0.,0.,1.));
#1130 = ORIENTED_EDGE('',*,*,#1131,.F.);
#1131 = EDGE_CURVE('',#1098,#1124,#1132,.T.);
#1132 = CIRCLE('',#1133,24.2);
#1133 = AXIS2_PLACEMENT_3D('',#1134,#1135,#1136);
#1134 = CARTESIAN_POINT('',(0.,0.,4.4));
#1135 = DIRECTION('',(0.,0.,1.));
#1136 = DIRECTION('',(1.,0.,0.));
#1137 = CYLINDRICAL_SURFACE('',#1138,24.2);
#1138 = AXIS2_PLACEMENT_3D('',#1139,#1140,#1141);
#1139 = CARTESIAN_POINT('',(0.,0.,1.712172582746));
#1140 = DIRECTION('',(0.,0.,1.));
#1141 = DIRECTION('',(1.,0.,0.));
#1142 = ADVANCED_FACE('',(#1143),#1169,.T.);
#1143 = FACE_BOUND('',#1144,.T.);
#1144 = EDGE_LOOP('',(#1145,#1146,#1162,#1168));
#1145 = ORIENTED_EDGE('',*,*,#1072,.F.);
#1146 = ORIENTED_EDGE('',*,*,#1147,.T.);
#1147 = EDGE_CURVE('',#1073,#1148,#1150,.T.);
#1148 = VERTEX_POINT('',#1149);
#1149 = CARTESIAN_POINT('',(-11.54088631473,18.201029875395,
    -11.09467812773));
#1150 = B_SPLINE_CURVE_WITH_KNOTS('',3,(#1151,#1152,#1153,#1154,#1155,
    #1156,#1157,#1158,#1159,#1160,#1161),.UNSPECIFIED.,.F.,.F.,(4,1,1,1,
    1,1,1,1,4),(3.1165611733E-07,1.616604261246E-03,3.232896866375E-03,
    4.849189471503E-03,6.465482076632E-03,8.081774681761E-03,
    9.698067286889E-03,1.131435989202E-02,1.293065249715E-02),
  .UNSPECIFIED.);
#1151 = CARTESIAN_POINT('',(-17.41939057054,12.689932135567,
    -11.09467812773));
#1152 = CARTESIAN_POINT('',(-17.07364151702,12.437217679515,
    -11.43282317249));
#1153 = CARTESIAN_POINT('',(-16.31721508282,12.045964542089,
    -12.09802820365));
#1154 = CARTESIAN_POINT('',(-14.98955825887,11.822824872774,
    -13.04203997114));
#1155 = CARTESIAN_POINT('',(-13.54059509026,12.063423783362,
    -13.80651089595));
#1156 = CARTESIAN_POINT('',(-12.11934241944,12.924143801048,
    -14.14363416873));
#1157 = CARTESIAN_POINT('',(-11.16886820975,14.282344854618,
    -13.80967801523));
#1158 = CARTESIAN_POINT('',(-10.83266082242,15.71758761851,
    -13.04368015013));
#1159 = CARTESIAN_POINT('',(-10.96628455006,17.049295628848,
    -12.1061744684));
#1160 = CARTESIAN_POINT('',(-11.3109189738,17.839615800537,
    -11.43291359977));
#1161 = CARTESIAN_POINT('',(-11.54088631473,18.201029875395,
    -11.09467812773));
#1162 = ORIENTED_EDGE('',*,*,#1163,.T.);
#1163 = EDGE_CURVE('',#1148,#95,#1164,.T.);
#1164 = LINE('',#1165,#1166);
#1165 = CARTESIAN_POINT('',(-11.54088631473,18.201029875395,-37.202));
#1166 = VECTOR('',#1167,1.);
#1167 = DIRECTION('',(0.,0.,1.));
#1168 = ORIENTED_EDGE('',*,*,#94,.F.);
#1169 = CYLINDRICAL_SURFACE('',#1170,4.1);
#1170 = AXIS2_PLACEMENT_3D('',#1171,#1172,#1173);
#1171 = CARTESIAN_POINT('',(-15.,16.,-37.202));
#1172 = DIRECTION('',(0.,0.,1.));
#1173 = DIRECTION('',(1.,0.,0.));
#1174 = ADVANCED_FACE('',(#1175),#1193,.T.);
#1175 = FACE_BOUND('',#1176,.T.);
#1176 = EDGE_LOOP('',(#1177,#1185,#1191,#1192));
#1177 = ORIENTED_EDGE('',*,*,#1178,.F.);
#1178 = EDGE_CURVE('',#1179,#240,#1181,.T.);
#1179 = VERTEX_POINT('',#1180);
#1180 = CARTESIAN_POINT('',(20.082842712475,20.2,4.4));
#1181 = LINE('',#1182,#1183);
#1182 = CARTESIAN_POINT('',(20.082842712475,20.2,298.67640311723));
#1183 = VECTOR('',#1184,1.);
#1184 = DIRECTION('',(0.,0.,-1.));
#1185 = ORIENTED_EDGE('',*,*,#1186,.T.);
#1186 = EDGE_CURVE('',#1179,#1098,#1187,.T.);
#1187 = LINE('',#1188,#1189);
#1188 = CARTESIAN_POINT('',(-3.E-17,20.2,4.4));
#1189 = VECTOR('',#1190,1.);
#1190 = DIRECTION('',(-1.,-1.7E-16,0.));
#1191 = ORIENTED_EDGE('',*,*,#1097,.F.);
#1192 = ORIENTED_EDGE('',*,*,#247,.F.);
#1193 = PLANE('',#1194);
#1194 = AXIS2_PLACEMENT_3D('',#1195,#1196,#1197);
#1195 = CARTESIAN_POINT('',(-3.E-17,20.2,298.67640311723));
#1196 = DIRECTION('',(1.7E-16,-1.,0.));
#1197 = DIRECTION('',(1.,1.7E-16,0.));
#1198 = ADVANCED_FACE('',(#1199),#1213,.F.);
#1199 = FACE_BOUND('',#1200,.F.);
#1200 = EDGE_LOOP('',(#1201,#1202,#1203,#1212));
#1201 = ORIENTED_EDGE('',*,*,#103,.T.);
#1202 = ORIENTED_EDGE('',*,*,#1116,.F.);
#1203 = ORIENTED_EDGE('',*,*,#1204,.F.);
#1204 = EDGE_CURVE('',#1148,#1108,#1205,.T.);
#1205 = B_SPLINE_CURVE_WITH_KNOTS('',3,(#1206,#1207,#1208,#1209,#1210,
    #1211),.UNSPECIFIED.,.F.,.F.,(4,1,1,4),(2.9824594407E-07,
    2.386579209148E-03,3.57971969075E-03,4.772860172352E-03),
  .UNSPECIFIED.);
#1206 = CARTESIAN_POINT('',(-11.54088631473,18.201029875395,
    -11.09467812773));
#1207 = CARTESIAN_POINT('',(-11.88029845633,18.734446162509,
    -10.59547147748));
#1208 = CARTESIAN_POINT('',(-12.09645206459,19.721755538063,
    -9.8508048626));
#1209 = CARTESIAN_POINT('',(-11.50629715517,21.092850178185,
    -9.146316260765));
#1210 = CARTESIAN_POINT('',(-10.88334217735,21.618445451853,
    -9.003521874547));
#1211 = CARTESIAN_POINT('',(-10.51826865447,21.794632929055,
    -9.003521874547));
#1212 = ORIENTED_EDGE('',*,*,#1163,.T.);
#1213 = CYLINDRICAL_SURFACE('',#1214,2.5);
#1214 = AXIS2_PLACEMENT_3D('',#1215,#1216,#1217);
#1215 = CARTESIAN_POINT('',(-9.431670652981,19.543121262831,-37.202));
#1216 = DIRECTION('',(0.,0.,1.));
#1217 = DIRECTION('',(1.,0.,0.));
#1218 = ADVANCED_FACE('',(#1219),#1237,.T.);
#1219 = FACE_BOUND('',#1220,.T.);
#1220 = EDGE_LOOP('',(#1221,#1229,#1235,#1236));
#1221 = ORIENTED_EDGE('',*,*,#1222,.F.);
#1222 = EDGE_CURVE('',#1223,#232,#1225,.T.);
#1223 = VERTEX_POINT('',#1224);
#1224 = CARTESIAN_POINT('',(30.2,10.082842712475,4.4));
#1225 = LINE('',#1226,#1227);
#1226 = CARTESIAN_POINT('',(30.2,10.082842712475,298.67640311723));
#1227 = VECTOR('',#1228,1.);
#1228 = DIRECTION('',(0.,0.,-1.));
#1229 = ORIENTED_EDGE('',*,*,#1230,.T.);
#1230 = EDGE_CURVE('',#1223,#1179,#1231,.T.);
#1231 = LINE('',#1232,#1233);
#1232 = CARTESIAN_POINT('',(25.141421356237,15.141421356237,4.4));
#1233 = VECTOR('',#1234,1.);
#1234 = DIRECTION('',(-0.707106781187,0.707106781187,0.));
#1235 = ORIENTED_EDGE('',*,*,#1178,.T.);
#1236 = ORIENTED_EDGE('',*,*,#239,.F.);
#1237 = PLANE('',#1238);
#1238 = AXIS2_PLACEMENT_3D('',#1239,#1240,#1241);
#1239 = CARTESIAN_POINT('',(25.141421356237,15.141421356237,
    298.67640311723));
#1240 = DIRECTION('',(-0.707106781187,-0.707106781187,0.));
#1241 = DIRECTION('',(0.707106781187,-0.707106781187,0.));
#1242 = ADVANCED_FACE('',(#1243),#1261,.T.);
#1243 = FACE_BOUND('',#1244,.T.);
#1244 = EDGE_LOOP('',(#1245,#1253,#1259,#1260));
#1245 = ORIENTED_EDGE('',*,*,#1246,.F.);
#1246 = EDGE_CURVE('',#1247,#224,#1249,.T.);
#1247 = VERTEX_POINT('',#1248);
#1248 = CARTESIAN_POINT('',(30.2,-10.08284271247,4.4));
#1249 = LINE('',#1250,#1251);
#1250 = CARTESIAN_POINT('',(30.2,-10.08284271247,298.67640311723));
#1251 = VECTOR('',#1252,1.);
#1252 = DIRECTION('',(0.,0.,-1.));
#1253 = ORIENTED_EDGE('',*,*,#1254,.T.);
#1254 = EDGE_CURVE('',#1247,#1223,#1255,.T.);
#1255 = LINE('',#1256,#1257);
#1256 = CARTESIAN_POINT('',(30.2,0.,4.4));
#1257 = VECTOR('',#1258,1.);
#1258 = DIRECTION('',(0.,1.,0.));
#1259 = ORIENTED_EDGE('',*,*,#1222,.T.);
#1260 = ORIENTED_EDGE('',*,*,#231,.F.);
#1261 = PLANE('',#1262);
#1262 = AXIS2_PLACEMENT_3D('',#1263,#1264,#1265);
#1263 = CARTESIAN_POINT('',(30.2,0.,298.67640311723));
#1264 = DIRECTION('',(-1.,0.,0.));
#1265 = DIRECTION('',(0.,0.,1.));
#1266 = ADVANCED_FACE('',(#1267),#1285,.T.);
#1267 = FACE_BOUND('',#1268,.T.);
#1268 = EDGE_LOOP('',(#1269,#1270,#1278,#1284));
#1269 = ORIENTED_EDGE('',*,*,#1123,.T.);
#1270 = ORIENTED_EDGE('',*,*,#1271,.T.);
#1271 = EDGE_CURVE('',#1124,#1272,#1274,.T.);
#1272 = VERTEX_POINT('',#1273);
#1273 = CARTESIAN_POINT('',(-20.08284271247,20.2,4.4));
#1274 = LINE('',#1275,#1276);
#1275 = CARTESIAN_POINT('',(-3.E-17,20.2,4.4));
#1276 = VECTOR('',#1277,1.);
#1277 = DIRECTION('',(-1.,-1.7E-16,0.));
#1278 = ORIENTED_EDGE('',*,*,#1279,.T.);
#1279 = EDGE_CURVE('',#1272,#122,#1280,.T.);
#1280 = LINE('',#1281,#1282);
#1281 = CARTESIAN_POINT('',(-20.08284271247,20.2,298.67640311723));
#1282 = VECTOR('',#1283,1.);
#1283 = DIRECTION('',(0.,0.,-1.));
#1284 = ORIENTED_EDGE('',*,*,#121,.F.);
#1285 = PLANE('',#1286);
#1286 = AXIS2_PLACEMENT_3D('',#1287,#1288,#1289);
#1287 = CARTESIAN_POINT('',(-3.E-17,20.2,298.67640311723));
#1288 = DIRECTION('',(1.7E-16,-1.,0.));
#1289 = DIRECTION('',(1.,1.7E-16,0.));
#1290 = ADVANCED_FACE('',(#1291),#1309,.T.);
#1291 = FACE_BOUND('',#1292,.T.);
#1292 = EDGE_LOOP('',(#1293,#1301,#1307,#1308));
#1293 = ORIENTED_EDGE('',*,*,#1294,.F.);
#1294 = EDGE_CURVE('',#1295,#216,#1297,.T.);
#1295 = VERTEX_POINT('',#1296);
#1296 = CARTESIAN_POINT('',(20.082842712475,-20.2,4.4));
#1297 = LINE('',#1298,#1299);
#1298 = CARTESIAN_POINT('',(20.082842712475,-20.2,298.67640311723));
#1299 = VECTOR('',#1300,1.);
#1300 = DIRECTION('',(0.,0.,-1.));
#1301 = ORIENTED_EDGE('',*,*,#1302,.T.);
#1302 = EDGE_CURVE('',#1295,#1247,#1303,.T.);
#1303 = LINE('',#1304,#1305);
#1304 = CARTESIAN_POINT('',(25.141421356237,-15.14142135623,4.4));
#1305 = VECTOR('',#1306,1.);
#1306 = DIRECTION('',(0.707106781187,0.707106781187,0.));
#1307 = ORIENTED_EDGE('',*,*,#1246,.T.);
#1308 = ORIENTED_EDGE('',*,*,#223,.F.);
#1309 = PLANE('',#1310);
#1310 = AXIS2_PLACEMENT_3D('',#1311,#1312,#1313);
#1311 = CARTESIAN_POINT('',(25.141421356237,-15.14142135623,
    298.67640311723));
#1312 = DIRECTION('',(-0.707106781187,0.707106781187,0.));
#1313 = DIRECTION('',(-0.707106781187,-0.707106781187,0.));
#1314 = ADVANCED_FACE('',(#1315),#1333,.T.);
#1315 = FACE_BOUND('',#1316,.T.);
#1316 = EDGE_LOOP('',(#1317,#1318,#1326,#1332));
#1317 = ORIENTED_EDGE('',*,*,#1279,.F.);
#1318 = ORIENTED_EDGE('',*,*,#1319,.T.);
#1319 = EDGE_CURVE('',#1272,#1320,#1322,.T.);
#1320 = VERTEX_POINT('',#1321);
#1321 = CARTESIAN_POINT('',(-30.,10.282842712475,4.4));
#1322 = LINE('',#1323,#1324);
#1323 = CARTESIAN_POINT('',(-25.14142135623,15.141421356237,4.4));
#1324 = VECTOR('',#1325,1.);
#1325 = DIRECTION('',(-0.707106781187,-0.707106781187,0.));
#1326 = ORIENTED_EDGE('',*,*,#1327,.T.);
#1327 = EDGE_CURVE('',#1320,#130,#1328,.T.);
#1328 = LINE('',#1329,#1330);
#1329 = CARTESIAN_POINT('',(-30.,10.282842712475,298.67640311723));
#1330 = VECTOR('',#1331,1.);
#1331 = DIRECTION('',(0.,0.,-1.));
#1332 = ORIENTED_EDGE('',*,*,#129,.F.);
#1333 = PLANE('',#1334);
#1334 = AXIS2_PLACEMENT_3D('',#1335,#1336,#1337);
#1335 = CARTESIAN_POINT('',(-25.14142135623,15.141421356237,
    298.67640311723));
#1336 = DIRECTION('',(0.707106781187,-0.707106781187,0.));
#1337 = DIRECTION('',(0.707106781187,0.707106781187,0.));
#1338 = ADVANCED_FACE('',(#1339),#1357,.T.);
#1339 = FACE_BOUND('',#1340,.T.);
#1340 = EDGE_LOOP('',(#1341,#1349,#1355,#1356));
#1341 = ORIENTED_EDGE('',*,*,#1342,.T.);
#1342 = EDGE_CURVE('',#207,#1343,#1345,.T.);
#1343 = VERTEX_POINT('',#1344);
#1344 = CARTESIAN_POINT('',(13.326664999166,-20.2,4.4));
#1345 = LINE('',#1346,#1347);
#1346 = CARTESIAN_POINT('',(13.326664999166,-20.2,1.712172582746));
#1347 = VECTOR('',#1348,1.);
#1348 = DIRECTION('',(0.,0.,1.));
#1349 = ORIENTED_EDGE('',*,*,#1350,.T.);
#1350 = EDGE_CURVE('',#1343,#1295,#1351,.T.);
#1351 = LINE('',#1352,#1353);
#1352 = CARTESIAN_POINT('',(15.944784249302,-20.2,4.4));
#1353 = VECTOR('',#1354,1.);
#1354 = DIRECTION('',(1.,4.3E-16,0.));
#1355 = ORIENTED_EDGE('',*,*,#1294,.T.);
#1356 = ORIENTED_EDGE('',*,*,#215,.F.);
#1357 = PLANE('',#1358);
#1358 = AXIS2_PLACEMENT_3D('',#1359,#1360,#1361);
#1359 = CARTESIAN_POINT('',(15.944784249302,-20.2,298.67640311723));
#1360 = DIRECTION('',(-4.3E-16,1.,0.));
#1361 = DIRECTION('',(-1.,-4.3E-16,0.));
#1362 = ADVANCED_FACE('',(#1363),#1381,.T.);
#1363 = FACE_BOUND('',#1364,.T.);
#1364 = EDGE_LOOP('',(#1365,#1366,#1374,#1380));
#1365 = ORIENTED_EDGE('',*,*,#1327,.F.);
#1366 = ORIENTED_EDGE('',*,*,#1367,.T.);
#1367 = EDGE_CURVE('',#1320,#1368,#1370,.T.);
#1368 = VERTEX_POINT('',#1369);
#1369 = CARTESIAN_POINT('',(-30.,-10.28284271247,4.4));
#1370 = LINE('',#1371,#1372);
#1371 = CARTESIAN_POINT('',(-30.,0.,4.4));
#1372 = VECTOR('',#1373,1.);
#1373 = DIRECTION('',(0.,-1.,0.));
#1374 = ORIENTED_EDGE('',*,*,#1375,.T.);
#1375 = EDGE_CURVE('',#1368,#138,#1376,.T.);
#1376 = LINE('',#1377,#1378);
#1377 = CARTESIAN_POINT('',(-30.,-10.28284271247,298.67640311723));
#1378 = VECTOR('',#1379,1.);
#1379 = DIRECTION('',(0.,0.,-1.));
#1380 = ORIENTED_EDGE('',*,*,#137,.F.);
#1381 = PLANE('',#1382);
#1382 = AXIS2_PLACEMENT_3D('',#1383,#1384,#1385);
#1383 = CARTESIAN_POINT('',(-30.,0.,298.67640311723));
#1384 = DIRECTION('',(1.,0.,0.));
#1385 = DIRECTION('',(0.,0.,-1.));
#1386 = ADVANCED_FACE('',(#1387),#1407,.F.);
#1387 = FACE_BOUND('',#1388,.F.);
#1388 = EDGE_LOOP('',(#1389,#1398,#1404,#1405,#1406));
#1389 = ORIENTED_EDGE('',*,*,#1390,.F.);
#1390 = EDGE_CURVE('',#1391,#1343,#1393,.T.);
#1391 = VERTEX_POINT('',#1392);
#1392 = CARTESIAN_POINT('',(7.048303963845,-23.15084040015,4.4));
#1393 = CIRCLE('',#1394,24.2);
#1394 = AXIS2_PLACEMENT_3D('',#1395,#1396,#1397);
#1395 = CARTESIAN_POINT('',(0.,0.,4.4));
#1396 = DIRECTION('',(0.,0.,1.));
#1397 = DIRECTION('',(1.,0.,0.));
#1398 = ORIENTED_EDGE('',*,*,#1399,.F.);
#1399 = EDGE_CURVE('',#189,#1391,#1400,.T.);
#1400 = LINE('',#1401,#1402);
#1401 = CARTESIAN_POINT('',(7.048303963845,-23.15084040015,
    1.712172582746));
#1402 = VECTOR('',#1403,1.);
#1403 = DIRECTION('',(0.,0.,1.));
#1404 = ORIENTED_EDGE('',*,*,#197,.T.);
#1405 = ORIENTED_EDGE('',*,*,#206,.T.);
#1406 = ORIENTED_EDGE('',*,*,#1342,.T.);
#1407 = CYLINDRICAL_SURFACE('',#1408,24.2);
#1408 = AXIS2_PLACEMENT_3D('',#1409,#1410,#1411);
#1409 = CARTESIAN_POINT('',(0.,0.,1.712172582746));
#1410 = DIRECTION('',(0.,0.,1.));
#1411 = DIRECTION('',(1.,0.,0.));
#1412 = ADVANCED_FACE('',(#1413),#1431,.T.);
#1413 = FACE_BOUND('',#1414,.T.);
#1414 = EDGE_LOOP('',(#1415,#1416,#1424,#1430));
#1415 = ORIENTED_EDGE('',*,*,#1375,.F.);
#1416 = ORIENTED_EDGE('',*,*,#1417,.T.);
#1417 = EDGE_CURVE('',#1368,#1418,#1420,.T.);
#1418 = VERTEX_POINT('',#1419);
#1419 = CARTESIAN_POINT('',(-20.08284271247,-20.2,4.4));
#1420 = LINE('',#1421,#1422);
#1421 = CARTESIAN_POINT('',(-25.14142135623,-15.14142135623,4.4));
#1422 = VECTOR('',#1423,1.);
#1423 = DIRECTION('',(0.707106781187,-0.707106781187,0.));
#1424 = ORIENTED_EDGE('',*,*,#1425,.T.);
#1425 = EDGE_CURVE('',#1418,#146,#1426,.T.);
#1426 = LINE('',#1427,#1428);
#1427 = CARTESIAN_POINT('',(-20.08284271247,-20.2,298.67640311723));
#1428 = VECTOR('',#1429,1.);
#1429 = DIRECTION('',(0.,0.,-1.));
#1430 = ORIENTED_EDGE('',*,*,#145,.F.);
#1431 = PLANE('',#1432);
#1432 = AXIS2_PLACEMENT_3D('',#1433,#1434,#1435);
#1433 = CARTESIAN_POINT('',(-25.14142135623,-15.14142135623,
    298.67640311723));
#1434 = DIRECTION('',(0.707106781187,0.707106781187,0.));
#1435 = DIRECTION('',(-0.707106781187,0.707106781187,0.));
#1436 = ADVANCED_FACE('',(#1437),#1455,.T.);
#1437 = FACE_BOUND('',#1438,.T.);
#1438 = EDGE_LOOP('',(#1439,#1440,#1448,#1454));
#1439 = ORIENTED_EDGE('',*,*,#1425,.F.);
#1440 = ORIENTED_EDGE('',*,*,#1441,.T.);
#1441 = EDGE_CURVE('',#1418,#1442,#1444,.T.);
#1442 = VERTEX_POINT('',#1443);
#1443 = CARTESIAN_POINT('',(-13.32666499916,-20.2,4.4));
#1444 = LINE('',#1445,#1446);
#1445 = CARTESIAN_POINT('',(-4.055215750698,-20.2,4.4));
#1446 = VECTOR('',#1447,1.);
#1447 = DIRECTION('',(1.,1.1E-16,0.));
#1448 = ORIENTED_EDGE('',*,*,#1449,.F.);
#1449 = EDGE_CURVE('',#154,#1442,#1450,.T.);
#1450 = LINE('',#1451,#1452);
#1451 = CARTESIAN_POINT('',(-13.32666499916,-20.2,4.4));
#1452 = VECTOR('',#1453,1.);
#1453 = DIRECTION('',(0.,0.,1.));
#1454 = ORIENTED_EDGE('',*,*,#153,.F.);
#1455 = PLANE('',#1456);
#1456 = AXIS2_PLACEMENT_3D('',#1457,#1458,#1459);
#1457 = CARTESIAN_POINT('',(-4.055215750698,-20.2,298.67640311723));
#1458 = DIRECTION('',(-1.1E-16,1.,0.));
#1459 = DIRECTION('',(-1.,-1.1E-16,0.));
#1460 = ADVANCED_FACE('',(#1461),#1490,.F.);
#1461 = FACE_BOUND('',#1462,.T.);
#1462 = EDGE_LOOP('',(#1463,#1472,#1473,#1474,#1475,#1483));
#1463 = ORIENTED_EDGE('',*,*,#1464,.T.);
#1464 = EDGE_CURVE('',#1465,#1391,#1467,.T.);
#1465 = VERTEX_POINT('',#1466);
#1466 = CARTESIAN_POINT('',(7.1,-24.,4.4));
#1467 = CIRCLE('',#1468,7.);
#1468 = AXIS2_PLACEMENT_3D('',#1469,#1470,#1471);
#1469 = CARTESIAN_POINT('',(1.E-01,-24.,4.4));
#1470 = DIRECTION('',(0.,0.,1.));
#1471 = DIRECTION('',(1.,0.,0.));
#1472 = ORIENTED_EDGE('',*,*,#1399,.F.);
#1473 = ORIENTED_EDGE('',*,*,#188,.F.);
#1474 = ORIENTED_EDGE('',*,*,#179,.F.);
#1475 = ORIENTED_EDGE('',*,*,#1476,.T.);
#1476 = EDGE_CURVE('',#171,#1477,#1479,.T.);
#1477 = VERTEX_POINT('',#1478);
#1478 = CARTESIAN_POINT('',(-6.855138914627,-23.20877141214,4.4));
#1479 = LINE('',#1480,#1481);
#1480 = CARTESIAN_POINT('',(-6.855138914627,-23.20877141214,
    1.712172582746));
#1481 = VECTOR('',#1482,1.);
#1482 = DIRECTION('',(0.,0.,1.));
#1483 = ORIENTED_EDGE('',*,*,#1484,.T.);
#1484 = EDGE_CURVE('',#1477,#1465,#1485,.T.);
#1485 = CIRCLE('',#1486,7.);
#1486 = AXIS2_PLACEMENT_3D('',#1487,#1488,#1489);
#1487 = CARTESIAN_POINT('',(1.E-01,-24.,4.4));
#1488 = DIRECTION('',(0.,0.,1.));
#1489 = DIRECTION('',(1.,0.,0.));
#1490 = CYLINDRICAL_SURFACE('',#1491,7.);
#1491 = AXIS2_PLACEMENT_3D('',#1492,#1493,#1494);
#1492 = CARTESIAN_POINT('',(1.E-01,-24.,3.100538976639E-16));
#1493 = DIRECTION('',(-0.,-0.,-1.));
#1494 = DIRECTION('',(1.,0.,0.));
#1495 = ADVANCED_FACE('',(#1496),#1509,.F.);
#1496 = FACE_BOUND('',#1497,.F.);
#1497 = EDGE_LOOP('',(#1498,#1499,#1500,#1501,#1502));
#1498 = ORIENTED_EDGE('',*,*,#1449,.F.);
#1499 = ORIENTED_EDGE('',*,*,#161,.F.);
#1500 = ORIENTED_EDGE('',*,*,#170,.T.);
#1501 = ORIENTED_EDGE('',*,*,#1476,.T.);
#1502 = ORIENTED_EDGE('',*,*,#1503,.F.);
#1503 = EDGE_CURVE('',#1442,#1477,#1504,.T.);
#1504 = CIRCLE('',#1505,24.2);
#1505 = AXIS2_PLACEMENT_3D('',#1506,#1507,#1508);
#1506 = CARTESIAN_POINT('',(0.,0.,4.4));
#1507 = DIRECTION('',(0.,0.,1.));
#1508 = DIRECTION('',(1.,0.,0.));
#1509 = CYLINDRICAL_SURFACE('',#1510,24.2);
#1510 = AXIS2_PLACEMENT_3D('',#1511,#1512,#1513);
#1511 = CARTESIAN_POINT('',(0.,0.,1.712172582746));
#1512 = DIRECTION('',(0.,0.,1.));
#1513 = DIRECTION('',(1.,0.,0.));
#1514 = ADVANCED_FACE('',(#1515),#1533,.F.);
#1515 = FACE_BOUND('',#1516,.F.);
#1516 = EDGE_LOOP('',(#1517,#1518,#1525,#1532));
#1517 = ORIENTED_EDGE('',*,*,#309,.F.);
#1518 = ORIENTED_EDGE('',*,*,#1519,.F.);
#1519 = EDGE_CURVE('',#1520,#310,#1522,.T.);
#1520 = VERTEX_POINT('',#1521);
#1521 = CARTESIAN_POINT('',(-13.75,-16.,-12.));
#1522 = B_SPLINE_CURVE_WITH_KNOTS('',1,(#1523,#1524),.UNSPECIFIED.,.F.,
  .F.,(2,2),(-5.624462113108,6.375537886892),.PIECEWISE_BEZIER_KNOTS.);
#1523 = CARTESIAN_POINT('',(-13.75,-16.,-12.));
#1524 = CARTESIAN_POINT('',(-13.75,-16.,0.));
#1525 = ORIENTED_EDGE('',*,*,#1526,.T.);
#1526 = EDGE_CURVE('',#1520,#1520,#1527,.T.);
#1527 = CIRCLE('',#1528,1.25);
#1528 = AXIS2_PLACEMENT_3D('',#1529,#1530,#1531);
#1529 = CARTESIAN_POINT('',(-15.,-16.,-12.));
#1530 = DIRECTION('',(0.,0.,1.));
#1531 = DIRECTION('',(1.,0.,0.));
#1532 = ORIENTED_EDGE('',*,*,#1519,.T.);
#1533 = CYLINDRICAL_SURFACE('',#1534,1.25);
#1534 = AXIS2_PLACEMENT_3D('',#1535,#1536,#1537);
#1535 = CARTESIAN_POINT('',(-15.,-16.,-6.375537886892));
#1536 = DIRECTION('',(0.,0.,1.));
#1537 = DIRECTION('',(1.,0.,0.));
#1538 = ADVANCED_FACE('',(#1539),#1560,.F.);
#1539 = FACE_BOUND('',#1540,.F.);
#1540 = EDGE_LOOP('',(#1541,#1549,#1556,#1557,#1558,#1559));
#1541 = ORIENTED_EDGE('',*,*,#1542,.F.);
#1542 = EDGE_CURVE('',#1543,#343,#1545,.T.);
#1543 = VERTEX_POINT('',#1544);
#1544 = CARTESIAN_POINT('',(3.,-20.,-2.));
#1545 = LINE('',#1546,#1547);
#1546 = CARTESIAN_POINT('',(3.,-20.,-2.));
#1547 = VECTOR('',#1548,1.);
#1548 = DIRECTION('',(0.,0.,1.));
#1549 = ORIENTED_EDGE('',*,*,#1550,.T.);
#1550 = EDGE_CURVE('',#1543,#1543,#1551,.T.);
#1551 = CIRCLE('',#1552,3.);
#1552 = AXIS2_PLACEMENT_3D('',#1553,#1554,#1555);
#1553 = CARTESIAN_POINT('',(0.,-20.,-2.));
#1554 = DIRECTION('',(0.,0.,1.));
#1555 = DIRECTION('',(1.,0.,0.));
#1556 = ORIENTED_EDGE('',*,*,#1542,.T.);
#1557 = ORIENTED_EDGE('',*,*,#351,.F.);
#1558 = ORIENTED_EDGE('',*,*,#331,.F.);
#1559 = ORIENTED_EDGE('',*,*,#342,.F.);
#1560 = CYLINDRICAL_SURFACE('',#1561,3.);
#1561 = AXIS2_PLACEMENT_3D('',#1562,#1563,#1564);
#1562 = CARTESIAN_POINT('',(0.,-20.,-2.));
#1563 = DIRECTION('',(-0.,-0.,-1.));
#1564 = DIRECTION('',(1.,0.,0.));
#1565 = ADVANCED_FACE('',(#1566),#1584,.F.);
#1566 = FACE_BOUND('',#1567,.F.);
#1567 = EDGE_LOOP('',(#1568,#1569,#1576,#1583));
#1568 = ORIENTED_EDGE('',*,*,#360,.F.);
#1569 = ORIENTED_EDGE('',*,*,#1570,.F.);
#1570 = EDGE_CURVE('',#1571,#361,#1573,.T.);
#1571 = VERTEX_POINT('',#1572);
#1572 = CARTESIAN_POINT('',(16.25,-16.,-12.));
#1573 = B_SPLINE_CURVE_WITH_KNOTS('',1,(#1574,#1575),.UNSPECIFIED.,.F.,
  .F.,(2,2),(-5.624462113108,6.375537886892),.PIECEWISE_BEZIER_KNOTS.);
#1574 = CARTESIAN_POINT('',(16.25,-16.,-12.));
#1575 = CARTESIAN_POINT('',(16.25,-16.,0.));
#1576 = ORIENTED_EDGE('',*,*,#1577,.T.);
#1577 = EDGE_CURVE('',#1571,#1571,#1578,.T.);
#1578 = CIRCLE('',#1579,1.25);
#1579 = AXIS2_PLACEMENT_3D('',#1580,#1581,#1582);
#1580 = CARTESIAN_POINT('',(15.,-16.,-12.));
#1581 = DIRECTION('',(0.,0.,1.));
#1582 = DIRECTION('',(1.,0.,0.));
#1583 = ORIENTED_EDGE('',*,*,#1570,.T.);
#1584 = CYLINDRICAL_SURFACE('',#1585,1.25);
#1585 = AXIS2_PLACEMENT_3D('',#1586,#1587,#1588);
#1586 = CARTESIAN_POINT('',(15.,-16.,-6.375537886892));
#1587 = DIRECTION('',(0.,0.,1.));
#1588 = DIRECTION('',(1.,0.,0.));
#1589 = ADVANCED_FACE('',(#1590),#1608,.F.);
#1590 = FACE_BOUND('',#1591,.F.);
#1591 = EDGE_LOOP('',(#1592,#1593,#1600,#1607));
#1592 = ORIENTED_EDGE('',*,*,#371,.F.);
#1593 = ORIENTED_EDGE('',*,*,#1594,.F.);
#1594 = EDGE_CURVE('',#1595,#372,#1597,.T.);
#1595 = VERTEX_POINT('',#1596);
#1596 = CARTESIAN_POINT('',(-13.75,16.,-12.));
#1597 = B_SPLINE_CURVE_WITH_KNOTS('',1,(#1598,#1599),.UNSPECIFIED.,.F.,
  .F.,(2,2),(-5.624462113108,6.375537886892),.PIECEWISE_BEZIER_KNOTS.);
#1598 = CARTESIAN_POINT('',(-13.75,16.,-12.));
#1599 = CARTESIAN_POINT('',(-13.75,16.,0.));
#1600 = ORIENTED_EDGE('',*,*,#1601,.T.);
#1601 = EDGE_CURVE('',#1595,#1595,#1602,.T.);
#1602 = CIRCLE('',#1603,1.25);
#1603 = AXIS2_PLACEMENT_3D('',#1604,#1605,#1606);
#1604 = CARTESIAN_POINT('',(-15.,16.,-12.));
#1605 = DIRECTION('',(0.,0.,1.));
#1606 = DIRECTION('',(1.,0.,0.));
#1607 = ORIENTED_EDGE('',*,*,#1594,.T.);
#1608 = CYLINDRICAL_SURFACE('',#1609,1.25);
#1609 = AXIS2_PLACEMENT_3D('',#1610,#1611,#1612);
#1610 = CARTESIAN_POINT('',(-15.,16.,-6.375537886892));
#1611 = DIRECTION('',(0.,0.,1.));
#1612 = DIRECTION('',(1.,0.,0.));
#1613 = ADVANCED_FACE('',(#1614),#1632,.F.);
#1614 = FACE_BOUND('',#1615,.F.);
#1615 = EDGE_LOOP('',(#1616,#1617,#1624,#1631));
#1616 = ORIENTED_EDGE('',*,*,#382,.F.);
#1617 = ORIENTED_EDGE('',*,*,#1618,.F.);
#1618 = EDGE_CURVE('',#1619,#383,#1621,.T.);
#1619 = VERTEX_POINT('',#1620);
#1620 = CARTESIAN_POINT('',(16.25,16.,-12.));
#1621 = B_SPLINE_CURVE_WITH_KNOTS('',1,(#1622,#1623),.UNSPECIFIED.,.F.,
  .F.,(2,2),(-5.624462113108,6.375537886892),.PIECEWISE_BEZIER_KNOTS.);
#1622 = CARTESIAN_POINT('',(16.25,16.,-12.));
#1623 = CARTESIAN_POINT('',(16.25,16.,0.));
#1624 = ORIENTED_EDGE('',*,*,#1625,.T.);
#1625 = EDGE_CURVE('',#1619,#1619,#1626,.T.);
#1626 = CIRCLE('',#1627,1.25);
#1627 = AXIS2_PLACEMENT_3D('',#1628,#1629,#1630);
#1628 = CARTESIAN_POINT('',(15.,16.,-12.));
#1629 = DIRECTION('',(0.,0.,1.));
#1630 = DIRECTION('',(1.,0.,0.));
#1631 = ORIENTED_EDGE('',*,*,#1618,.T.);
#1632 = CYLINDRICAL_SURFACE('',#1633,1.25);
#1633 = AXIS2_PLACEMENT_3D('',#1634,#1635,#1636);
#1634 = CARTESIAN_POINT('',(15.,16.,-6.375537886892));
#1635 = DIRECTION('',(0.,0.,1.));
#1636 = DIRECTION('',(1.,0.,0.));
#1637 = ADVANCED_FACE('',(#1638,#1773),#1777,.T.);
#1638 = FACE_BOUND('',#1639,.T.);
#1639 = EDGE_LOOP('',(#1640,#1733));
#1640 = ORIENTED_EDGE('',*,*,#1641,.F.);
#1641 = EDGE_CURVE('',#1642,#1644,#1646,.T.);
#1642 = VERTEX_POINT('',#1643);
#1643 = CARTESIAN_POINT('',(-3.059077991527,-23.23725368637,
    -15.16608628784));
#1644 = VERTEX_POINT('',#1645);
#1645 = CARTESIAN_POINT('',(5.06,-27.18303851448,-12.31297206394));
#1646 = B_SPLINE_CURVE_WITH_KNOTS('',8,(#1647,#1648,#1649,#1650,#1651,
    #1652,#1653,#1654,#1655,#1656,#1657,#1658,#1659,#1660,#1661,#1662,
    #1663,#1664,#1665,#1666,#1667,#1668,#1669,#1670,#1671,#1672,#1673,
    #1674,#1675,#1676,#1677,#1678,#1679,#1680,#1681,#1682,#1683,#1684,
    #1685,#1686,#1687,#1688,#1689,#1690,#1691,#1692,#1693,#1694,#1695,
    #1696,#1697,#1698,#1699,#1700,#1701,#1702,#1703,#1704,#1705,#1706,
    #1707,#1708,#1709,#1710,#1711,#1712,#1713,#1714,#1715,#1716,#1717,
    #1718,#1719,#1720,#1721,#1722,#1723,#1724,#1725,#1726,#1727,#1728,
    #1729,#1730,#1731,#1732),.UNSPECIFIED.,.F.,.F.,(9,7,7,7,7,7,7,7,7,7,
    7,7,9),(0.,8.015826075839E-02,0.134058100108,0.273866976298,
    0.37633658796,0.458274406061,0.513749202421,0.612626066992,
    0.717032315177,0.853852479898,0.95720709866,0.979213750965,1.),
  .UNSPECIFIED.);
#1647 = CARTESIAN_POINT('',(-3.059077991527,-23.23725368637,
    -15.16608628784));
#1648 = CARTESIAN_POINT('',(-3.245967433595,-23.36339604572,
    -15.06105254152));
#1649 = CARTESIAN_POINT('',(-3.422195263248,-23.49754320829,
    -14.95093297399));
#1650 = CARTESIAN_POINT('',(-3.587537437027,-23.63891907395,
    -14.83660611984));
#1651 = CARTESIAN_POINT('',(-3.741958710202,-23.78675030994,
    -14.71887471838));
#1652 = CARTESIAN_POINT('',(-3.885563215943,-23.94029207821,
    -14.59844817701));
#1653 = CARTESIAN_POINT('',(-4.018552824245,-24.09885109941,
    -14.47593292885));
#1654 = CARTESIAN_POINT('',(-4.141193280612,-24.26180605339,
    -14.35183068482));
#1655 = CARTESIAN_POINT('',(-4.32949889889,-24.54079755386,
    -14.14229997613));
#1656 = CARTESIAN_POINT('',(-4.400665351758,-24.65471381143,
    -14.05752244116));
#1657 = CARTESIAN_POINT('',(-4.467380184924,-24.77021239723,
    -13.9723340849));
#1658 = CARTESIAN_POINT('',(-4.52973790195,-24.8871419518,
    -13.88684254272));
#1659 = CARTESIAN_POINT('',(-4.587833385289,-25.00536211401,
    -13.80114177609));
#1660 = CARTESIAN_POINT('',(-4.641760473448,-25.12474418711,
    -13.7153128731));
#1661 = CARTESIAN_POINT('',(-4.691610538142,-25.2451718047,-13.629424849
    ));
#1662 = CARTESIAN_POINT('',(-4.856427041722,-25.68135838376,
    -13.32074998122));
#1663 = CARTESIAN_POINT('',(-4.948471886717,-26.00233026269,
    -13.09808521022));
#1664 = CARTESIAN_POINT('',(-5.01525942106,-26.32783851002,
    -12.87640630818));
#1665 = CARTESIAN_POINT('',(-5.058011618833,-26.65644102043,
    -12.65636735859));
#1666 = CARTESIAN_POINT('',(-5.077671540747,-26.98686554014,
    -12.43847641979));
#1667 = CARTESIAN_POINT('',(-5.074943531738,-27.31801060817,
    -12.22312630148));
#1668 = CARTESIAN_POINT('',(-5.050249395236,-27.64894803561,
    -12.01060779812));
#1669 = CARTESIAN_POINT('',(-4.969460134354,-28.22076645852,
    -11.64758455117));
#1670 = CARTESIAN_POINT('',(-4.923528951168,-28.46197627718,
    -11.49575082648));
#1671 = CARTESIAN_POINT('',(-4.865877034418,-28.70221366847,
    -11.34572240003));
#1672 = CARTESIAN_POINT('',(-4.796455179645,-28.94109513114,
    -11.19763492815));
#1673 = CARTESIAN_POINT('',(-4.715142413126,-29.17819252544,
    -11.05165499552));
#1674 = CARTESIAN_POINT('',(-4.621746770567,-29.41303197425,
    -10.90797935985));
#1675 = CARTESIAN_POINT('',(-4.515988095748,-29.64508934366,
    -10.76683671994));
#1676 = CARTESIAN_POINT('',(-4.30268647492,-30.05665214871,
    -10.51786736684));
#1677 = CARTESIAN_POINT('',(-4.199772588204,-30.23732053209,
    -10.40906211381));
#1678 = CARTESIAN_POINT('',(-4.088515715219,-30.4155053305,
    -10.30220179812));
#1679 = CARTESIAN_POINT('',(-3.968681846919,-30.59084310941,
    -10.19746170453));
#1680 = CARTESIAN_POINT('',(-3.840018376735,-30.76289255315,
    -10.09506335382));
#1681 = CARTESIAN_POINT('',(-3.702254486088,-30.93113382054,
    -9.99527382876));
#1682 = CARTESIAN_POINT('',(-3.555091987639,-31.09496382558,
    -9.898407924422));
#1683 = CARTESIAN_POINT('',(-3.291956155745,-31.3611489369,
    -9.74147967794));
#1684 = CARTESIAN_POINT('',(-3.18128073951,-31.4662483693,
    -9.679647387951));
#1685 = CARTESIAN_POINT('',(-3.066058499491,-31.56876926385,
    -9.61945073878));
#1686 = CARTESIAN_POINT('',(-2.946198966465,-31.66845455632,
    -9.561027625705));
#1687 = CARTESIAN_POINT('',(-2.821626983742,-31.76500909263,
    -9.504537820977));
#1688 = CARTESIAN_POINT('',(-2.692286610864,-31.85810212689,
    -9.450161441287));
#1689 = CARTESIAN_POINT('',(-2.558145027297,-31.94736981951,
    -9.398097415239));
#1690 = CARTESIAN_POINT('',(-2.171538005023,-32.18400497498,
    -9.260271200285));
#1691 = CARTESIAN_POINT('',(-1.908142337068,-32.32247212241,
    -9.179847113173));
#1692 = CARTESIAN_POINT('',(-1.629377268993,-32.44519070422,
    -9.108746091517));
#1693 = CARTESIAN_POINT('',(-1.336234946233,-32.54923852438,
    -9.04858794083));
#1694 = CARTESIAN_POINT('',(-1.030463560417,-32.63163284592,
    -9.001024538621));
#1695 = CARTESIAN_POINT('',(-0.714737055536,-32.68967823236,
    -8.967547774062));
#1696 = CARTESIAN_POINT('',(-0.392839230596,-32.72134030744,
    -8.949292426636));
#1697 = CARTESIAN_POINT('',(0.270458068325,-32.73175522283,
    -8.943287742353));
#1698 = CARTESIAN_POINT('',(0.612202997903,-32.70745313634,
    -8.957298604347));
#1699 = CARTESIAN_POINT('',(0.948320351168,-32.65317757077,
    -8.988589257626));
#1700 = CARTESIAN_POINT('',(1.274108105933,-32.57108969513,
    -9.035956871414));
#1701 = CARTESIAN_POINT('',(1.586206857265,-32.46426433547,
    -9.097695186192));
#1702 = CARTESIAN_POINT('',(1.882387248497,-32.33623705219,
    -9.171850827556));
#1703 = CARTESIAN_POINT('',(2.16136065628,-32.19052236251,-9.25647234676
    ));
#1704 = CARTESIAN_POINT('',(2.764973976128,-31.8203917529,
    -9.472058537656));
#1705 = CARTESIAN_POINT('',(3.07735155753,-31.58531195379,
    -9.609414689814));
#1706 = CARTESIAN_POINT('',(3.36109223748,-31.33055203428,
    -9.758863344212));
#1707 = CARTESIAN_POINT('',(3.617238329383,-31.06044095578,
    -9.918070989324));
#1708 = CARTESIAN_POINT('',(3.847095409225,-30.77852642309,
    -10.08514187324));
#1709 = CARTESIAN_POINT('',(4.052002103962,-30.48745546104,
    -10.25869172741));
#1710 = CARTESIAN_POINT('',(4.233319751044,-30.18900937029,
    -10.43783999663));
#1711 = CARTESIAN_POINT('',(4.51215040508,-29.65357303026,
    -10.76167532023));
#1712 = CARTESIAN_POINT('',(4.619151992484,-29.4197183178,
    -10.90388471395));
#1713 = CARTESIAN_POINT('',(4.713582315142,-29.1830224846,
    -11.04867439338));
#1714 = CARTESIAN_POINT('',(4.795729903181,-28.94402387244,
    -11.19580920248));
#1715 = CARTESIAN_POINT('',(4.865792147221,-28.70320870147,
    -11.34508708301));
#1716 = CARTESIAN_POINT('',(4.923893315167,-28.46101581638,
    -11.49633721016));
#1717 = CARTESIAN_POINT('',(4.970083675183,-28.21783782605,
    -11.64942078797));
#1718 = CARTESIAN_POINT('',(5.011609392677,-27.92210374213,
    -11.83719802035));
#1719 = CARTESIAN_POINT('',(5.018324139906,-27.8703947534,
    -11.87009077712));
#1720 = CARTESIAN_POINT('',(5.024472663277,-27.81889130069,
    -11.90291317078));
#1721 = CARTESIAN_POINT('',(5.03006321902,-27.76759301947,
    -11.93566559446));
#1722 = CARTESIAN_POINT('',(5.035103622845,-27.71649955042,
    -11.96834843828));
#1723 = CARTESIAN_POINT('',(5.039601249938,-27.66561053939,
    -12.00096208942));
#1724 = CARTESIAN_POINT('',(5.04356303496,-27.61492563747,
    -12.03350693202));
#1725 = CARTESIAN_POINT('',(5.050237559544,-27.51676285165,
    -12.09665874699));
#1726 = CARTESIAN_POINT('',(5.053020070996,-27.46907697184,
    -12.12739276773));
#1727 = CARTESIAN_POINT('',(5.055341988477,-27.42138978076,
    -12.15818444406));
#1728 = CARTESIAN_POINT('',(5.05720221579,-27.37370422648,
    -12.18903277823));
#1729 = CARTESIAN_POINT('',(5.058599550613,-27.32602328887,
    -12.21993674833));
#1730 = CARTESIAN_POINT('',(5.059532656641,-27.27834998258,
    -12.25089531645));
#1731 = CARTESIAN_POINT('',(5.060000035723,-27.23068736006,
    -12.28190743681));
#1732 = CARTESIAN_POINT('',(5.06,-27.18303851448,-12.31297206394));
#1733 = ORIENTED_EDGE('',*,*,#1734,.F.);
#1734 = EDGE_CURVE('',#1644,#1642,#1735,.T.);
#1735 = B_SPLINE_CURVE_WITH_KNOTS('',8,(#1736,#1737,#1738,#1739,#1740,
    #1741,#1742,#1743,#1744,#1745,#1746,#1747,#1748,#1749,#1750,#1751,
    #1752,#1753,#1754,#1755,#1756,#1757,#1758,#1759,#1760,#1761,#1762,
    #1763,#1764,#1765,#1766,#1767,#1768,#1769,#1770,#1771,#1772),
  .UNSPECIFIED.,.F.,.F.,(9,7,7,7,7,9),(0.,0.377174896625,0.483558783755,
    0.631158994311,0.753779240612,1.),.UNSPECIFIED.);
#1736 = CARTESIAN_POINT('',(5.060000000005,-27.18303851449,
    -12.31297206394));
#1737 = CARTESIAN_POINT('',(5.060000000005,-26.73102075532,
    -12.60766455512));
#1738 = CARTESIAN_POINT('',(5.017941991535,-26.28119455264,
    -12.90645959736));
#1739 = CARTESIAN_POINT('',(4.932770948262,-25.83471199183,
    -13.20936489551));
#1740 = CARTESIAN_POINT('',(4.801656565373,-25.39440783494,
    -13.51540301876));
#1741 = CARTESIAN_POINT('',(4.621087557981,-24.96457628784,
    -13.8225688095));
#1742 = CARTESIAN_POINT('',(4.386842514549,-24.55099951135,
    -14.12762728822));
#1743 = CARTESIAN_POINT('',(4.0947006621,-24.16059103812,-14.42563685855
    ));
#1744 = CARTESIAN_POINT('',(3.639970777734,-23.70008820678,
    -14.78905149389));
#1745 = CARTESIAN_POINT('',(3.535057862289,-23.60136604495,
    -14.8677626397));
#1746 = CARTESIAN_POINT('',(3.425230649957,-23.50544901739,
    -14.94503405018));
#1747 = CARTESIAN_POINT('',(3.310469069905,-23.41256552681,
    -15.02064491832));
#1748 = CARTESIAN_POINT('',(3.19078117711,-23.32295265454,
    -15.09435337042));
#1749 = CARTESIAN_POINT('',(3.066209299239,-23.23685200782,
    -15.16589869045));
#1750 = CARTESIAN_POINT('',(2.936836987588,-23.15450537446,
    -15.23500497218));
#1751 = CARTESIAN_POINT('',(2.616825338154,-22.96743783338,
    -15.39348551347));
#1752 = CARTESIAN_POINT('',(2.421821454693,-22.86638103663,
    -15.48036261975));
#1753 = CARTESIAN_POINT('',(2.218195247494,-22.77365982672,
    -15.56121696398));
#1754 = CARTESIAN_POINT('',(2.006500013888,-22.68988658116,
    -15.63524998185));
#1755 = CARTESIAN_POINT('',(1.787440914133,-22.61560280669,
    -15.70168528808));
#1756 = CARTESIAN_POINT('',(1.561885969745,-22.55127295815,
    -15.75979933389));
#1757 = CARTESIAN_POINT('',(1.330879368758,-22.49727529248,
    -15.80896253283));
#1758 = CARTESIAN_POINT('',(0.900243974263,-22.41784682148,
    -15.88169552717));
#1759 = CARTESIAN_POINT('',(0.704788410587,-22.38965703451,
    -15.90770478928));
#1760 = CARTESIAN_POINT('',(0.509507893983,-22.36898225805,
    -15.92688229497));
#1761 = CARTESIAN_POINT('',(0.314832023737,-22.35561495249,
    -15.9393304936));
#1762 = CARTESIAN_POINT('',(0.121410265256,-22.34936748839,
    -15.94515588684));
#1763 = CARTESIAN_POINT('',(-6.987664921359E-02,-22.35001284745,
    -15.94454315795));
#1764 = CARTESIAN_POINT('',(-0.257907870139,-22.35722409112,
    -15.93782774456));
#1765 = CARTESIAN_POINT('',(-0.809617458144,-22.39703755365,
    -15.90091568873));
#1766 = CARTESIAN_POINT('',(-1.174270684054,-22.44898652639,
    -15.85287069019));
#1767 = CARTESIAN_POINT('',(-1.530089007354,-22.52599456925,
    -15.78209058907));
#1768 = CARTESIAN_POINT('',(-1.87291969576,-22.62702370726,
    -15.6903647334));
#1769 = CARTESIAN_POINT('',(-2.199405797576,-22.75071330494,
    -15.58010160138));
#1770 = CARTESIAN_POINT('',(-2.507006801994,-22.89522563307,
    -15.45405919798));
#1771 = CARTESIAN_POINT('',(-2.793931155049,-23.05829094157,
    -15.31510147698));
#1772 = CARTESIAN_POINT('',(-3.059077991527,-23.23725368637,
    -15.16608628784));
#1773 = FACE_BOUND('',#1774,.T.);
#1774 = EDGE_LOOP('',(#1775,#1776));
#1775 = ORIENTED_EDGE('',*,*,#511,.T.);
#1776 = ORIENTED_EDGE('',*,*,#553,.T.);
#1777 = B_SPLINE_SURFACE_WITH_KNOTS('',3,3,(
    (#1778,#1779,#1780,#1781,#1782,#1783,#1784,#1785,#1786,#1787,#1788
      ,#1789,#1790,#1791,#1792,#1793,#1794,#1795,#1796)
    ,(#1797,#1798,#1799,#1800,#1801,#1802,#1803,#1804,#1805,#1806,#1807
      ,#1808,#1809,#1810,#1811,#1812,#1813,#1814,#1815)
    ,(#1816,#1817,#1818,#1819,#1820,#1821,#1822,#1823,#1824,#1825,#1826
      ,#1827,#1828,#1829,#1830,#1831,#1832,#1833,#1834)
    ,(#1835,#1836,#1837,#1838,#1839,#1840,#1841,#1842,#1843,#1844,#1845
      ,#1846,#1847,#1848,#1849,#1850,#1851,#1852,#1853
  )),.UNSPECIFIED.,.F.,.T.,.F.,(4,4),(1,1,1,1,1,1,1,1,1,1,1,1,1,1,1,1,1,
    1,1,1,1,1,1),(2.874709664005E-02,1.),(-1.178097245097,
    -0.785398163398,-0.392699081699,0.,0.392699081699,0.785398163397,
    1.178097245096,1.570796326795,1.963495408494,2.356194490192,
    2.748893571891,3.14159265359,3.534291735289,3.926990816987,
    4.319689898686,4.712388980385,5.105088062083,5.497787143782,
    5.890486225481,6.28318530718,6.675884388879,7.068583470577,
    7.461282552276),.UNSPECIFIED.);
#1778 = CARTESIAN_POINT('',(34.856156661838,-14.43789282153,
    -6.20152848522));
#1779 = CARTESIAN_POINT('',(37.728032102943,-2.906E-14,-6.20152848522));
#1780 = CARTESIAN_POINT('',(34.856156661838,14.437892821535,
    -6.20152848522));
#1781 = CARTESIAN_POINT('',(26.677747340815,26.677747340815,
    -6.20152848522));
#1782 = CARTESIAN_POINT('',(14.437892821535,34.856156661838,
    -6.20152848522));
#1783 = CARTESIAN_POINT('',(9.74E-15,37.728032102943,-6.20152848522));
#1784 = CARTESIAN_POINT('',(-14.43789282153,34.856156661838,
    -6.20152848522));
#1785 = CARTESIAN_POINT('',(-26.67774734081,26.677747340815,
    -6.20152848522));
#1786 = CARTESIAN_POINT('',(-34.85615666183,14.437892821535,
    -6.20152848522));
#1787 = CARTESIAN_POINT('',(-37.72803210294,4.6E-15,-6.20152848522));
#1788 = CARTESIAN_POINT('',(-34.85615666183,-14.43789282153,
    -6.20152848522));
#1789 = CARTESIAN_POINT('',(-26.67774734081,-26.67774734081,
    -6.20152848522));
#1790 = CARTESIAN_POINT('',(-14.43789282153,-34.85615666183,
    -6.20152848522));
#1791 = CARTESIAN_POINT('',(-1.016E-14,-37.72803210294,-6.20152848522));
#1792 = CARTESIAN_POINT('',(14.437892821535,-34.85615666183,
    -6.20152848522));
#1793 = CARTESIAN_POINT('',(26.677747340815,-26.67774734081,
    -6.20152848522));
#1794 = CARTESIAN_POINT('',(34.856156661838,-14.43789282153,
    -6.20152848522));
#1795 = CARTESIAN_POINT('',(37.728032102943,-2.906E-14,-6.20152848522));
#1796 = CARTESIAN_POINT('',(34.856156661838,14.437892821535,
    -6.20152848522));
#1797 = CARTESIAN_POINT('',(16.786285385668,-6.953107068609,
    -19.34638591977));
#1798 = CARTESIAN_POINT('',(18.16934437333,-7.37E-15,-19.34638591977));
#1799 = CARTESIAN_POINT('',(16.786285385668,6.953107068609,
    -19.34638591977));
#1800 = CARTESIAN_POINT('',(12.847666616095,12.847666616095,
    -19.34638591977));
#1801 = CARTESIAN_POINT('',(6.953107068609,16.786285385668,
    -19.34638591977));
#1802 = CARTESIAN_POINT('',(-2.208E-14,18.16934437333,-19.34638591977));
#1803 = CARTESIAN_POINT('',(-6.953107068609,16.786285385668,
    -19.34638591977));
#1804 = CARTESIAN_POINT('',(-12.84766661609,12.847666616095,
    -19.34638591977));
#1805 = CARTESIAN_POINT('',(-16.78628538566,6.953107068609,
    -19.34638591977));
#1806 = CARTESIAN_POINT('',(-18.16934437333,2.72E-15,-19.34638591977));
#1807 = CARTESIAN_POINT('',(-16.78628538566,-6.953107068609,
    -19.34638591977));
#1808 = CARTESIAN_POINT('',(-12.84766661609,-12.84766661609,
    -19.34638591977));
#1809 = CARTESIAN_POINT('',(-6.953107068609,-16.78628538566,
    -19.34638591977));
#1810 = CARTESIAN_POINT('',(-1.214E-14,-18.16934437333,-19.34638591977)
  );
#1811 = CARTESIAN_POINT('',(6.953107068609,-16.78628538566,
    -19.34638591977));
#1812 = CARTESIAN_POINT('',(12.847666616095,-12.84766661609,
    -19.34638591977));
#1813 = CARTESIAN_POINT('',(16.786285385668,-6.953107068609,
    -19.34638591977));
#1814 = CARTESIAN_POINT('',(18.16934437333,-7.37E-15,-19.34638591977));
#1815 = CARTESIAN_POINT('',(16.786285385668,6.953107068609,
    -19.34638591977));
#1816 = CARTESIAN_POINT('',(11.849148394776,-4.908077967687,
    -19.71744773952));
#1817 = CARTESIAN_POINT('',(12.825425802612,-7.59E-15,-19.71744773952));
#1818 = CARTESIAN_POINT('',(11.849148394776,4.908077967687,
    -19.71744773952));
#1819 = CARTESIAN_POINT('',(9.068945556632,9.068945556632,
    -19.71744773952));
#1820 = CARTESIAN_POINT('',(4.908077967687,11.849148394776,
    -19.71744773952));
#1821 = CARTESIAN_POINT('',(9.E-16,12.825425802612,-19.71744773952));
#1822 = CARTESIAN_POINT('',(-4.908077967687,11.849148394776,
    -19.71744773952));
#1823 = CARTESIAN_POINT('',(-9.068945556632,9.068945556632,
    -19.71744773952));
#1824 = CARTESIAN_POINT('',(-11.84914839477,4.908077967687,
    -19.71744773952));
#1825 = CARTESIAN_POINT('',(-12.82542580261,8.7E-16,-19.71744773952));
#1826 = CARTESIAN_POINT('',(-11.84914839477,-4.908077967687,
    -19.71744773952));
#1827 = CARTESIAN_POINT('',(-9.068945556632,-9.068945556632,
    -19.71744773952));
#1828 = CARTESIAN_POINT('',(-4.908077967687,-11.84914839477,
    -19.71744773952));
#1829 = CARTESIAN_POINT('',(-6.41E-15,-12.82542580261,-19.71744773952));
#1830 = CARTESIAN_POINT('',(4.908077967687,-11.84914839477,
    -19.71744773952));
#1831 = CARTESIAN_POINT('',(9.068945556632,-9.068945556632,
    -19.71744773952));
#1832 = CARTESIAN_POINT('',(11.849148394776,-4.908077967687,
    -19.71744773952));
#1833 = CARTESIAN_POINT('',(12.825425802612,-7.59E-15,-19.71744773952));
#1834 = CARTESIAN_POINT('',(11.849148394776,4.908077967687,
    -19.71744773952));
#1835 = CARTESIAN_POINT('',(11.849148394776,-4.908077967687,-37.2));
#1836 = CARTESIAN_POINT('',(12.825425802612,-9.54E-15,-37.2));
#1837 = CARTESIAN_POINT('',(11.849148394776,4.908077967687,-37.2));
#1838 = CARTESIAN_POINT('',(9.068945556632,9.068945556632,-37.2));
#1839 = CARTESIAN_POINT('',(4.908077967687,11.849148394776,-37.2));
#1840 = CARTESIAN_POINT('',(1.58E-15,12.825425802612,-37.2));
#1841 = CARTESIAN_POINT('',(-4.908077967687,11.849148394776,-37.2));
#1842 = CARTESIAN_POINT('',(-9.068945556632,9.068945556632,-37.2));
#1843 = CARTESIAN_POINT('',(-11.84914839477,4.908077967687,-37.2));
#1844 = CARTESIAN_POINT('',(-12.82542580261,1.91E-15,-37.2));
#1845 = CARTESIAN_POINT('',(-11.84914839477,-4.908077967687,-37.2));
#1846 = CARTESIAN_POINT('',(-9.068945556632,-9.068945556632,-37.2));
#1847 = CARTESIAN_POINT('',(-4.908077967687,-11.84914839477,-37.2));
#1848 = CARTESIAN_POINT('',(-5.75E-15,-12.82542580261,-37.2));
#1849 = CARTESIAN_POINT('',(4.908077967687,-11.84914839477,-37.2));
#1850 = CARTESIAN_POINT('',(9.068945556632,-9.068945556632,-37.2));
#1851 = CARTESIAN_POINT('',(11.849148394776,-4.908077967687,-37.2));
#1852 = CARTESIAN_POINT('',(12.825425802612,-9.54E-15,-37.2));
#1853 = CARTESIAN_POINT('',(11.849148394776,4.908077967687,-37.2));
#1854 = ADVANCED_FACE('',(#1855),#1874,.F.);
#1855 = FACE_BOUND('',#1856,.F.);
#1856 = EDGE_LOOP('',(#1857,#1865,#1872,#1873));
#1857 = ORIENTED_EDGE('',*,*,#1858,.T.);
#1858 = EDGE_CURVE('',#645,#1859,#1861,.T.);
#1859 = VERTEX_POINT('',#1860);
#1860 = CARTESIAN_POINT('',(1.5,-20.,-2.));
#1861 = LINE('',#1862,#1863);
#1862 = CARTESIAN_POINT('',(1.5,-20.,-6.));
#1863 = VECTOR('',#1864,1.);
#1864 = DIRECTION('',(0.,0.,1.));
#1865 = ORIENTED_EDGE('',*,*,#1866,.T.);
#1866 = EDGE_CURVE('',#1859,#1859,#1867,.T.);
#1867 = CIRCLE('',#1868,1.5);
#1868 = AXIS2_PLACEMENT_3D('',#1869,#1870,#1871);
#1869 = CARTESIAN_POINT('',(0.,-20.,-2.));
#1870 = DIRECTION('',(0.,0.,-1.));
#1871 = DIRECTION('',(1.,0.,0.));
#1872 = ORIENTED_EDGE('',*,*,#1858,.F.);
#1873 = ORIENTED_EDGE('',*,*,#644,.T.);
#1874 = CYLINDRICAL_SURFACE('',#1875,1.5);
#1875 = AXIS2_PLACEMENT_3D('',#1876,#1877,#1878);
#1876 = CARTESIAN_POINT('',(0.,-20.,-6.));
#1877 = DIRECTION('',(-0.,-0.,-1.));
#1878 = DIRECTION('',(1.,0.,0.));
#1879 = ADVANCED_FACE('',(#1880),#1912,.F.);
#1880 = FACE_BOUND('',#1881,.F.);
#1881 = EDGE_LOOP('',(#1882,#1883,#1884,#1885,#1886,#1887,#1888,#1889,
    #1896,#1903,#1904,#1905,#1906,#1907,#1908,#1909,#1910,#1911));
#1882 = ORIENTED_EDGE('',*,*,#1147,.T.);
#1883 = ORIENTED_EDGE('',*,*,#1204,.T.);
#1884 = ORIENTED_EDGE('',*,*,#1107,.F.);
#1885 = ORIENTED_EDGE('',*,*,#1053,.F.);
#1886 = ORIENTED_EDGE('',*,*,#986,.F.);
#1887 = ORIENTED_EDGE('',*,*,#934,.T.);
#1888 = ORIENTED_EDGE('',*,*,#877,.F.);
#1889 = ORIENTED_EDGE('',*,*,#1890,.F.);
#1890 = EDGE_CURVE('',#1891,#869,#1893,.T.);
#1891 = VERTEX_POINT('',#1892);
#1892 = CARTESIAN_POINT('',(15.085677377183,0.,-16.2));
#1893 = B_SPLINE_CURVE_WITH_KNOTS('',1,(#1894,#1895),.UNSPECIFIED.,.F.,
  .F.,(2,2),(-11.61293133893,0.),.PIECEWISE_BEZIER_KNOTS.);
#1894 = CARTESIAN_POINT('',(15.085677377183,-3.69E-15,-16.2));
#1895 = CARTESIAN_POINT('',(24.2,-5.93E-15,-9.003521874547));
#1896 = ORIENTED_EDGE('',*,*,#1897,.T.);
#1897 = EDGE_CURVE('',#1891,#1891,#1898,.T.);
#1898 = CIRCLE('',#1899,15.085677377183);
#1899 = AXIS2_PLACEMENT_3D('',#1900,#1901,#1902);
#1900 = CARTESIAN_POINT('',(0.,0.,-16.2));
#1901 = DIRECTION('',(0.,0.,1.));
#1902 = DIRECTION('',(1.,0.,0.));
#1903 = ORIENTED_EDGE('',*,*,#1890,.T.);
#1904 = ORIENTED_EDGE('',*,*,#868,.F.);
#1905 = ORIENTED_EDGE('',*,*,#448,.F.);
#1906 = ORIENTED_EDGE('',*,*,#407,.T.);
#1907 = ORIENTED_EDGE('',*,*,#467,.F.);
#1908 = ORIENTED_EDGE('',*,*,#900,.F.);
#1909 = ORIENTED_EDGE('',*,*,#968,.T.);
#1910 = ORIENTED_EDGE('',*,*,#1028,.F.);
#1911 = ORIENTED_EDGE('',*,*,#1080,.F.);
#1912 = CONICAL_SURFACE('',#1913,24.2,0.902442006546);
#1913 = AXIS2_PLACEMENT_3D('',#1914,#1915,#1916);
#1914 = CARTESIAN_POINT('',(0.,0.,-9.003521874547));
#1915 = DIRECTION('',(0.,0.,1.));
#1916 = DIRECTION('',(1.,0.,0.));
#1917 = ADVANCED_FACE('',(#1918,#1965),#1982,.T.);
#1918 = FACE_BOUND('',#1919,.T.);
#1919 = EDGE_LOOP('',(#1920,#1931,#1949,#1958));
#1920 = ORIENTED_EDGE('',*,*,#1921,.T.);
#1921 = EDGE_CURVE('',#1922,#1924,#1926,.T.);
#1922 = VERTEX_POINT('',#1923);
#1923 = CARTESIAN_POINT('',(7.988218106533,-32.94538467649,4.4));
#1924 = VERTEX_POINT('',#1925);
#1925 = CARTESIAN_POINT('',(23.41778240199,-24.21767183261,4.4));
#1926 = B_SPLINE_CURVE_WITH_KNOTS('',3,(#1927,#1928,#1929,#1930),
  .UNSPECIFIED.,.F.,.F.,(4,4),(3.E-17,1.800220227658E-02),
  .PIECEWISE_BEZIER_KNOTS.);
#1927 = CARTESIAN_POINT('',(7.988218106533,-32.94538467649,4.4));
#1928 = CARTESIAN_POINT('',(13.80473944266,-31.45838208626,4.4));
#1929 = CARTESIAN_POINT('',(19.153663060561,-28.4441525773,4.4));
#1930 = CARTESIAN_POINT('',(23.41778240199,-24.21767183261,4.4));
#1931 = ORIENTED_EDGE('',*,*,#1932,.T.);
#1932 = EDGE_CURVE('',#1924,#1933,#1935,.T.);
#1933 = VERTEX_POINT('',#1934);
#1934 = CARTESIAN_POINT('',(24.636763348567,22.976467381344,4.4));
#1935 = B_SPLINE_CURVE_WITH_KNOTS('',3,(#1936,#1937,#1938,#1939,#1940,
    #1941,#1942,#1943,#1944,#1945,#1946,#1947,#1948),.UNSPECIFIED.,.F.,
  .F.,(4,1,1,1,1,1,1,1,1,1,4),(2.E-17,6.576716368579E-03,
    1.315343273716E-02,1.973014910574E-02,2.630686547432E-02,
    3.288358184289E-02,3.617194002718E-02,3.946029821147E-02,
    4.274865639576E-02,4.603701458005E-02,5.261373094863E-02),
  .UNSPECIFIED.);
#1936 = CARTESIAN_POINT('',(23.41778240199,-24.21767183261,4.4));
#1937 = CARTESIAN_POINT('',(24.982146561352,-22.68178593896,4.4));
#1938 = CARTESIAN_POINT('',(27.80133961318,-19.32880112935,4.4));
#1939 = CARTESIAN_POINT('',(30.996304021546,-13.55706448975,4.4));
#1940 = CARTESIAN_POINT('',(33.003612370041,-7.38903466825,4.4));
#1941 = CARTESIAN_POINT('',(33.806424690871,-0.834856418485,4.4));
#1942 = CARTESIAN_POINT('',(33.424097071925,4.550402831006,4.4));
#1943 = CARTESIAN_POINT('',(32.48688490764,8.842892443167,4.4));
#1944 = CARTESIAN_POINT('',(31.490398712239,11.930470395878,4.4));
#1945 = CARTESIAN_POINT('',(30.207935916774,14.908131345912,4.4));
#1946 = CARTESIAN_POINT('',(28.096944516983,18.745623379902,4.4));
#1947 = CARTESIAN_POINT('',(26.11955089475,21.361760662838,4.4));
#1948 = CARTESIAN_POINT('',(24.636763348567,22.976467381343,4.4));
#1949 = ORIENTED_EDGE('',*,*,#1950,.T.);
#1950 = EDGE_CURVE('',#1933,#1951,#1953,.T.);
#1951 = VERTEX_POINT('',#1952);
#1952 = CARTESIAN_POINT('',(9.68321810654,32.487617442669,4.4));
#1953 = B_SPLINE_CURVE_WITH_KNOTS('',3,(#1954,#1955,#1956,#1957),
  .UNSPECIFIED.,.F.,.F.,(4,4),(1.E-17,1.799818071249E-02),
  .PIECEWISE_BEZIER_KNOTS.);
#1954 = CARTESIAN_POINT('',(24.636763348567,22.976467381343,4.4));
#1955 = CARTESIAN_POINT('',(20.598262869512,27.417002878844,4.4));
#1956 = CARTESIAN_POINT('',(15.413900730244,30.702876068661,4.4));
#1957 = CARTESIAN_POINT('',(9.68321810654,32.487617442669,4.4));
#1958 = ORIENTED_EDGE('',*,*,#1959,.T.);
#1959 = EDGE_CURVE('',#1951,#1922,#1960,.T.);
#1960 = CIRCLE('',#1961,33.9);
#1961 = AXIS2_PLACEMENT_3D('',#1962,#1963,#1964);
#1962 = CARTESIAN_POINT('',(0.,0.,4.4));
#1963 = DIRECTION('',(0.,0.,1.));
#1964 = DIRECTION('',(1.,0.,0.));
#1965 = FACE_BOUND('',#1966,.T.);
#1966 = EDGE_LOOP('',(#1967,#1968,#1969,#1970,#1971,#1972,#1973,#1974,
    #1975,#1976,#1977,#1978,#1979,#1980,#1981));
#1967 = ORIENTED_EDGE('',*,*,#1230,.F.);
#1968 = ORIENTED_EDGE('',*,*,#1254,.F.);
#1969 = ORIENTED_EDGE('',*,*,#1302,.F.);
#1970 = ORIENTED_EDGE('',*,*,#1350,.F.);
#1971 = ORIENTED_EDGE('',*,*,#1390,.F.);
#1972 = ORIENTED_EDGE('',*,*,#1464,.F.);
#1973 = ORIENTED_EDGE('',*,*,#1484,.F.);
#1974 = ORIENTED_EDGE('',*,*,#1503,.F.);
#1975 = ORIENTED_EDGE('',*,*,#1441,.F.);
#1976 = ORIENTED_EDGE('',*,*,#1417,.F.);
#1977 = ORIENTED_EDGE('',*,*,#1367,.F.);
#1978 = ORIENTED_EDGE('',*,*,#1319,.F.);
#1979 = ORIENTED_EDGE('',*,*,#1271,.F.);
#1980 = ORIENTED_EDGE('',*,*,#1131,.F.);
#1981 = ORIENTED_EDGE('',*,*,#1186,.F.);
#1982 = PLANE('',#1983);
#1983 = AXIS2_PLACEMENT_3D('',#1984,#1985,#1986);
#1984 = CARTESIAN_POINT('',(31.95,0.,4.4));
#1985 = DIRECTION('',(0.,0.,1.));
#1986 = DIRECTION('',(1.,0.,0.));
#1987 = ADVANCED_FACE('',(#1988),#1999,.F.);
#1988 = FACE_BOUND('',#1989,.F.);
#1989 = EDGE_LOOP('',(#1990,#1991,#1998));
#1990 = ORIENTED_EDGE('',*,*,#1526,.F.);
#1991 = ORIENTED_EDGE('',*,*,#1992,.F.);
#1992 = EDGE_CURVE('',#1993,#1520,#1995,.T.);
#1993 = VERTEX_POINT('',#1994);
#1994 = CARTESIAN_POINT('',(-15.,-16.,-12.75107577378));
#1995 = B_SPLINE_CURVE_WITH_KNOTS('',1,(#1996,#1997),.UNSPECIFIED.,.F.,
  .F.,(2,2),(0.,1.458291746519),.PIECEWISE_BEZIER_KNOTS.);
#1996 = CARTESIAN_POINT('',(-15.,-16.,-12.75107577378));
#1997 = CARTESIAN_POINT('',(-13.75,-16.,-12.));
#1998 = ORIENTED_EDGE('',*,*,#1992,.T.);
#1999 = CONICAL_SURFACE('',#2000,0.,1.029744258677);
#2000 = AXIS2_PLACEMENT_3D('',#2001,#2002,#2003);
#2001 = CARTESIAN_POINT('',(-15.,-16.,-12.75107577378));
#2002 = DIRECTION('',(0.,0.,1.));
#2003 = DIRECTION('',(1.,0.,0.));
#2004 = ADVANCED_FACE('',(#2005,#2008),#2011,.T.);
#2005 = FACE_BOUND('',#2006,.T.);
#2006 = EDGE_LOOP('',(#2007));
#2007 = ORIENTED_EDGE('',*,*,#1550,.T.);
#2008 = FACE_BOUND('',#2009,.T.);
#2009 = EDGE_LOOP('',(#2010));
#2010 = ORIENTED_EDGE('',*,*,#1866,.T.);
#2011 = PLANE('',#2012);
#2012 = AXIS2_PLACEMENT_3D('',#2013,#2014,#2015);
#2013 = CARTESIAN_POINT('',(0.,-20.,-2.));
#2014 = DIRECTION('',(0.,0.,1.));
#2015 = DIRECTION('',(1.,0.,0.));
#2016 = ADVANCED_FACE('',(#2017),#2028,.F.);
#2017 = FACE_BOUND('',#2018,.F.);
#2018 = EDGE_LOOP('',(#2019,#2020,#2027));
#2019 = ORIENTED_EDGE('',*,*,#1577,.F.);
#2020 = ORIENTED_EDGE('',*,*,#2021,.F.);
#2021 = EDGE_CURVE('',#2022,#1571,#2024,.T.);
#2022 = VERTEX_POINT('',#2023);
#2023 = CARTESIAN_POINT('',(15.,-16.,-12.75107577378));
#2024 = B_SPLINE_CURVE_WITH_KNOTS('',1,(#2025,#2026),.UNSPECIFIED.,.F.,
  .F.,(2,2),(0.,1.458291746519),.PIECEWISE_BEZIER_KNOTS.);
#2025 = CARTESIAN_POINT('',(15.,-16.,-12.75107577378));
#2026 = CARTESIAN_POINT('',(16.25,-16.,-12.));
#2027 = ORIENTED_EDGE('',*,*,#2021,.T.);
#2028 = CONICAL_SURFACE('',#2029,0.,1.029744258677);
#2029 = AXIS2_PLACEMENT_3D('',#2030,#2031,#2032);
#2030 = CARTESIAN_POINT('',(15.,-16.,-12.75107577378));
#2031 = DIRECTION('',(0.,0.,1.));
#2032 = DIRECTION('',(1.,0.,0.));
#2033 = ADVANCED_FACE('',(#2034),#2045,.F.);
#2034 = FACE_BOUND('',#2035,.F.);
#2035 = EDGE_LOOP('',(#2036,#2037,#2044));
#2036 = ORIENTED_EDGE('',*,*,#1601,.F.);
#2037 = ORIENTED_EDGE('',*,*,#2038,.F.);
#2038 = EDGE_CURVE('',#2039,#1595,#2041,.T.);
#2039 = VERTEX_POINT('',#2040);
#2040 = CARTESIAN_POINT('',(-15.,16.,-12.75107577378));
#2041 = B_SPLINE_CURVE_WITH_KNOTS('',1,(#2042,#2043),.UNSPECIFIED.,.F.,
  .F.,(2,2),(0.,1.458291746519),.PIECEWISE_BEZIER_KNOTS.);
#2042 = CARTESIAN_POINT('',(-15.,16.,-12.75107577378));
#2043 = CARTESIAN_POINT('',(-13.75,16.,-12.));
#2044 = ORIENTED_EDGE('',*,*,#2038,.T.);
#2045 = CONICAL_SURFACE('',#2046,0.,1.029744258677);
#2046 = AXIS2_PLACEMENT_3D('',#2047,#2048,#2049);
#2047 = CARTESIAN_POINT('',(-15.,16.,-12.75107577378));
#2048 = DIRECTION('',(0.,0.,1.));
#2049 = DIRECTION('',(1.,0.,0.));
#2050 = ADVANCED_FACE('',(#2051),#2062,.F.);
#2051 = FACE_BOUND('',#2052,.F.);
#2052 = EDGE_LOOP('',(#2053,#2054,#2061));
#2053 = ORIENTED_EDGE('',*,*,#1625,.F.);
#2054 = ORIENTED_EDGE('',*,*,#2055,.F.);
#2055 = EDGE_CURVE('',#2056,#1619,#2058,.T.);
#2056 = VERTEX_POINT('',#2057);
#2057 = CARTESIAN_POINT('',(15.,16.,-12.75107577378));
#2058 = B_SPLINE_CURVE_WITH_KNOTS('',1,(#2059,#2060),.UNSPECIFIED.,.F.,
  .F.,(2,2),(0.,1.458291746519),.PIECEWISE_BEZIER_KNOTS.);
#2059 = CARTESIAN_POINT('',(15.,16.,-12.75107577378));
#2060 = CARTESIAN_POINT('',(16.25,16.,-12.));
#2061 = ORIENTED_EDGE('',*,*,#2055,.T.);
#2062 = CONICAL_SURFACE('',#2063,0.,1.029744258677);
#2063 = AXIS2_PLACEMENT_3D('',#2064,#2065,#2066);
#2064 = CARTESIAN_POINT('',(15.,16.,-12.75107577378));
#2065 = DIRECTION('',(0.,0.,1.));
#2066 = DIRECTION('',(1.,0.,0.));
#2067 = ADVANCED_FACE('',(#2068),#2088,.F.);
#2068 = FACE_BOUND('',#2069,.F.);
#2069 = EDGE_LOOP('',(#2070,#2071,#2079,#2086,#2087));
#2070 = ORIENTED_EDGE('',*,*,#1734,.F.);
#2071 = ORIENTED_EDGE('',*,*,#2072,.T.);
#2072 = EDGE_CURVE('',#1644,#2073,#2075,.T.);
#2073 = VERTEX_POINT('',#2074);
#2074 = CARTESIAN_POINT('',(5.06,-35.53445316579,-15.35263841103));
#2075 = LINE('',#2076,#2077);
#2076 = CARTESIAN_POINT('',(5.06,-22.37875647479,-10.56435640447));
#2077 = VECTOR('',#2078,1.);
#2078 = DIRECTION('',(0.,-0.939692620786,-0.342020143326));
#2079 = ORIENTED_EDGE('',*,*,#2080,.F.);
#2080 = EDGE_CURVE('',#2073,#2073,#2081,.T.);
#2081 = CIRCLE('',#2082,5.06);
#2082 = AXIS2_PLACEMENT_3D('',#2083,#2084,#2085);
#2083 = CARTESIAN_POINT('',(0.,-35.53445316579,-15.35263841103));
#2084 = DIRECTION('',(0.,-0.939692620786,-0.342020143326));
#2085 = DIRECTION('',(1.,0.,0.));
#2086 = ORIENTED_EDGE('',*,*,#2072,.F.);
#2087 = ORIENTED_EDGE('',*,*,#1641,.F.);
#2088 = CYLINDRICAL_SURFACE('',#2089,5.06);
#2089 = AXIS2_PLACEMENT_3D('',#2090,#2091,#2092);
#2090 = CARTESIAN_POINT('',(0.,-22.37875647479,-10.56435640447));
#2091 = DIRECTION('',(0.,-0.939692620786,-0.342020143326));
#2092 = DIRECTION('',(1.,0.,0.));
#2093 = ADVANCED_FACE('',(#2094,#2105),#2108,.F.);
#2094 = FACE_BOUND('',#2095,.T.);
#2095 = EDGE_LOOP('',(#2096));
#2096 = ORIENTED_EDGE('',*,*,#2097,.T.);
#2097 = EDGE_CURVE('',#2098,#2098,#2100,.T.);
#2098 = VERTEX_POINT('',#2099);
#2099 = CARTESIAN_POINT('',(-8.7,0.,-16.2));
#2100 = CIRCLE('',#2101,8.7);
#2101 = AXIS2_PLACEMENT_3D('',#2102,#2103,#2104);
#2102 = CARTESIAN_POINT('',(0.,0.,-16.2));
#2103 = DIRECTION('',(0.,0.,-1.));
#2104 = DIRECTION('',(-1.,0.,0.));
#2105 = FACE_BOUND('',#2106,.T.);
#2106 = EDGE_LOOP('',(#2107));
#2107 = ORIENTED_EDGE('',*,*,#1897,.T.);
#2108 = PLANE('',#2109);
#2109 = AXIS2_PLACEMENT_3D('',#2110,#2111,#2112);
#2110 = CARTESIAN_POINT('',(11.542838688591,0.,-16.2));
#2111 = DIRECTION('',(0.,0.,-1.));
#2112 = DIRECTION('',(-1.,0.,0.));
#2113 = ADVANCED_FACE('',(#2114),#2350,.F.);
#2114 = FACE_BOUND('',#2115,.F.);
#2115 = EDGE_LOOP('',(#2116,#2206,#2227,#2317,#2349));
#2116 = ORIENTED_EDGE('',*,*,#2117,.F.);
#2117 = EDGE_CURVE('',#2118,#1924,#2120,.T.);
#2118 = VERTEX_POINT('',#2119);
#2119 = CARTESIAN_POINT('',(31.051432645041,-13.06509442406,0.));
#2120 = ( BOUNDED_CURVE() B_SPLINE_CURVE(2,(#2121,#2122,#2123,#2124,
    #2125,#2126,#2127,#2128,#2129,#2130,#2131,#2132,#2133,#2134,#2135,
    #2136,#2137,#2138,#2139,#2140,#2141,#2142,#2143,#2144,#2145,#2146,
    #2147,#2148,#2149,#2150,#2151,#2152,#2153,#2154,#2155,#2156,#2157,
    #2158,#2159,#2160,#2161,#2162,#2163,#2164,#2165,#2166,#2167,#2168,
    #2169,#2170,#2171,#2172,#2173,#2174,#2175,#2176,#2177,#2178,#2179,
    #2180,#2181,#2182,#2183,#2184,#2185,#2186,#2187,#2188,#2189,#2190,
    #2191,#2192,#2193,#2194,#2195,#2196,#2197,#2198,#2199,#2200,#2201,
    #2202,#2203,#2204,#2205),.UNSPECIFIED.,.F.,.F.) 
B_SPLINE_CURVE_WITH_KNOTS((3,2,2,2,2,2,2,2,2,2,2,2,2,2,2,2,2,2,2,2,2,2,2
    ,2,2,2,2,2,2,2,2,2,2,2,2,2,2,2,2,2,2,2,3),(0.,2.380952380952E-02,
    4.761904761905E-02,7.142857142857E-02,9.52380952381E-02,
    0.119047619048,0.142857142857,0.166666666667,0.190476190476,
    0.214285714286,0.238095238095,0.261904761905,0.285714285714,
    0.309523809524,0.333333333333,0.357142857143,0.380952380952,
    0.404761904762,0.428571428571,0.452380952381,0.47619047619,0.5,
    0.52380952381,0.547619047619,0.571428571429,0.595238095238,
    0.619047619048,0.642857142857,0.666666666667,0.690476190476,
    0.714285714286,0.738095238095,0.761904761905,0.785714285714,
    0.809523809524,0.833333333333,0.857142857143,0.880952380952,
    0.904761904762,0.928571428571,0.952380952381,0.97619047619,1.),
.UNSPECIFIED.) CURVE() GEOMETRIC_REPRESENTATION_ITEM() 
RATIONAL_B_SPLINE_CURVE((1.,0.866025403784,1.,0.866025403784,1.,
    0.866025403784,1.,0.866025403784,1.,0.866025403784,1.,0.866025403784
    ,1.,0.866025403784,1.,0.866025403784,1.,0.866025403784,1.,
    0.866025403784,1.,0.866025403784,1.,0.866025403784,1.,0.866025403784
    ,1.,0.866025403784,1.,0.866025403784,1.,0.866025403784,1.,
    0.866025403784,1.,0.866025403784,1.,0.866025403784,1.,0.866025403784
    ,1.,0.866025403784,1.,0.866025403784,1.,0.866025403784,1.,
    0.866025403784,1.,0.866025403784,1.,0.866025403784,1.,0.866025403784
    ,1.,0.866025403784,1.,0.866025403784,1.,0.866025403784,1.,
    0.866025403784,1.,0.866025403784,1.,0.866025403784,1.,0.866025403784
    ,1.,0.866025403784,1.,0.866025403784,1.,0.866025403784,1.,
    0.866025403784,1.,0.866025403784,1.,0.866025403784,1.,0.866025403784
,1.,0.866025403784,1.)) REPRESENTATION_ITEM('') );
#2121 = CARTESIAN_POINT('',(-33.6881011875,2.11E-15,-2.15625));
#2122 = CARTESIAN_POINT('',(-33.6881011875,-19.44983428909,-2.03125));
#2123 = CARTESIAN_POINT('',(-16.84405059375,-29.17475143363,-1.90625));
#2124 = CARTESIAN_POINT('',(-2.38E-15,-38.89966857818,-1.78125));
#2125 = CARTESIAN_POINT('',(16.84405059375,-29.17475143363,-1.65625));
#2126 = CARTESIAN_POINT('',(33.6881011875,-19.44983428909,-1.53125));
#2127 = CARTESIAN_POINT('',(33.6881011875,-2.01E-15,-1.40625));
#2128 = CARTESIAN_POINT('',(33.6881011875,19.449834289091,-1.28125));
#2129 = CARTESIAN_POINT('',(16.84405059375,29.174751433636,-1.15625));
#2130 = CARTESIAN_POINT('',(7.15E-15,38.899668578181,-1.03125));
#2131 = CARTESIAN_POINT('',(-16.84405059375,29.174751433636,-0.90625));
#2132 = CARTESIAN_POINT('',(-33.6881011875,19.449834289091,-0.78125));
#2133 = CARTESIAN_POINT('',(-33.6881011875,1.036E-14,-0.65625));
#2134 = CARTESIAN_POINT('',(-33.6881011875,-19.44983428909,-0.53125));
#2135 = CARTESIAN_POINT('',(-16.84405059375,-29.17475143363,-0.40625));
#2136 = CARTESIAN_POINT('',(-4.646E-14,-38.89966857818,-0.28125));
#2137 = CARTESIAN_POINT('',(16.84405059375,-29.17475143363,-0.15625));
#2138 = CARTESIAN_POINT('',(33.6881011875,-19.44983428909,-3.125E-02));
#2139 = CARTESIAN_POINT('',(33.6881011875,-1.026E-14,9.375E-02));
#2140 = CARTESIAN_POINT('',(33.6881011875,19.449834289091,0.21875));
#2141 = CARTESIAN_POINT('',(16.84405059375,29.174751433636,0.34375));
#2142 = CARTESIAN_POINT('',(1.667E-14,38.899668578181,0.46875));
#2143 = CARTESIAN_POINT('',(-16.84405059375,29.174751433636,0.59375));
#2144 = CARTESIAN_POINT('',(-33.6881011875,19.449834289091,0.71875));
#2145 = CARTESIAN_POINT('',(-33.6881011875,1.861E-14,0.84375));
#2146 = CARTESIAN_POINT('',(-33.6881011875,-19.44983428909,0.96875));
#2147 = CARTESIAN_POINT('',(-16.84405059375,-29.17475143363,1.09375));
#2148 = CARTESIAN_POINT('',(-9.054E-14,-38.89966857818,1.21875));
#2149 = CARTESIAN_POINT('',(16.84405059375,-29.17475143363,1.34375));
#2150 = CARTESIAN_POINT('',(33.6881011875,-19.44983428909,1.46875));
#2151 = CARTESIAN_POINT('',(33.6881011875,-7.836E-14,1.59375));
#2152 = CARTESIAN_POINT('',(33.6881011875,19.44983428909,1.71875));
#2153 = CARTESIAN_POINT('',(16.84405059375,29.174751433636,1.84375));
#2154 = CARTESIAN_POINT('',(9.53E-14,38.899668578181,1.96875));
#2155 = CARTESIAN_POINT('',(-16.84405059375,29.174751433636,2.09375));
#2156 = CARTESIAN_POINT('',(-33.6881011875,19.449834289091,2.21875));
#2157 = CARTESIAN_POINT('',(-33.6881011875,2.687E-14,2.34375));
#2158 = CARTESIAN_POINT('',(-33.6881011875,-19.44983428909,2.46875));
#2159 = CARTESIAN_POINT('',(-16.84405059375,-29.17475143363,2.59375));
#2160 = CARTESIAN_POINT('',(-1.0006E-13,-38.89966857818,2.71875));
#2161 = CARTESIAN_POINT('',(16.84405059375,-29.17475143363,2.84375));
#2162 = CARTESIAN_POINT('',(33.6881011875,-19.44983428909,2.96875));
#2163 = CARTESIAN_POINT('',(33.6881011875,-2.677E-14,3.09375));
#2164 = CARTESIAN_POINT('',(33.6881011875,19.44983428909,3.21875));
#2165 = CARTESIAN_POINT('',(16.84405059375,29.174751433636,3.34375));
#2166 = CARTESIAN_POINT('',(1.0483E-13,38.899668578181,3.46875));
#2167 = CARTESIAN_POINT('',(-16.84405059375,29.174751433636,3.59375));
#2168 = CARTESIAN_POINT('',(-33.6881011875,19.449834289091,3.71875));
#2169 = CARTESIAN_POINT('',(-33.6881011875,3.512E-14,3.84375));
#2170 = CARTESIAN_POINT('',(-33.6881011875,-19.44983428909,3.96875));
#2171 = CARTESIAN_POINT('',(-16.84405059375,-29.17475143363,4.09375));
#2172 = CARTESIAN_POINT('',(-1.0959E-13,-38.89966857818,4.21875));
#2173 = CARTESIAN_POINT('',(16.84405059375,-29.17475143363,4.34375));
#2174 = CARTESIAN_POINT('',(33.6881011875,-19.44983428909,4.46875));
#2175 = CARTESIAN_POINT('',(33.6881011875,-1.547E-13,4.59375));
#2176 = CARTESIAN_POINT('',(33.6881011875,19.44983428909,4.71875));
#2177 = CARTESIAN_POINT('',(16.84405059375,29.174751433636,4.84375));
#2178 = CARTESIAN_POINT('',(1.1436E-13,38.899668578181,4.96875));
#2179 = CARTESIAN_POINT('',(-16.84405059375,29.174751433636,5.09375));
#2180 = CARTESIAN_POINT('',(-33.6881011875,19.449834289091,5.21875));
#2181 = CARTESIAN_POINT('',(-33.6881011875,1.6305E-13,5.34375));
#2182 = CARTESIAN_POINT('',(-33.6881011875,-19.44983428909,5.46875));
#2183 = CARTESIAN_POINT('',(-16.84405059375,-29.17475143363,5.59375));
#2184 = CARTESIAN_POINT('',(-2.5732E-13,-38.89966857818,5.71875));
#2185 = CARTESIAN_POINT('',(16.84405059375,-29.17475143363,5.84375));
#2186 = CARTESIAN_POINT('',(33.6881011875,-19.44983428909,5.96875));
#2187 = CARTESIAN_POINT('',(33.6881011875,-1.6295E-13,6.09375));
#2188 = CARTESIAN_POINT('',(33.6881011875,19.44983428909,6.21875));
#2189 = CARTESIAN_POINT('',(16.84405059375,29.174751433636,6.34375));
#2190 = CARTESIAN_POINT('',(1.2388E-13,38.899668578181,6.46875));
#2191 = CARTESIAN_POINT('',(-16.84405059375,29.174751433636,6.59375));
#2192 = CARTESIAN_POINT('',(-33.6881011875,19.449834289091,6.71875));
#2193 = CARTESIAN_POINT('',(-33.6881011875,5.162E-14,6.84375));
#2194 = CARTESIAN_POINT('',(-33.6881011875,-19.44983428909,6.96875));
#2195 = CARTESIAN_POINT('',(-16.84405059375,-29.17475143363,7.09375));
#2196 = CARTESIAN_POINT('',(-2.6685E-13,-38.89966857818,7.21875));
#2197 = CARTESIAN_POINT('',(16.84405059375,-29.17475143363,7.34375));
#2198 = CARTESIAN_POINT('',(33.6881011875,-19.44983428909,7.46875));
#2199 = CARTESIAN_POINT('',(33.6881011875,-1.712E-13,7.59375));
#2200 = CARTESIAN_POINT('',(33.6881011875,19.44983428909,7.71875));
#2201 = CARTESIAN_POINT('',(16.84405059375,29.174751433636,7.84375));
#2202 = CARTESIAN_POINT('',(1.3341E-13,38.899668578181,7.96875));
#2203 = CARTESIAN_POINT('',(-16.84405059375,29.174751433636,8.09375));
#2204 = CARTESIAN_POINT('',(-33.6881011875,19.449834289091,8.21875));
#2205 = CARTESIAN_POINT('',(-33.6881011875,5.987E-14,8.34375));
#2206 = ORIENTED_EDGE('',*,*,#2207,.F.);
#2207 = EDGE_CURVE('',#2208,#2118,#2210,.T.);
#2208 = VERTEX_POINT('',#2209);
#2209 = CARTESIAN_POINT('',(-24.6166294589,-24.17170978816,0.));
#2210 = B_SPLINE_CURVE_WITH_KNOTS('',3,(#2211,#2212,#2213,#2214,#2215,
    #2216,#2217,#2218,#2219,#2220,#2221,#2222,#2223,#2224,#2225,#2226),
  .UNSPECIFIED.,.F.,.F.,(4,1,1,1,1,1,1,1,1,1,1,1,1,4),(0.126072227772,
    0.130251278275,0.134430328777,0.138609379279,0.142788429781,
    0.151146530786,0.155325581288,0.15950463179,0.167862732795,
    0.172041783297,0.176220833799,0.184578934804,0.188757985306,
    0.192937035808),.UNSPECIFIED.);
#2211 = CARTESIAN_POINT('',(-24.6166294589,-24.17170978816,-1.11E-15));
#2212 = CARTESIAN_POINT('',(-23.62704830674,-25.15530664314,-1.11E-15));
#2213 = CARTESIAN_POINT('',(-21.50265227363,-27.02424384497,1.69E-15));
#2214 = CARTESIAN_POINT('',(-18.05477272811,-29.38108402943,-3.54E-15));
#2215 = CARTESIAN_POINT('',(-14.35270854517,-31.30968534459,3.97E-15));
#2216 = CARTESIAN_POINT('',(-9.056886781379,-33.27966479754,-1.85E-15));
#2217 = CARTESIAN_POINT('',(-3.575723981914,-34.23574753887,1.48E-15));
#2218 = CARTESIAN_POINT('',(2.070802855943,-34.17193143866,-4.1E-16));
#2219 = CARTESIAN_POINT('',(7.565805584034,-33.43285444191,1.28E-15));
#2220 = CARTESIAN_POINT('',(12.965692403302,-31.65677574369,-1.2E-16));
#2221 = CARTESIAN_POINT('',(17.827577898537,-28.99223987698,6.4E-16));
#2222 = CARTESIAN_POINT('',(22.411266595805,-25.68402452044,1.78E-15));
#2223 = CARTESIAN_POINT('',(26.239282711415,-21.64902771672,3.8E-16));
#2224 = CARTESIAN_POINT('',(29.306326087017,-16.90093087246,7.6E-16));
#2225 = CARTESIAN_POINT('',(30.521205813733,-14.37163107151,-1.E-16));
#2226 = CARTESIAN_POINT('',(31.051432645041,-13.06509442406,-1.E-16));
#2227 = ORIENTED_EDGE('',*,*,#2228,.T.);
#2228 = EDGE_CURVE('',#2208,#2229,#2231,.T.);
#2229 = VERTEX_POINT('',#2230);
#2230 = CARTESIAN_POINT('',(18.919296814498,28.849786967063,3.8));
#2231 = ( BOUNDED_CURVE() B_SPLINE_CURVE(2,(#2232,#2233,#2234,#2235,
    #2236,#2237,#2238,#2239,#2240,#2241,#2242,#2243,#2244,#2245,#2246,
    #2247,#2248,#2249,#2250,#2251,#2252,#2253,#2254,#2255,#2256,#2257,
    #2258,#2259,#2260,#2261,#2262,#2263,#2264,#2265,#2266,#2267,#2268,
    #2269,#2270,#2271,#2272,#2273,#2274,#2275,#2276,#2277,#2278,#2279,
    #2280,#2281,#2282,#2283,#2284,#2285,#2286,#2287,#2288,#2289,#2290,
    #2291,#2292,#2293,#2294,#2295,#2296,#2297,#2298,#2299,#2300,#2301,
    #2302,#2303,#2304,#2305,#2306,#2307,#2308,#2309,#2310,#2311,#2312,
    #2313,#2314,#2315,#2316),.UNSPECIFIED.,.F.,.F.) 
B_SPLINE_CURVE_WITH_KNOTS((3,2,2,2,2,2,2,2,2,2,2,2,2,2,2,2,2,2,2,2,2,2,2
    ,2,2,2,2,2,2,2,2,2,2,2,2,2,2,2,2,2,2,2,3),(0.,2.380952380952E-02,
    4.761904761905E-02,7.142857142857E-02,9.52380952381E-02,
    0.119047619048,0.142857142857,0.166666666667,0.190476190476,
    0.214285714286,0.238095238095,0.261904761905,0.285714285714,
    0.309523809524,0.333333333333,0.357142857143,0.380952380952,
    0.404761904762,0.428571428571,0.452380952381,0.47619047619,0.5,
    0.52380952381,0.547619047619,0.571428571429,0.595238095238,
    0.619047619048,0.642857142857,0.666666666667,0.690476190476,
    0.714285714286,0.738095238095,0.761904761905,0.785714285714,
    0.809523809524,0.833333333333,0.857142857143,0.880952380952,
    0.904761904762,0.928571428571,0.952380952381,0.97619047619,1.),
.UNSPECIFIED.) CURVE() GEOMETRIC_REPRESENTATION_ITEM() 
RATIONAL_B_SPLINE_CURVE((1.,0.866025403784,1.,0.866025403784,1.,
    0.866025403784,1.,0.866025403784,1.,0.866025403784,1.,0.866025403784
    ,1.,0.866025403784,1.,0.866025403784,1.,0.866025403784,1.,
    0.866025403784,1.,0.866025403784,1.,0.866025403784,1.,0.866025403784
    ,1.,0.866025403784,1.,0.866025403784,1.,0.866025403784,1.,
    0.866025403784,1.,0.866025403784,1.,0.866025403784,1.,0.866025403784
    ,1.,0.866025403784,1.,0.866025403784,1.,0.866025403784,1.,
    0.866025403784,1.,0.866025403784,1.,0.866025403784,1.,0.866025403784
    ,1.,0.866025403784,1.,0.866025403784,1.,0.866025403784,1.,
    0.866025403784,1.,0.866025403784,1.,0.866025403784,1.,0.866025403784
    ,1.,0.866025403784,1.,0.866025403784,1.,0.866025403784,1.,
    0.866025403784,1.,0.866025403784,1.,0.866025403784,1.,0.866025403784
,1.,0.866025403784,1.)) REPRESENTATION_ITEM('') );
#2232 = CARTESIAN_POINT('',(-34.5,2.11E-15,-1.6875));
#2233 = CARTESIAN_POINT('',(-34.5,-19.91858428704,-1.5625));
#2234 = CARTESIAN_POINT('',(-17.25,-29.87787643056,-1.4375));
#2235 = CARTESIAN_POINT('',(-2.44E-15,-39.83716857408,-1.3125));
#2236 = CARTESIAN_POINT('',(17.25,-29.87787643056,-1.1875));
#2237 = CARTESIAN_POINT('',(34.5,-19.91858428704,-1.0625));
#2238 = CARTESIAN_POINT('',(34.5,-2.11E-15,-0.9375));
#2239 = CARTESIAN_POINT('',(34.5,19.918584287042,-0.8125));
#2240 = CARTESIAN_POINT('',(17.25,29.877876430563,-0.6875));
#2241 = CARTESIAN_POINT('',(7.32E-15,39.837168574084,-0.5625));
#2242 = CARTESIAN_POINT('',(-17.25,29.877876430563,-0.4375));
#2243 = CARTESIAN_POINT('',(-34.5,19.918584287042,-0.3125));
#2244 = CARTESIAN_POINT('',(-34.5,1.056E-14,-0.1875));
#2245 = CARTESIAN_POINT('',(-34.5,-19.91858428704,-6.25E-02));
#2246 = CARTESIAN_POINT('',(-17.25,-29.87787643056,6.25E-02));
#2247 = CARTESIAN_POINT('',(-4.758E-14,-39.83716857408,0.1875));
#2248 = CARTESIAN_POINT('',(17.25,-29.87787643056,0.3125));
#2249 = CARTESIAN_POINT('',(34.5,-19.91858428704,0.4375));
#2250 = CARTESIAN_POINT('',(34.5,-1.056E-14,0.5625));
#2251 = CARTESIAN_POINT('',(34.5,19.918584287042,0.6875));
#2252 = CARTESIAN_POINT('',(17.25,29.877876430563,0.8125));
#2253 = CARTESIAN_POINT('',(1.708E-14,39.837168574084,0.9375));
#2254 = CARTESIAN_POINT('',(-17.25,29.877876430563,1.0625));
#2255 = CARTESIAN_POINT('',(-34.5,19.918584287042,1.1875));
#2256 = CARTESIAN_POINT('',(-34.5,1.901E-14,1.3125));
#2257 = CARTESIAN_POINT('',(-34.5,-19.91858428704,1.4375));
#2258 = CARTESIAN_POINT('',(-17.25,-29.87787643056,1.5625));
#2259 = CARTESIAN_POINT('',(-9.272E-14,-39.83716857408,1.6875));
#2260 = CARTESIAN_POINT('',(17.25,-29.87787643056,1.8125));
#2261 = CARTESIAN_POINT('',(34.5,-19.91858428704,1.9375));
#2262 = CARTESIAN_POINT('',(34.5,-8.03E-14,2.0625));
#2263 = CARTESIAN_POINT('',(34.5,19.918584287042,2.1875));
#2264 = CARTESIAN_POINT('',(17.25,29.877876430563,2.3125));
#2265 = CARTESIAN_POINT('',(9.76E-14,39.837168574084,2.4375));
#2266 = CARTESIAN_POINT('',(-17.25,29.877876430563,2.5625));
#2267 = CARTESIAN_POINT('',(-34.5,19.918584287042,2.6875));
#2268 = CARTESIAN_POINT('',(-34.5,2.746E-14,2.8125));
#2269 = CARTESIAN_POINT('',(-34.5,-19.91858428704,2.9375));
#2270 = CARTESIAN_POINT('',(-17.25,-29.87787643056,3.0625));
#2271 = CARTESIAN_POINT('',(-1.0248E-13,-39.83716857408,3.1875));
#2272 = CARTESIAN_POINT('',(17.25,-29.87787643056,3.3125));
#2273 = CARTESIAN_POINT('',(34.5,-19.91858428704,3.4375));
#2274 = CARTESIAN_POINT('',(34.5,-2.746E-14,3.5625));
#2275 = CARTESIAN_POINT('',(34.5,19.918584287042,3.6875));
#2276 = CARTESIAN_POINT('',(17.25,29.877876430563,3.8125));
#2277 = CARTESIAN_POINT('',(1.0735E-13,39.837168574084,3.9375));
#2278 = CARTESIAN_POINT('',(-17.25,29.877876430563,4.0625));
#2279 = CARTESIAN_POINT('',(-34.5,19.918584287042,4.1875));
#2280 = CARTESIAN_POINT('',(-34.5,3.591E-14,4.3125));
#2281 = CARTESIAN_POINT('',(-34.5,-19.91858428704,4.4375));
#2282 = CARTESIAN_POINT('',(-17.25,-29.87787643056,4.5625));
#2283 = CARTESIAN_POINT('',(-1.1223E-13,-39.83716857408,4.6875));
#2284 = CARTESIAN_POINT('',(17.25,-29.87787643056,4.8125));
#2285 = CARTESIAN_POINT('',(34.5,-19.91858428704,4.9375));
#2286 = CARTESIAN_POINT('',(34.5,-1.5848E-13,5.0625));
#2287 = CARTESIAN_POINT('',(34.5,19.918584287042,5.1875));
#2288 = CARTESIAN_POINT('',(17.25,29.877876430563,5.3125));
#2289 = CARTESIAN_POINT('',(1.1711E-13,39.837168574084,5.4375));
#2290 = CARTESIAN_POINT('',(-17.25,29.877876430563,5.5625));
#2291 = CARTESIAN_POINT('',(-34.5,19.918584287042,5.6875));
#2292 = CARTESIAN_POINT('',(-34.5,1.6693E-13,5.8125));
#2293 = CARTESIAN_POINT('',(-34.5,-19.91858428704,5.9375));
#2294 = CARTESIAN_POINT('',(-17.25,-29.87787643056,6.0625));
#2295 = CARTESIAN_POINT('',(-2.6352E-13,-39.83716857408,6.1875));
#2296 = CARTESIAN_POINT('',(17.25,-29.87787643056,6.3125));
#2297 = CARTESIAN_POINT('',(34.5,-19.91858428704,6.4375));
#2298 = CARTESIAN_POINT('',(34.5,-1.6693E-13,6.5625));
#2299 = CARTESIAN_POINT('',(34.5,19.918584287042,6.6875));
#2300 = CARTESIAN_POINT('',(17.25,29.877876430563,6.8125));
#2301 = CARTESIAN_POINT('',(1.2687E-13,39.837168574084,6.9375));
#2302 = CARTESIAN_POINT('',(-17.25,29.877876430563,7.0625));
#2303 = CARTESIAN_POINT('',(-34.5,19.918584287042,7.1875));
#2304 = CARTESIAN_POINT('',(-34.5,5.281E-14,7.3125));
#2305 = CARTESIAN_POINT('',(-34.5,-19.91858428704,7.4375));
#2306 = CARTESIAN_POINT('',(-17.25,-29.87787643056,7.5625));
#2307 = CARTESIAN_POINT('',(-2.7328E-13,-39.83716857408,7.6875));
#2308 = CARTESIAN_POINT('',(17.25,-29.87787643056,7.8125));
#2309 = CARTESIAN_POINT('',(34.5,-19.91858428704,7.9375));
#2310 = CARTESIAN_POINT('',(34.5,-1.7538E-13,8.0625));
#2311 = CARTESIAN_POINT('',(34.5,19.918584287042,8.1875));
#2312 = CARTESIAN_POINT('',(17.25,29.877876430563,8.3125));
#2313 = CARTESIAN_POINT('',(1.3663E-13,39.837168574084,8.4375));
#2314 = CARTESIAN_POINT('',(-17.25,29.877876430563,8.5625));
#2315 = CARTESIAN_POINT('',(-34.5,19.918584287042,8.6875));
#2316 = CARTESIAN_POINT('',(-34.5,6.126E-14,8.8125));
#2317 = ORIENTED_EDGE('',*,*,#2318,.T.);
#2318 = EDGE_CURVE('',#2229,#1922,#2319,.T.);
#2319 = B_SPLINE_CURVE_WITH_KNOTS('',3,(#2320,#2321,#2322,#2323,#2324,
    #2325,#2326,#2327,#2328,#2329,#2330,#2331,#2332,#2333,#2334,#2335,
    #2336,#2337,#2338,#2339,#2340,#2341,#2342,#2343,#2344,#2345,#2346,
    #2347,#2348),.UNSPECIFIED.,.F.,.F.,(4,1,1,1,1,1,1,1,1,1,1,1,1,1,1,1,
    1,1,1,1,1,1,1,1,1,1,4),(2.E-17,8.535960809153E-03,1.280394121373E-02
    ,1.707192161831E-02,2.133990202288E-02,2.560788242746E-02,
    2.987586283204E-02,3.414384323661E-02,3.841182364119E-02,
    4.267980404576E-02,4.694778445034E-02,5.121576485492E-02,
    5.548374525949E-02,5.975172566407E-02,6.828768647322E-02,
    7.25556668778E-02,7.682364728238E-02,8.535960809153E-02,
    8.962758849611E-02,9.389556890068E-02,0.10243152971,0.106699510114,
    0.110967490519,0.119503451328,0.123771431733,0.128039412137,
    0.136575372946),.UNSPECIFIED.);
#2320 = CARTESIAN_POINT('',(18.919296814498,28.849786967063,3.8));
#2321 = CARTESIAN_POINT('',(16.532507326816,30.401045400674,
    3.811678359729));
#2322 = CARTESIAN_POINT('',(12.701330040577,32.266724191391,
    3.82865531313));
#2323 = CARTESIAN_POINT('',(7.201673323252,33.773815829349,
    3.854051996135));
#2324 = CARTESIAN_POINT('',(3.035692937323,34.378181919947,3.87318700221
    ));
#2325 = CARTESIAN_POINT('',(-1.191670659863,34.474809827015,
    3.892657427951));
#2326 = CARTESIAN_POINT('',(-5.444464644485,34.041759003771,
    3.912265292274));
#2327 = CARTESIAN_POINT('',(-9.536997183114,33.108535492114,
    3.931133034662));
#2328 = CARTESIAN_POINT('',(-13.54106747571,31.664875524666,
    3.949705154839));
#2329 = CARTESIAN_POINT('',(-17.32959849904,29.737856892956,
    3.966952673088));
#2330 = CARTESIAN_POINT('',(-20.81267678889,27.393300389187,
    3.984107497332));
#2331 = CARTESIAN_POINT('',(-24.03996516404,24.585373091179,
    4.002828769911));
#2332 = CARTESIAN_POINT('',(-26.85676217785,21.437352236138,
    4.021906405788));
#2333 = CARTESIAN_POINT('',(-29.26422532032,17.980805794152,
    4.041314386027));
#2334 = CARTESIAN_POINT('',(-31.91777851231,12.929748571662,
    4.067702874198));
#2335 = CARTESIAN_POINT('',(-33.57212382615,7.557617092564,
    4.093095030331));
#2336 = CARTESIAN_POINT('',(-34.21737054379,1.894386033325,
    4.117404539065));
#2337 = CARTESIAN_POINT('',(-34.1625634524,-3.703613813224,
    4.139674424406));
#2338 = CARTESIAN_POINT('',(-33.04471949162,-9.33326188993,
    4.164982311645));
#2339 = CARTESIAN_POINT('',(-30.95713870027,-14.52874138913,4.1906923952
    ));
#2340 = CARTESIAN_POINT('',(-28.18948194442,-19.5217115856,
    4.217233670727));
#2341 = CARTESIAN_POINT('',(-24.60547499348,-23.84456023967,
    4.242949141483));
#2342 = CARTESIAN_POINT('',(-20.21125817089,-27.48936372899,
    4.268044247255));
#2343 = CARTESIAN_POINT('',(-15.49199353967,-30.50396075216,
    4.290727602792));
#2344 = CARTESIAN_POINT('',(-10.16583363528,-32.64215487657,
    4.315189456374));
#2345 = CARTESIAN_POINT('',(-4.671308212021,-33.72466872518,
    4.340855092548));
#2346 = CARTESIAN_POINT('',(1.010785647374,-34.12557335386,
    4.367359577485));
#2347 = CARTESIAN_POINT('',(5.224313140645,-33.62885583462,
    4.387063583292));
#2348 = CARTESIAN_POINT('',(7.988218106533,-32.94538467649,4.4));
#2349 = ORIENTED_EDGE('',*,*,#1921,.T.);
#2350 = ( BOUNDED_SURFACE() B_SPLINE_SURFACE(1,2,(
    (#2351,#2352,#2353,#2354,#2355,#2356,#2357,#2358,#2359,#2360,#2361
      ,#2362,#2363,#2364,#2365,#2366,#2367,#2368,#2369,#2370,#2371,#2372
      ,#2373,#2374,#2375,#2376,#2377,#2378,#2379,#2380,#2381,#2382,#2383
      ,#2384,#2385,#2386,#2387,#2388,#2389,#2390,#2391,#2392,#2393)
    ,(#2394,#2395,#2396,#2397,#2398,#2399,#2400,#2401,#2402,#2403,#2404
      ,#2405,#2406,#2407,#2408,#2409,#2410,#2411,#2412,#2413,#2414,#2415
      ,#2416,#2417,#2418,#2419,#2420,#2421,#2422,#2423,#2424,#2425,#2426
      ,#2427,#2428,#2429,#2430,#2431,#2432,#2433,#2434,#2435,#2436
)),.UNSPECIFIED.,.F.,.F.,.F.) B_SPLINE_SURFACE_WITH_KNOTS((2,2),(3,2,2,2
    ,2,2,2,2,2,2,2,2,2,2,2,2,2,2,2,2,2,3),(0.,1.),(0.157619241252,
    0.166666666667,0.190476190476,0.214285714286,0.238095238095,
    0.261904761905,0.285714285714,0.309523809524,0.333333333333,
    0.357142857143,0.380952380952,0.404761904762,0.428571428571,
    0.452380952381,0.47619047619,0.5,0.52380952381,0.547619047619,
    0.571428571429,0.595238095238,0.619047619048,0.627509194226),
.UNSPECIFIED.) GEOMETRIC_REPRESENTATION_ITEM() RATIONAL_B_SPLINE_SURFACE
((
    (0.936871693269,0.949090742996,1.,0.866025403784,1.,0.866025403784
      ,1.,0.866025403784,1.,0.866025403784,1.,0.866025403784,1.
      ,0.866025403784,1.,0.866025403784,1.,0.866025403784,1.
      ,0.866025403784,1.,0.866025403784,1.,0.866025403784,1.
      ,0.866025403784,1.,0.866025403784,1.,0.866025403784,1.
      ,0.866025403784,1.,0.866025403784,1.,0.866025403784,1.
      ,0.866025403784,1.,0.866025403784,1.,0.952387283047,0.938616367147
      )
    ,(0.936871693269,0.949090742996,1.,0.866025403784,1.,0.866025403784
      ,1.,0.866025403784,1.,0.866025403784,1.,0.866025403784,1.
      ,0.866025403784,1.,0.866025403784,1.,0.866025403784,1.
      ,0.866025403784,1.,0.866025403784,1.,0.866025403784,1.
      ,0.866025403784,1.,0.866025403784,1.,0.866025403784,1.
      ,0.866025403784,1.,0.866025403784,1.,0.866025403784,1.
      ,0.866025403784,1.,0.866025403784,1.,0.952387283047,0.938616367147
))) REPRESENTATION_ITEM('') SURFACE() );
#2351 = CARTESIAN_POINT('',(-26.77677815592,-20.44241456403,
    -0.499226369274));
#2352 = CARTESIAN_POINT('',(-22.68446593907,-25.80278606183,
    -0.449591826487));
#2353 = CARTESIAN_POINT('',(-16.84405059375,-29.17475143363,-0.40625));
#2354 = CARTESIAN_POINT('',(-2.38E-15,-38.89966857818,-0.28125));
#2355 = CARTESIAN_POINT('',(16.84405059375,-29.17475143363,-0.15625));
#2356 = CARTESIAN_POINT('',(33.6881011875,-19.44983428909,-3.125E-02));
#2357 = CARTESIAN_POINT('',(33.6881011875,-2.01E-15,9.375E-02));
#2358 = CARTESIAN_POINT('',(33.6881011875,19.449834289091,0.21875));
#2359 = CARTESIAN_POINT('',(16.84405059375,29.174751433636,0.34375));
#2360 = CARTESIAN_POINT('',(7.15E-15,38.899668578181,0.46875));
#2361 = CARTESIAN_POINT('',(-16.84405059375,29.174751433636,0.59375));
#2362 = CARTESIAN_POINT('',(-33.6881011875,19.449834289091,0.71875));
#2363 = CARTESIAN_POINT('',(-33.6881011875,2.11E-15,0.84375));
#2364 = CARTESIAN_POINT('',(-33.6881011875,-19.44983428909,0.96875));
#2365 = CARTESIAN_POINT('',(-16.84405059375,-29.17475143363,1.09375));
#2366 = CARTESIAN_POINT('',(-2.38E-15,-38.89966857818,1.21875));
#2367 = CARTESIAN_POINT('',(16.84405059375,-29.17475143363,1.34375));
#2368 = CARTESIAN_POINT('',(33.6881011875,-19.44983428909,1.46875));
#2369 = CARTESIAN_POINT('',(33.6881011875,-2.01E-15,1.59375));
#2370 = CARTESIAN_POINT('',(33.6881011875,19.449834289091,1.71875));
#2371 = CARTESIAN_POINT('',(16.84405059375,29.174751433636,1.84375));
#2372 = CARTESIAN_POINT('',(7.15E-15,38.899668578181,1.96875));
#2373 = CARTESIAN_POINT('',(-16.84405059375,29.174751433636,2.09375));
#2374 = CARTESIAN_POINT('',(-33.6881011875,19.449834289091,2.21875));
#2375 = CARTESIAN_POINT('',(-33.6881011875,2.11E-15,2.34375));
#2376 = CARTESIAN_POINT('',(-33.6881011875,-19.44983428909,2.46875));
#2377 = CARTESIAN_POINT('',(-16.84405059375,-29.17475143363,2.59375));
#2378 = CARTESIAN_POINT('',(-2.38E-15,-38.89966857818,2.71875));
#2379 = CARTESIAN_POINT('',(16.84405059375,-29.17475143363,2.84375));
#2380 = CARTESIAN_POINT('',(33.6881011875,-19.44983428909,2.96875));
#2381 = CARTESIAN_POINT('',(33.6881011875,-2.01E-15,3.09375));
#2382 = CARTESIAN_POINT('',(33.6881011875,19.449834289091,3.21875));
#2383 = CARTESIAN_POINT('',(16.84405059375,29.174751433636,3.34375));
#2384 = CARTESIAN_POINT('',(7.15E-15,38.899668578181,3.46875));
#2385 = CARTESIAN_POINT('',(-16.84405059375,29.174751433636,3.59375));
#2386 = CARTESIAN_POINT('',(-33.6881011875,19.449834289091,3.71875));
#2387 = CARTESIAN_POINT('',(-33.6881011875,2.11E-15,3.84375));
#2388 = CARTESIAN_POINT('',(-33.6881011875,-19.44983428909,3.96875));
#2389 = CARTESIAN_POINT('',(-16.84405059375,-29.17475143363,4.09375));
#2390 = CARTESIAN_POINT('',(-2.38E-15,-38.89966857818,4.21875));
#2391 = CARTESIAN_POINT('',(16.84405059375,-29.17475143363,4.34375));
#2392 = CARTESIAN_POINT('',(22.287373385295,-26.03204755465,
    4.38414499556));
#2393 = CARTESIAN_POINT('',(26.231212349968,-21.13791996082,
    4.430232175373));
#2394 = CARTESIAN_POINT('',(-27.42211088828,-20.93508620547,
    -3.047636927379E-02));
#2395 = CARTESIAN_POINT('',(-23.23117205515,-26.42464513445,
    1.91581735134E-02));
#2396 = CARTESIAN_POINT('',(-17.25,-29.87787643056,6.25E-02));
#2397 = CARTESIAN_POINT('',(-2.44E-15,-39.83716857408,0.1875));
#2398 = CARTESIAN_POINT('',(17.25,-29.87787643056,0.3125));
#2399 = CARTESIAN_POINT('',(34.5,-19.91858428704,0.4375));
#2400 = CARTESIAN_POINT('',(34.5,-2.11E-15,0.5625));
#2401 = CARTESIAN_POINT('',(34.5,19.918584287042,0.6875));
#2402 = CARTESIAN_POINT('',(17.25,29.877876430563,0.8125));
#2403 = CARTESIAN_POINT('',(7.32E-15,39.837168574084,0.9375));
#2404 = CARTESIAN_POINT('',(-17.25,29.877876430563,1.0625));
#2405 = CARTESIAN_POINT('',(-34.5,19.918584287042,1.1875));
#2406 = CARTESIAN_POINT('',(-34.5,2.11E-15,1.3125));
#2407 = CARTESIAN_POINT('',(-34.5,-19.91858428704,1.4375));
#2408 = CARTESIAN_POINT('',(-17.25,-29.87787643056,1.5625));
#2409 = CARTESIAN_POINT('',(-2.44E-15,-39.83716857408,1.6875));
#2410 = CARTESIAN_POINT('',(17.25,-29.87787643056,1.8125));
#2411 = CARTESIAN_POINT('',(34.5,-19.91858428704,1.9375));
#2412 = CARTESIAN_POINT('',(34.5,-2.11E-15,2.0625));
#2413 = CARTESIAN_POINT('',(34.5,19.918584287042,2.1875));
#2414 = CARTESIAN_POINT('',(17.25,29.877876430563,2.3125));
#2415 = CARTESIAN_POINT('',(7.32E-15,39.837168574084,2.4375));
#2416 = CARTESIAN_POINT('',(-17.25,29.877876430563,2.5625));
#2417 = CARTESIAN_POINT('',(-34.5,19.918584287042,2.6875));
#2418 = CARTESIAN_POINT('',(-34.5,2.11E-15,2.8125));
#2419 = CARTESIAN_POINT('',(-34.5,-19.91858428704,2.9375));
#2420 = CARTESIAN_POINT('',(-17.25,-29.87787643056,3.0625));
#2421 = CARTESIAN_POINT('',(-2.44E-15,-39.83716857408,3.1875));
#2422 = CARTESIAN_POINT('',(17.25,-29.87787643056,3.3125));
#2423 = CARTESIAN_POINT('',(34.5,-19.91858428704,3.4375));
#2424 = CARTESIAN_POINT('',(34.5,-2.11E-15,3.5625));
#2425 = CARTESIAN_POINT('',(34.5,19.918584287042,3.6875));
#2426 = CARTESIAN_POINT('',(17.25,29.877876430563,3.8125));
#2427 = CARTESIAN_POINT('',(7.32E-15,39.837168574084,3.9375));
#2428 = CARTESIAN_POINT('',(-17.25,29.877876430563,4.0625));
#2429 = CARTESIAN_POINT('',(-34.5,19.918584287042,4.1875));
#2430 = CARTESIAN_POINT('',(-34.5,2.11E-15,4.3125));
#2431 = CARTESIAN_POINT('',(-34.5,-19.91858428704,4.4375));
#2432 = CARTESIAN_POINT('',(-17.25,-29.87787643056,4.5625));
#2433 = CARTESIAN_POINT('',(-2.44E-15,-39.83716857408,4.6875));
#2434 = CARTESIAN_POINT('',(17.25,-29.87787643056,4.8125));
#2435 = CARTESIAN_POINT('',(22.824509387249,-26.65943193523,
    4.85289499556));
#2436 = CARTESIAN_POINT('',(26.863396694192,-21.64735360385,
    4.898982175373));
#2437 = ADVANCED_FACE('',(#2438),#2463,.T.);
#2438 = FACE_BOUND('',#2439,.T.);
#2439 = EDGE_LOOP('',(#2440,#2441,#2442,#2456));
#2440 = ORIENTED_EDGE('',*,*,#2318,.T.);
#2441 = ORIENTED_EDGE('',*,*,#1959,.F.);
#2442 = ORIENTED_EDGE('',*,*,#2443,.T.);
#2443 = EDGE_CURVE('',#1951,#2444,#2446,.T.);
#2444 = VERTEX_POINT('',#2445);
#2445 = CARTESIAN_POINT('',(33.676677582206,7.49208829527,3.8));
#2446 = B_SPLINE_CURVE_WITH_KNOTS('',3,(#2447,#2448,#2449,#2450,#2451,
    #2452,#2453,#2454,#2455),.UNSPECIFIED.,.F.,.F.,(4,1,1,1,1,1,4),(
    2.E-17,9.146590010094E-03,1.371988501514E-02,1.829318002019E-02,
    2.743977003028E-02,3.201306503533E-02,3.658636004038E-02),
  .UNSPECIFIED.);
#2447 = CARTESIAN_POINT('',(9.68321810654,32.487617442669,4.4));
#2448 = CARTESIAN_POINT('',(12.620217069422,31.665428385586,
    4.349007729079));
#2449 = CARTESIAN_POINT('',(16.816300456229,29.84793482838,
    4.279731602363));
#2450 = CARTESIAN_POINT('',(21.821616834573,26.354062013185,
    4.184096459302));
#2451 = CARTESIAN_POINT('',(26.251812301143,22.304499306297,
    4.084243255735));
#2452 = CARTESIAN_POINT('',(29.883536292051,17.345906076044,
    3.978711110822));
#2453 = CARTESIAN_POINT('',(32.408494649155,11.896393308202,
    3.875984047175));
#2454 = CARTESIAN_POINT('',(33.321256036366,8.974873002319,
    3.824935155274));
#2455 = CARTESIAN_POINT('',(33.676677582206,7.49208829527,3.8));
#2456 = ORIENTED_EDGE('',*,*,#2457,.T.);
#2457 = EDGE_CURVE('',#2444,#2229,#2458,.T.);
#2458 = CIRCLE('',#2459,34.5);
#2459 = AXIS2_PLACEMENT_3D('',#2460,#2461,#2462);
#2460 = CARTESIAN_POINT('',(0.,0.,3.8));
#2461 = DIRECTION('',(0.,0.,1.));
#2462 = DIRECTION('',(1.,0.,0.));
#2463 = CONICAL_SURFACE('',#2464,33.9,0.785398163397);
#2464 = AXIS2_PLACEMENT_3D('',#2465,#2466,#2467);
#2465 = CARTESIAN_POINT('',(0.,0.,4.4));
#2466 = DIRECTION('',(0.,0.,-1.));
#2467 = DIRECTION('',(-1.,0.,0.));
#2468 = ADVANCED_FACE('',(#2469),#2580,.F.);
#2469 = FACE_BOUND('',#2470,.F.);
#2470 = EDGE_LOOP('',(#2471,#2561,#2578,#2579));
#2471 = ORIENTED_EDGE('',*,*,#2472,.F.);
#2472 = EDGE_CURVE('',#2473,#1933,#2475,.T.);
#2473 = VERTEX_POINT('',#2474);
#2474 = CARTESIAN_POINT('',(12.633037945313,31.229705632483,0.));
#2475 = ( BOUNDED_CURVE() B_SPLINE_CURVE(2,(#2476,#2477,#2478,#2479,
    #2480,#2481,#2482,#2483,#2484,#2485,#2486,#2487,#2488,#2489,#2490,
    #2491,#2492,#2493,#2494,#2495,#2496,#2497,#2498,#2499,#2500,#2501,
    #2502,#2503,#2504,#2505,#2506,#2507,#2508,#2509,#2510,#2511,#2512,
    #2513,#2514,#2515,#2516,#2517,#2518,#2519,#2520,#2521,#2522,#2523,
    #2524,#2525,#2526,#2527,#2528,#2529,#2530,#2531,#2532,#2533,#2534,
    #2535,#2536,#2537,#2538,#2539,#2540,#2541,#2542,#2543,#2544,#2545,
    #2546,#2547,#2548,#2549,#2550,#2551,#2552,#2553,#2554,#2555,#2556,
    #2557,#2558,#2559,#2560),.UNSPECIFIED.,.F.,.F.) 
B_SPLINE_CURVE_WITH_KNOTS((3,2,2,2,2,2,2,2,2,2,2,2,2,2,2,2,2,2,2,2,2,2,2
    ,2,2,2,2,2,2,2,2,2,2,2,2,2,2,2,2,2,2,2,3),(0.,2.380952380952E-02,
    4.761904761905E-02,7.142857142857E-02,9.52380952381E-02,
    0.119047619048,0.142857142857,0.166666666667,0.190476190476,
    0.214285714286,0.238095238095,0.261904761905,0.285714285714,
    0.309523809524,0.333333333333,0.357142857143,0.380952380952,
    0.404761904762,0.428571428571,0.452380952381,0.47619047619,0.5,
    0.52380952381,0.547619047619,0.571428571429,0.595238095238,
    0.619047619048,0.642857142857,0.666666666667,0.690476190476,
    0.714285714286,0.738095238095,0.761904761905,0.785714285714,
    0.809523809524,0.833333333333,0.857142857143,0.880952380952,
    0.904761904762,0.928571428571,0.952380952381,0.97619047619,1.),
.UNSPECIFIED.) CURVE() GEOMETRIC_REPRESENTATION_ITEM() 
RATIONAL_B_SPLINE_CURVE((1.,0.866025403784,1.,0.866025403784,1.,
    0.866025403784,1.,0.866025403784,1.,0.866025403784,1.,0.866025403784
    ,1.,0.866025403784,1.,0.866025403784,1.,0.866025403784,1.,
    0.866025403784,1.,0.866025403784,1.,0.866025403784,1.,0.866025403784
    ,1.,0.866025403784,1.,0.866025403784,1.,0.866025403784,1.,
    0.866025403784,1.,0.866025403784,1.,0.866025403784,1.,0.866025403784
    ,1.,0.866025403784,1.,0.866025403784,1.,0.866025403784,1.,
    0.866025403784,1.,0.866025403784,1.,0.866025403784,1.,0.866025403784
    ,1.,0.866025403784,1.,0.866025403784,1.,0.866025403784,1.,
    0.866025403784,1.,0.866025403784,1.,0.866025403784,1.,0.866025403784
    ,1.,0.866025403784,1.,0.866025403784,1.,0.866025403784,1.,
    0.866025403784,1.,0.866025403784,1.,0.866025403784,1.,0.866025403784
,1.,0.866025403784,1.)) REPRESENTATION_ITEM('') );
#2476 = CARTESIAN_POINT('',(-33.6881011875,2.11E-15,-2.53125));
#2477 = CARTESIAN_POINT('',(-33.6881011875,-19.44983428909,-2.40625));
#2478 = CARTESIAN_POINT('',(-16.84405059375,-29.17475143363,-2.28125));
#2479 = CARTESIAN_POINT('',(-2.38E-15,-38.89966857818,-2.15625));
#2480 = CARTESIAN_POINT('',(16.84405059375,-29.17475143363,-2.03125));
#2481 = CARTESIAN_POINT('',(33.6881011875,-19.44983428909,-1.90625));
#2482 = CARTESIAN_POINT('',(33.6881011875,-2.01E-15,-1.78125));
#2483 = CARTESIAN_POINT('',(33.6881011875,19.449834289091,-1.65625));
#2484 = CARTESIAN_POINT('',(16.84405059375,29.174751433636,-1.53125));
#2485 = CARTESIAN_POINT('',(7.15E-15,38.899668578181,-1.40625));
#2486 = CARTESIAN_POINT('',(-16.84405059375,29.174751433636,-1.28125));
#2487 = CARTESIAN_POINT('',(-33.6881011875,19.449834289091,-1.15625));
#2488 = CARTESIAN_POINT('',(-33.6881011875,1.036E-14,-1.03125));
#2489 = CARTESIAN_POINT('',(-33.6881011875,-19.44983428909,-0.90625));
#2490 = CARTESIAN_POINT('',(-16.84405059375,-29.17475143363,-0.78125));
#2491 = CARTESIAN_POINT('',(-4.646E-14,-38.89966857818,-0.65625));
#2492 = CARTESIAN_POINT('',(16.84405059375,-29.17475143363,-0.53125));
#2493 = CARTESIAN_POINT('',(33.6881011875,-19.44983428909,-0.40625));
#2494 = CARTESIAN_POINT('',(33.6881011875,-1.026E-14,-0.28125));
#2495 = CARTESIAN_POINT('',(33.6881011875,19.449834289091,-0.15625));
#2496 = CARTESIAN_POINT('',(16.84405059375,29.174751433636,-3.125E-02));
#2497 = CARTESIAN_POINT('',(1.667E-14,38.899668578181,9.375E-02));
#2498 = CARTESIAN_POINT('',(-16.84405059375,29.174751433636,0.21875));
#2499 = CARTESIAN_POINT('',(-33.6881011875,19.449834289091,0.34375));
#2500 = CARTESIAN_POINT('',(-33.6881011875,1.861E-14,0.46875));
#2501 = CARTESIAN_POINT('',(-33.6881011875,-19.44983428909,0.59375));
#2502 = CARTESIAN_POINT('',(-16.84405059375,-29.17475143363,0.71875));
#2503 = CARTESIAN_POINT('',(-9.054E-14,-38.89966857818,0.84375));
#2504 = CARTESIAN_POINT('',(16.84405059375,-29.17475143363,0.96875));
#2505 = CARTESIAN_POINT('',(33.6881011875,-19.44983428909,1.09375));
#2506 = CARTESIAN_POINT('',(33.6881011875,-7.836E-14,1.21875));
#2507 = CARTESIAN_POINT('',(33.6881011875,19.44983428909,1.34375));
#2508 = CARTESIAN_POINT('',(16.84405059375,29.174751433636,1.46875));
#2509 = CARTESIAN_POINT('',(9.53E-14,38.899668578181,1.59375));
#2510 = CARTESIAN_POINT('',(-16.84405059375,29.174751433636,1.71875));
#2511 = CARTESIAN_POINT('',(-33.6881011875,19.449834289091,1.84375));
#2512 = CARTESIAN_POINT('',(-33.6881011875,2.687E-14,1.96875));
#2513 = CARTESIAN_POINT('',(-33.6881011875,-19.44983428909,2.09375));
#2514 = CARTESIAN_POINT('',(-16.84405059375,-29.17475143363,2.21875));
#2515 = CARTESIAN_POINT('',(-1.0006E-13,-38.89966857818,2.34375));
#2516 = CARTESIAN_POINT('',(16.84405059375,-29.17475143363,2.46875));
#2517 = CARTESIAN_POINT('',(33.6881011875,-19.44983428909,2.59375));
#2518 = CARTESIAN_POINT('',(33.6881011875,-2.677E-14,2.71875));
#2519 = CARTESIAN_POINT('',(33.6881011875,19.44983428909,2.84375));
#2520 = CARTESIAN_POINT('',(16.84405059375,29.174751433636,2.96875));
#2521 = CARTESIAN_POINT('',(1.0483E-13,38.899668578181,3.09375));
#2522 = CARTESIAN_POINT('',(-16.84405059375,29.174751433636,3.21875));
#2523 = CARTESIAN_POINT('',(-33.6881011875,19.449834289091,3.34375));
#2524 = CARTESIAN_POINT('',(-33.6881011875,3.512E-14,3.46875));
#2525 = CARTESIAN_POINT('',(-33.6881011875,-19.44983428909,3.59375));
#2526 = CARTESIAN_POINT('',(-16.84405059375,-29.17475143363,3.71875));
#2527 = CARTESIAN_POINT('',(-1.0959E-13,-38.89966857818,3.84375));
#2528 = CARTESIAN_POINT('',(16.84405059375,-29.17475143363,3.96875));
#2529 = CARTESIAN_POINT('',(33.6881011875,-19.44983428909,4.09375));
#2530 = CARTESIAN_POINT('',(33.6881011875,-1.547E-13,4.21875));
#2531 = CARTESIAN_POINT('',(33.6881011875,19.44983428909,4.34375));
#2532 = CARTESIAN_POINT('',(16.84405059375,29.174751433636,4.46875));
#2533 = CARTESIAN_POINT('',(1.1436E-13,38.899668578181,4.59375));
#2534 = CARTESIAN_POINT('',(-16.84405059375,29.174751433636,4.71875));
#2535 = CARTESIAN_POINT('',(-33.6881011875,19.449834289091,4.84375));
#2536 = CARTESIAN_POINT('',(-33.6881011875,1.6305E-13,4.96875));
#2537 = CARTESIAN_POINT('',(-33.6881011875,-19.44983428909,5.09375));
#2538 = CARTESIAN_POINT('',(-16.84405059375,-29.17475143363,5.21875));
#2539 = CARTESIAN_POINT('',(-2.5732E-13,-38.89966857818,5.34375));
#2540 = CARTESIAN_POINT('',(16.84405059375,-29.17475143363,5.46875));
#2541 = CARTESIAN_POINT('',(33.6881011875,-19.44983428909,5.59375));
#2542 = CARTESIAN_POINT('',(33.6881011875,-1.6295E-13,5.71875));
#2543 = CARTESIAN_POINT('',(33.6881011875,19.44983428909,5.84375));
#2544 = CARTESIAN_POINT('',(16.84405059375,29.174751433636,5.96875));
#2545 = CARTESIAN_POINT('',(1.2388E-13,38.899668578181,6.09375));
#2546 = CARTESIAN_POINT('',(-16.84405059375,29.174751433636,6.21875));
#2547 = CARTESIAN_POINT('',(-33.6881011875,19.449834289091,6.34375));
#2548 = CARTESIAN_POINT('',(-33.6881011875,5.162E-14,6.46875));
#2549 = CARTESIAN_POINT('',(-33.6881011875,-19.44983428909,6.59375));
#2550 = CARTESIAN_POINT('',(-16.84405059375,-29.17475143363,6.71875));
#2551 = CARTESIAN_POINT('',(-2.6685E-13,-38.89966857818,6.84375));
#2552 = CARTESIAN_POINT('',(16.84405059375,-29.17475143363,6.96875));
#2553 = CARTESIAN_POINT('',(33.6881011875,-19.44983428909,7.09375));
#2554 = CARTESIAN_POINT('',(33.6881011875,-1.712E-13,7.21875));
#2555 = CARTESIAN_POINT('',(33.6881011875,19.44983428909,7.34375));
#2556 = CARTESIAN_POINT('',(16.84405059375,29.174751433636,7.46875));
#2557 = CARTESIAN_POINT('',(1.3341E-13,38.899668578181,7.59375));
#2558 = CARTESIAN_POINT('',(-16.84405059375,29.174751433636,7.71875));
#2559 = CARTESIAN_POINT('',(-33.6881011875,19.449834289091,7.84375));
#2560 = CARTESIAN_POINT('',(-33.6881011875,5.987E-14,7.96875));
#2561 = ORIENTED_EDGE('',*,*,#2562,.F.);
#2562 = EDGE_CURVE('',#2118,#2473,#2563,.T.);
#2563 = B_SPLINE_CURVE_WITH_KNOTS('',3,(#2564,#2565,#2566,#2567,#2568,
    #2569,#2570,#2571,#2572,#2573,#2574,#2575,#2576,#2577),
  .UNSPECIFIED.,.F.,.F.,(4,1,1,1,1,1,1,1,1,1,1,4),(0.117793984548,
    0.124497018105,0.127848534884,0.131200051663,0.134551568442,
    0.13790308522,0.144606118778,0.151309152336,0.158012185893,
    0.161363702672,0.164715219451,0.171418253009),.UNSPECIFIED.);
#2564 = CARTESIAN_POINT('',(31.051432645041,-13.06509442406,-1.4443E-13)
  );
#2565 = CARTESIAN_POINT('',(31.893790217897,-11.01830046855,-1.4443E-13)
  );
#2566 = CARTESIAN_POINT('',(32.862095522224,-7.829123731324,1.9106E-13)
  );
#2567 = CARTESIAN_POINT('',(33.518091448992,-3.393627880726,-2.816E-13)
  );
#2568 = CARTESIAN_POINT('',(33.678200428584,-8.339248239709E-02,7.61E-14
    ));
#2569 = CARTESIAN_POINT('',(33.517432634305,3.232377236789,-1.912E-14));
#2570 = CARTESIAN_POINT('',(32.853504109706,7.678134002998,1.189E-14));
#2571 = CARTESIAN_POINT('',(31.245547014793,12.958920904422,9.47E-15));
#2572 = CARTESIAN_POINT('',(28.048970833001,18.914932534894,-4.922E-14)
  );
#2573 = CARTESIAN_POINT('',(24.538213730264,23.173689141743,3.4811E-13)
  );
#2574 = CARTESIAN_POINT('',(21.201137281161,26.185837046931,-6.1444E-13)
  );
#2575 = CARTESIAN_POINT('',(17.638192375108,28.80991082606,4.11443E-12)
  );
#2576 = CARTESIAN_POINT('',(14.705375386998,30.373668911348,-2.7E-16));
#2577 = CARTESIAN_POINT('',(12.633037945313,31.229705632483,-2.7E-16));
#2578 = ORIENTED_EDGE('',*,*,#2117,.T.);
#2579 = ORIENTED_EDGE('',*,*,#1932,.T.);
#2580 = ( BOUNDED_SURFACE() B_SPLINE_SURFACE(3,2,(
    (#2581,#2582,#2583,#2584,#2585,#2586,#2587,#2588,#2589,#2590,#2591
      ,#2592,#2593,#2594,#2595,#2596,#2597,#2598,#2599,#2600,#2601,#2602
      ,#2603,#2604,#2605,#2606,#2607,#2608,#2609,#2610,#2611,#2612,#2613
      ,#2614,#2615,#2616,#2617,#2618,#2619,#2620,#2621)
    ,(#2622,#2623,#2624,#2625,#2626,#2627,#2628,#2629,#2630,#2631,#2632
      ,#2633,#2634,#2635,#2636,#2637,#2638,#2639,#2640,#2641,#2642,#2643
      ,#2644,#2645,#2646,#2647,#2648,#2649,#2650,#2651,#2652,#2653,#2654
      ,#2655,#2656,#2657,#2658,#2659,#2660,#2661,#2662)
    ,(#2663,#2664,#2665,#2666,#2667,#2668,#2669,#2670,#2671,#2672,#2673
      ,#2674,#2675,#2676,#2677,#2678,#2679,#2680,#2681,#2682,#2683,#2684
      ,#2685,#2686,#2687,#2688,#2689,#2690,#2691,#2692,#2693,#2694,#2695
      ,#2696,#2697,#2698,#2699,#2700,#2701,#2702,#2703)
    ,(#2704,#2705,#2706,#2707,#2708,#2709,#2710,#2711,#2712,#2713,#2714
      ,#2715,#2716,#2717,#2718,#2719,#2720,#2721,#2722,#2723,#2724,#2725
      ,#2726,#2727,#2728,#2729,#2730,#2731,#2732,#2733,#2734,#2735,#2736
      ,#2737,#2738,#2739,#2740,#2741,#2742,#2743,#2744
)),.UNSPECIFIED.,.F.,.F.,.F.) B_SPLINE_SURFACE_WITH_KNOTS((4,4),(3,2,2,2
    ,2,2,2,2,2,2,2,2,2,2,2,2,2,2,2,2,3),(0.,1.),(0.202440770092,
    0.214285714286,0.238095238095,0.261904761905,0.285714285714,
    0.309523809524,0.333333333333,0.357142857143,0.380952380952,
    0.404761904762,0.428571428571,0.452380952381,0.47619047619,0.5,
    0.52380952381,0.547619047619,0.571428571429,0.595238095238,
    0.619047619048,0.642857142857,0.662553038743),.UNSPECIFIED.) 
GEOMETRIC_REPRESENTATION_ITEM() RATIONAL_B_SPLINE_SURFACE((
    (0.933014393153,0.933349292149,1.,0.866025403784,1.,0.866025403784
      ,1.,0.866025403784,1.,0.866025403784,1.,0.866025403784,1.
      ,0.866025403784,1.,0.866025403784,1.,0.866025403784,1.
      ,0.866025403784,1.,0.866025403784,1.,0.866025403784,1.
      ,0.866025403784,1.,0.866025403784,1.,0.866025403784,1.
      ,0.866025403784,1.,0.866025403784,1.,0.866025403784,1.
      ,0.866025403784,1.,0.889172512664,0.961704144089)
    ,(0.73659031183,0.736854705774,0.78947368576,0.683704267487
      ,0.78947368576,0.683704267487,0.78947368576,0.683704267487
      ,0.78947368576,0.683704267487,0.78947368576,0.683704267487
      ,0.78947368576,0.683704267487,0.78947368576,0.683704267487
      ,0.78947368576,0.683704267487,0.78947368576,0.683704267487
      ,0.78947368576,0.683704267487,0.78947368576,0.683704267487
      ,0.78947368576,0.683704267487,0.78947368576,0.683704267487
      ,0.78947368576,0.683704267487,0.78947368576,0.683704267487
      ,0.78947368576,0.683704267487,0.78947368576,0.683704267487
      ,0.78947368576,0.683704267487,0.78947368576,0.701978300849
      ,0.759240115244)
    ,(0.73659031183,0.736854705774,0.78947368576,0.683704267487
      ,0.78947368576,0.683704267487,0.78947368576,0.683704267487
      ,0.78947368576,0.683704267487,0.78947368576,0.683704267487
      ,0.78947368576,0.683704267487,0.78947368576,0.683704267487
      ,0.78947368576,0.683704267487,0.78947368576,0.683704267487
      ,0.78947368576,0.683704267487,0.78947368576,0.683704267487
      ,0.78947368576,0.683704267487,0.78947368576,0.683704267487
      ,0.78947368576,0.683704267487,0.78947368576,0.683704267487
      ,0.78947368576,0.683704267487,0.78947368576,0.683704267487
      ,0.78947368576,0.683704267487,0.78947368576,0.701978300849
      ,0.759240115244)
    ,(0.933014393153,0.933349292149,1.,0.866025403784,1.,0.866025403784
      ,1.,0.866025403784,1.,0.866025403784,1.,0.866025403784,1.
      ,0.866025403784,1.,0.866025403784,1.,0.866025403784,1.
      ,0.866025403784,1.,0.866025403784,1.,0.866025403784,1.
      ,0.866025403784,1.,0.866025403784,1.,0.866025403784,1.
      ,0.866025403784,1.,0.866025403784,1.,0.866025403784,1.
      ,0.866025403784,1.,0.889172512664,0.961704144089
))) REPRESENTATION_ITEM('') SURFACE() );
#2581 = CARTESIAN_POINT('',(29.220001928644,-16.7654301737,
    -0.405576820707));
#2582 = CARTESIAN_POINT('',(33.6881011875,-8.978104253134,
    -0.338950390397));
#2583 = CARTESIAN_POINT('',(33.6881011875,-2.01E-15,-0.28125));
#2584 = CARTESIAN_POINT('',(33.6881011875,19.449834289091,-0.15625));
#2585 = CARTESIAN_POINT('',(16.84405059375,29.174751433636,-3.125E-02));
#2586 = CARTESIAN_POINT('',(7.15E-15,38.899668578181,9.375E-02));
#2587 = CARTESIAN_POINT('',(-16.84405059375,29.174751433636,0.21875));
#2588 = CARTESIAN_POINT('',(-33.6881011875,19.449834289091,0.34375));
#2589 = CARTESIAN_POINT('',(-33.6881011875,2.11E-15,0.46875));
#2590 = CARTESIAN_POINT('',(-33.6881011875,-19.44983428909,0.59375));
#2591 = CARTESIAN_POINT('',(-16.84405059375,-29.17475143363,0.71875));
#2592 = CARTESIAN_POINT('',(-2.38E-15,-38.89966857818,0.84375));
#2593 = CARTESIAN_POINT('',(16.84405059375,-29.17475143363,0.96875));
#2594 = CARTESIAN_POINT('',(33.6881011875,-19.44983428909,1.09375));
#2595 = CARTESIAN_POINT('',(33.6881011875,-2.01E-15,1.21875));
#2596 = CARTESIAN_POINT('',(33.6881011875,19.449834289091,1.34375));
#2597 = CARTESIAN_POINT('',(16.84405059375,29.174751433636,1.46875));
#2598 = CARTESIAN_POINT('',(7.15E-15,38.899668578181,1.59375));
#2599 = CARTESIAN_POINT('',(-16.84405059375,29.174751433636,1.71875));
#2600 = CARTESIAN_POINT('',(-33.6881011875,19.449834289091,1.84375));
#2601 = CARTESIAN_POINT('',(-33.6881011875,2.11E-15,1.96875));
#2602 = CARTESIAN_POINT('',(-33.6881011875,-19.44983428909,2.09375));
#2603 = CARTESIAN_POINT('',(-16.84405059375,-29.17475143363,2.21875));
#2604 = CARTESIAN_POINT('',(-2.38E-15,-38.89966857818,2.34375));
#2605 = CARTESIAN_POINT('',(16.84405059375,-29.17475143363,2.46875));
#2606 = CARTESIAN_POINT('',(33.6881011875,-19.44983428909,2.59375));
#2607 = CARTESIAN_POINT('',(33.6881011875,-2.01E-15,2.71875));
#2608 = CARTESIAN_POINT('',(33.6881011875,19.449834289091,2.84375));
#2609 = CARTESIAN_POINT('',(16.84405059375,29.174751433636,2.96875));
#2610 = CARTESIAN_POINT('',(7.15E-15,38.899668578181,3.09375));
#2611 = CARTESIAN_POINT('',(-16.84405059375,29.174751433636,3.21875));
#2612 = CARTESIAN_POINT('',(-33.6881011875,19.449834289091,3.34375));
#2613 = CARTESIAN_POINT('',(-33.6881011875,2.11E-15,3.46875));
#2614 = CARTESIAN_POINT('',(-33.6881011875,-19.44983428909,3.59375));
#2615 = CARTESIAN_POINT('',(-16.84405059375,-29.17475143363,3.71875));
#2616 = CARTESIAN_POINT('',(-2.38E-15,-38.89966857818,3.84375));
#2617 = CARTESIAN_POINT('',(16.84405059375,-29.17475143363,3.96875));
#2618 = CARTESIAN_POINT('',(33.6881011875,-19.44983428909,4.09375));
#2619 = CARTESIAN_POINT('',(33.6881011875,-2.01E-15,4.21875));
#2620 = CARTESIAN_POINT('',(33.6881011875,15.670596883145,4.319461634931
    ));
#2621 = CARTESIAN_POINT('',(21.702630052506,25.765946720881,
    4.428814525623));
#2622 = CARTESIAN_POINT('',(29.119846827579,-16.70796462809,
    -0.297243487219));
#2623 = CARTESIAN_POINT('',(33.572631134234,-8.947330711741,
    -0.230617056909));
#2624 = CARTESIAN_POINT('',(33.572631134234,-2.E-15,-0.172916666511));
#2625 = CARTESIAN_POINT('',(33.572631134234,19.383167622754,
    -4.791666651129E-02));
#2626 = CARTESIAN_POINT('',(16.786315567117,29.074751434131,
    7.708333348871E-02));
#2627 = CARTESIAN_POINT('',(7.12E-15,38.766335245508,0.202083333489));
#2628 = CARTESIAN_POINT('',(-16.78631556711,29.074751434131,
    0.327083333489));
#2629 = CARTESIAN_POINT('',(-33.57263113423,19.383167622754,
    0.452083333489));
#2630 = CARTESIAN_POINT('',(-33.57263113423,2.11E-15,0.577083333489));
#2631 = CARTESIAN_POINT('',(-33.57263113423,-19.38316762275,
    0.702083333489));
#2632 = CARTESIAN_POINT('',(-16.78631556711,-29.07475143413,
    0.827083333489));
#2633 = CARTESIAN_POINT('',(-2.37E-15,-38.7663352455,0.952083333489));
#2634 = CARTESIAN_POINT('',(16.786315567117,-29.07475143413,
    1.077083333489));
#2635 = CARTESIAN_POINT('',(33.572631134234,-19.38316762275,
    1.202083333489));
#2636 = CARTESIAN_POINT('',(33.572631134234,-2.E-15,1.327083333489));
#2637 = CARTESIAN_POINT('',(33.572631134234,19.383167622754,
    1.452083333489));
#2638 = CARTESIAN_POINT('',(16.786315567117,29.074751434131,
    1.577083333489));
#2639 = CARTESIAN_POINT('',(7.12E-15,38.766335245508,1.702083333489));
#2640 = CARTESIAN_POINT('',(-16.78631556711,29.074751434131,
    1.827083333489));
#2641 = CARTESIAN_POINT('',(-33.57263113423,19.383167622754,
    1.952083333489));
#2642 = CARTESIAN_POINT('',(-33.57263113423,2.11E-15,2.077083333489));
#2643 = CARTESIAN_POINT('',(-33.57263113423,-19.38316762275,
    2.202083333489));
#2644 = CARTESIAN_POINT('',(-16.78631556711,-29.07475143413,
    2.327083333489));
#2645 = CARTESIAN_POINT('',(-2.37E-15,-38.7663352455,2.452083333489));
#2646 = CARTESIAN_POINT('',(16.786315567117,-29.07475143413,
    2.577083333489));
#2647 = CARTESIAN_POINT('',(33.572631134234,-19.38316762275,
    2.702083333489));
#2648 = CARTESIAN_POINT('',(33.572631134234,-2.E-15,2.827083333489));
#2649 = CARTESIAN_POINT('',(33.572631134234,19.383167622754,
    2.952083333489));
#2650 = CARTESIAN_POINT('',(16.786315567117,29.074751434131,
    3.077083333489));
#2651 = CARTESIAN_POINT('',(7.12E-15,38.766335245508,3.202083333489));
#2652 = CARTESIAN_POINT('',(-16.78631556711,29.074751434131,
    3.327083333489));
#2653 = CARTESIAN_POINT('',(-33.57263113423,19.383167622754,
    3.452083333489));
#2654 = CARTESIAN_POINT('',(-33.57263113423,2.11E-15,3.577083333489));
#2655 = CARTESIAN_POINT('',(-33.57263113423,-19.38316762275,
    3.702083333489));
#2656 = CARTESIAN_POINT('',(-16.78631556711,-29.07475143413,
    3.827083333489));
#2657 = CARTESIAN_POINT('',(-2.37E-15,-38.7663352455,3.952083333489));
#2658 = CARTESIAN_POINT('',(16.786315567117,-29.07475143413,
    4.077083333489));
#2659 = CARTESIAN_POINT('',(33.572631134234,-19.38316762275,
    4.202083333489));
#2660 = CARTESIAN_POINT('',(33.572631134234,-2.E-15,4.327083333489));
#2661 = CARTESIAN_POINT('',(33.572631134234,15.616884011448,
    4.42779496842));
#2662 = CARTESIAN_POINT('',(21.628241655421,25.677630813025,
    4.537147859111));
#2663 = CARTESIAN_POINT('',(29.119846827579,-16.70796462809,
    -0.138910154196));
#2664 = CARTESIAN_POINT('',(33.572631134234,-8.947330711741,
    -7.228372388592E-02));
#2665 = CARTESIAN_POINT('',(33.572631134234,-2.E-15,-1.458333348871E-02)
  );
#2666 = CARTESIAN_POINT('',(33.572631134234,19.383167622754,
    0.110416666511));
#2667 = CARTESIAN_POINT('',(16.786315567117,29.074751434131,
    0.235416666511));
#2668 = CARTESIAN_POINT('',(7.12E-15,38.766335245508,0.360416666511));
#2669 = CARTESIAN_POINT('',(-16.78631556711,29.074751434131,
    0.485416666511));
#2670 = CARTESIAN_POINT('',(-33.57263113423,19.383167622754,
    0.610416666511));
#2671 = CARTESIAN_POINT('',(-33.57263113423,2.11E-15,0.735416666511));
#2672 = CARTESIAN_POINT('',(-33.57263113423,-19.38316762275,
    0.860416666511));
#2673 = CARTESIAN_POINT('',(-16.78631556711,-29.07475143413,
    0.985416666511));
#2674 = CARTESIAN_POINT('',(-2.37E-15,-38.7663352455,1.110416666511));
#2675 = CARTESIAN_POINT('',(16.786315567117,-29.07475143413,
    1.235416666511));
#2676 = CARTESIAN_POINT('',(33.572631134234,-19.38316762275,
    1.360416666511));
#2677 = CARTESIAN_POINT('',(33.572631134234,-2.E-15,1.485416666511));
#2678 = CARTESIAN_POINT('',(33.572631134234,19.383167622754,
    1.610416666511));
#2679 = CARTESIAN_POINT('',(16.786315567117,29.074751434131,
    1.735416666511));
#2680 = CARTESIAN_POINT('',(7.12E-15,38.766335245508,1.860416666511));
#2681 = CARTESIAN_POINT('',(-16.78631556711,29.074751434131,
    1.985416666511));
#2682 = CARTESIAN_POINT('',(-33.57263113423,19.383167622754,
    2.110416666511));
#2683 = CARTESIAN_POINT('',(-33.57263113423,2.11E-15,2.235416666511));
#2684 = CARTESIAN_POINT('',(-33.57263113423,-19.38316762275,
    2.360416666511));
#2685 = CARTESIAN_POINT('',(-16.78631556711,-29.07475143413,
    2.485416666511));
#2686 = CARTESIAN_POINT('',(-2.37E-15,-38.7663352455,2.610416666511));
#2687 = CARTESIAN_POINT('',(16.786315567117,-29.07475143413,
    2.735416666511));
#2688 = CARTESIAN_POINT('',(33.572631134234,-19.38316762275,
    2.860416666511));
#2689 = CARTESIAN_POINT('',(33.572631134234,-2.E-15,2.985416666511));
#2690 = CARTESIAN_POINT('',(33.572631134234,19.383167622754,
    3.110416666511));
#2691 = CARTESIAN_POINT('',(16.786315567117,29.074751434131,
    3.235416666511));
#2692 = CARTESIAN_POINT('',(7.12E-15,38.766335245508,3.360416666511));
#2693 = CARTESIAN_POINT('',(-16.78631556711,29.074751434131,
    3.485416666511));
#2694 = CARTESIAN_POINT('',(-33.57263113423,19.383167622754,
    3.610416666511));
#2695 = CARTESIAN_POINT('',(-33.57263113423,2.11E-15,3.735416666511));
#2696 = CARTESIAN_POINT('',(-33.57263113423,-19.38316762275,
    3.860416666511));
#2697 = CARTESIAN_POINT('',(-16.78631556711,-29.07475143413,
    3.985416666511));
#2698 = CARTESIAN_POINT('',(-2.37E-15,-38.7663352455,4.110416666511));
#2699 = CARTESIAN_POINT('',(16.786315567117,-29.07475143413,
    4.235416666511));
#2700 = CARTESIAN_POINT('',(33.572631134234,-19.38316762275,
    4.360416666511));
#2701 = CARTESIAN_POINT('',(33.572631134234,-2.E-15,4.485416666511));
#2702 = CARTESIAN_POINT('',(33.572631134234,15.616884011448,
    4.586128301442));
#2703 = CARTESIAN_POINT('',(21.628241655421,25.677630813025,
    4.695481192134));
#2704 = CARTESIAN_POINT('',(29.220001928644,-16.7654301737,
    -3.057682070728E-02));
#2705 = CARTESIAN_POINT('',(33.6881011875,-8.978104253134,
    3.604960960278E-02));
#2706 = CARTESIAN_POINT('',(33.6881011875,-2.01E-15,9.375E-02));
#2707 = CARTESIAN_POINT('',(33.6881011875,19.449834289091,0.21875));
#2708 = CARTESIAN_POINT('',(16.84405059375,29.174751433636,0.34375));
#2709 = CARTESIAN_POINT('',(7.15E-15,38.899668578181,0.46875));
#2710 = CARTESIAN_POINT('',(-16.84405059375,29.174751433636,0.59375));
#2711 = CARTESIAN_POINT('',(-33.6881011875,19.449834289091,0.71875));
#2712 = CARTESIAN_POINT('',(-33.6881011875,2.11E-15,0.84375));
#2713 = CARTESIAN_POINT('',(-33.6881011875,-19.44983428909,0.96875));
#2714 = CARTESIAN_POINT('',(-16.84405059375,-29.17475143363,1.09375));
#2715 = CARTESIAN_POINT('',(-2.38E-15,-38.89966857818,1.21875));
#2716 = CARTESIAN_POINT('',(16.84405059375,-29.17475143363,1.34375));
#2717 = CARTESIAN_POINT('',(33.6881011875,-19.44983428909,1.46875));
#2718 = CARTESIAN_POINT('',(33.6881011875,-2.01E-15,1.59375));
#2719 = CARTESIAN_POINT('',(33.6881011875,19.449834289091,1.71875));
#2720 = CARTESIAN_POINT('',(16.84405059375,29.174751433636,1.84375));
#2721 = CARTESIAN_POINT('',(7.15E-15,38.899668578181,1.96875));
#2722 = CARTESIAN_POINT('',(-16.84405059375,29.174751433636,2.09375));
#2723 = CARTESIAN_POINT('',(-33.6881011875,19.449834289091,2.21875));
#2724 = CARTESIAN_POINT('',(-33.6881011875,2.11E-15,2.34375));
#2725 = CARTESIAN_POINT('',(-33.6881011875,-19.44983428909,2.46875));
#2726 = CARTESIAN_POINT('',(-16.84405059375,-29.17475143363,2.59375));
#2727 = CARTESIAN_POINT('',(-2.38E-15,-38.89966857818,2.71875));
#2728 = CARTESIAN_POINT('',(16.84405059375,-29.17475143363,2.84375));
#2729 = CARTESIAN_POINT('',(33.6881011875,-19.44983428909,2.96875));
#2730 = CARTESIAN_POINT('',(33.6881011875,-2.01E-15,3.09375));
#2731 = CARTESIAN_POINT('',(33.6881011875,19.449834289091,3.21875));
#2732 = CARTESIAN_POINT('',(16.84405059375,29.174751433636,3.34375));
#2733 = CARTESIAN_POINT('',(7.15E-15,38.899668578181,3.46875));
#2734 = CARTESIAN_POINT('',(-16.84405059375,29.174751433636,3.59375));
#2735 = CARTESIAN_POINT('',(-33.6881011875,19.449834289091,3.71875));
#2736 = CARTESIAN_POINT('',(-33.6881011875,2.11E-15,3.84375));
#2737 = CARTESIAN_POINT('',(-33.6881011875,-19.44983428909,3.96875));
#2738 = CARTESIAN_POINT('',(-16.84405059375,-29.17475143363,4.09375));
#2739 = CARTESIAN_POINT('',(-2.38E-15,-38.89966857818,4.21875));
#2740 = CARTESIAN_POINT('',(16.84405059375,-29.17475143363,4.34375));
#2741 = CARTESIAN_POINT('',(33.6881011875,-19.44983428909,4.46875));
#2742 = CARTESIAN_POINT('',(33.6881011875,-2.01E-15,4.59375));
#2743 = CARTESIAN_POINT('',(33.6881011875,15.670596883145,4.694461634931
    ));
#2744 = CARTESIAN_POINT('',(21.702630052506,25.765946720881,
    4.803814525623));
#2745 = ADVANCED_FACE('',(#2746),#2861,.F.);
#2746 = FACE_BOUND('',#2747,.F.);
#2747 = EDGE_LOOP('',(#2748,#2749,#2839,#2859,#2860));
#2748 = ORIENTED_EDGE('',*,*,#2443,.T.);
#2749 = ORIENTED_EDGE('',*,*,#2750,.F.);
#2750 = EDGE_CURVE('',#2751,#2444,#2753,.T.);
#2751 = VERTEX_POINT('',#2752);
#2752 = CARTESIAN_POINT('',(-34.5,2.E-15,0.));
#2753 = ( BOUNDED_CURVE() B_SPLINE_CURVE(2,(#2754,#2755,#2756,#2757,
    #2758,#2759,#2760,#2761,#2762,#2763,#2764,#2765,#2766,#2767,#2768,
    #2769,#2770,#2771,#2772,#2773,#2774,#2775,#2776,#2777,#2778,#2779,
    #2780,#2781,#2782,#2783,#2784,#2785,#2786,#2787,#2788,#2789,#2790,
    #2791,#2792,#2793,#2794,#2795,#2796,#2797,#2798,#2799,#2800,#2801,
    #2802,#2803,#2804,#2805,#2806,#2807,#2808,#2809,#2810,#2811,#2812,
    #2813,#2814,#2815,#2816,#2817,#2818,#2819,#2820,#2821,#2822,#2823,
    #2824,#2825,#2826,#2827,#2828,#2829,#2830,#2831,#2832,#2833,#2834,
    #2835,#2836,#2837,#2838),.UNSPECIFIED.,.F.,.F.) 
B_SPLINE_CURVE_WITH_KNOTS((3,2,2,2,2,2,2,2,2,2,2,2,2,2,2,2,2,2,2,2,2,2,2
    ,2,2,2,2,2,2,2,2,2,2,2,2,2,2,2,2,2,2,2,3),(0.,2.380952380952E-02,
    4.761904761905E-02,7.142857142857E-02,9.52380952381E-02,
    0.119047619048,0.142857142857,0.166666666667,0.190476190476,
    0.214285714286,0.238095238095,0.261904761905,0.285714285714,
    0.309523809524,0.333333333333,0.357142857143,0.380952380952,
    0.404761904762,0.428571428571,0.452380952381,0.47619047619,0.5,
    0.52380952381,0.547619047619,0.571428571429,0.595238095238,
    0.619047619048,0.642857142857,0.666666666667,0.690476190476,
    0.714285714286,0.738095238095,0.761904761905,0.785714285714,
    0.809523809524,0.833333333333,0.857142857143,0.880952380952,
    0.904761904762,0.928571428571,0.952380952381,0.97619047619,1.),
.UNSPECIFIED.) CURVE() GEOMETRIC_REPRESENTATION_ITEM() 
RATIONAL_B_SPLINE_CURVE((1.,0.866025403784,1.,0.866025403784,1.,
    0.866025403784,1.,0.866025403784,1.,0.866025403784,1.,0.866025403784
    ,1.,0.866025403784,1.,0.866025403784,1.,0.866025403784,1.,
    0.866025403784,1.,0.866025403784,1.,0.866025403784,1.,0.866025403784
    ,1.,0.866025403784,1.,0.866025403784,1.,0.866025403784,1.,
    0.866025403784,1.,0.866025403784,1.,0.866025403784,1.,0.866025403784
    ,1.,0.866025403784,1.,0.866025403784,1.,0.866025403784,1.,
    0.866025403784,1.,0.866025403784,1.,0.866025403784,1.,0.866025403784
    ,1.,0.866025403784,1.,0.866025403784,1.,0.866025403784,1.,
    0.866025403784,1.,0.866025403784,1.,0.866025403784,1.,0.866025403784
    ,1.,0.866025403784,1.,0.866025403784,1.,0.866025403784,1.,
    0.866025403784,1.,0.866025403784,1.,0.866025403784,1.,0.866025403784
,1.,0.866025403784,1.)) REPRESENTATION_ITEM('') );
#2754 = CARTESIAN_POINT('',(-34.5,2.11E-15,-3.));
#2755 = CARTESIAN_POINT('',(-34.5,-19.91858428704,-2.875));
#2756 = CARTESIAN_POINT('',(-17.25,-29.87787643056,-2.75));
#2757 = CARTESIAN_POINT('',(-2.44E-15,-39.83716857408,-2.625));
#2758 = CARTESIAN_POINT('',(17.25,-29.87787643056,-2.5));
#2759 = CARTESIAN_POINT('',(34.5,-19.91858428704,-2.375));
#2760 = CARTESIAN_POINT('',(34.5,-2.11E-15,-2.25));
#2761 = CARTESIAN_POINT('',(34.5,19.918584287042,-2.125));
#2762 = CARTESIAN_POINT('',(17.25,29.877876430563,-2.));
#2763 = CARTESIAN_POINT('',(7.32E-15,39.837168574084,-1.875));
#2764 = CARTESIAN_POINT('',(-17.25,29.877876430563,-1.75));
#2765 = CARTESIAN_POINT('',(-34.5,19.918584287042,-1.625));
#2766 = CARTESIAN_POINT('',(-34.5,1.056E-14,-1.5));
#2767 = CARTESIAN_POINT('',(-34.5,-19.91858428704,-1.375));
#2768 = CARTESIAN_POINT('',(-17.25,-29.87787643056,-1.25));
#2769 = CARTESIAN_POINT('',(-4.758E-14,-39.83716857408,-1.125));
#2770 = CARTESIAN_POINT('',(17.25,-29.87787643056,-1.));
#2771 = CARTESIAN_POINT('',(34.5,-19.91858428704,-0.875));
#2772 = CARTESIAN_POINT('',(34.5,-1.056E-14,-0.75));
#2773 = CARTESIAN_POINT('',(34.5,19.918584287042,-0.625));
#2774 = CARTESIAN_POINT('',(17.25,29.877876430563,-0.5));
#2775 = CARTESIAN_POINT('',(1.708E-14,39.837168574084,-0.375));
#2776 = CARTESIAN_POINT('',(-17.25,29.877876430563,-0.25));
#2777 = CARTESIAN_POINT('',(-34.5,19.918584287042,-0.125));
#2778 = CARTESIAN_POINT('',(-34.5,1.901E-14,0.));
#2779 = CARTESIAN_POINT('',(-34.5,-19.91858428704,0.125));
#2780 = CARTESIAN_POINT('',(-17.25,-29.87787643056,0.25));
#2781 = CARTESIAN_POINT('',(-9.272E-14,-39.83716857408,0.375));
#2782 = CARTESIAN_POINT('',(17.25,-29.87787643056,0.5));
#2783 = CARTESIAN_POINT('',(34.5,-19.91858428704,0.625));
#2784 = CARTESIAN_POINT('',(34.5,-8.03E-14,0.75));
#2785 = CARTESIAN_POINT('',(34.5,19.918584287042,0.875));
#2786 = CARTESIAN_POINT('',(17.25,29.877876430563,1.));
#2787 = CARTESIAN_POINT('',(9.76E-14,39.837168574084,1.125));
#2788 = CARTESIAN_POINT('',(-17.25,29.877876430563,1.25));
#2789 = CARTESIAN_POINT('',(-34.5,19.918584287042,1.375));
#2790 = CARTESIAN_POINT('',(-34.5,2.746E-14,1.5));
#2791 = CARTESIAN_POINT('',(-34.5,-19.91858428704,1.625));
#2792 = CARTESIAN_POINT('',(-17.25,-29.87787643056,1.75));
#2793 = CARTESIAN_POINT('',(-1.0248E-13,-39.83716857408,1.875));
#2794 = CARTESIAN_POINT('',(17.25,-29.87787643056,2.));
#2795 = CARTESIAN_POINT('',(34.5,-19.91858428704,2.125));
#2796 = CARTESIAN_POINT('',(34.5,-2.746E-14,2.25));
#2797 = CARTESIAN_POINT('',(34.5,19.918584287042,2.375));
#2798 = CARTESIAN_POINT('',(17.25,29.877876430563,2.5));
#2799 = CARTESIAN_POINT('',(1.0735E-13,39.837168574084,2.625));
#2800 = CARTESIAN_POINT('',(-17.25,29.877876430563,2.75));
#2801 = CARTESIAN_POINT('',(-34.5,19.918584287042,2.875));
#2802 = CARTESIAN_POINT('',(-34.5,3.591E-14,3.));
#2803 = CARTESIAN_POINT('',(-34.5,-19.91858428704,3.125));
#2804 = CARTESIAN_POINT('',(-17.25,-29.87787643056,3.25));
#2805 = CARTESIAN_POINT('',(-1.1223E-13,-39.83716857408,3.375));
#2806 = CARTESIAN_POINT('',(17.25,-29.87787643056,3.5));
#2807 = CARTESIAN_POINT('',(34.5,-19.91858428704,3.625));
#2808 = CARTESIAN_POINT('',(34.5,-1.5848E-13,3.75));
#2809 = CARTESIAN_POINT('',(34.5,19.918584287042,3.875));
#2810 = CARTESIAN_POINT('',(17.25,29.877876430563,4.));
#2811 = CARTESIAN_POINT('',(1.1711E-13,39.837168574084,4.125));
#2812 = CARTESIAN_POINT('',(-17.25,29.877876430563,4.25));
#2813 = CARTESIAN_POINT('',(-34.5,19.918584287042,4.375));
#2814 = CARTESIAN_POINT('',(-34.5,1.6693E-13,4.5));
#2815 = CARTESIAN_POINT('',(-34.5,-19.91858428704,4.625));
#2816 = CARTESIAN_POINT('',(-17.25,-29.87787643056,4.75));
#2817 = CARTESIAN_POINT('',(-2.6352E-13,-39.83716857408,4.875));
#2818 = CARTESIAN_POINT('',(17.25,-29.87787643056,5.));
#2819 = CARTESIAN_POINT('',(34.5,-19.91858428704,5.125));
#2820 = CARTESIAN_POINT('',(34.5,-1.6693E-13,5.25));
#2821 = CARTESIAN_POINT('',(34.5,19.918584287042,5.375));
#2822 = CARTESIAN_POINT('',(17.25,29.877876430563,5.5));
#2823 = CARTESIAN_POINT('',(1.2687E-13,39.837168574084,5.625));
#2824 = CARTESIAN_POINT('',(-17.25,29.877876430563,5.75));
#2825 = CARTESIAN_POINT('',(-34.5,19.918584287042,5.875));
#2826 = CARTESIAN_POINT('',(-34.5,5.281E-14,6.));
#2827 = CARTESIAN_POINT('',(-34.5,-19.91858428704,6.125));
#2828 = CARTESIAN_POINT('',(-17.25,-29.87787643056,6.25));
#2829 = CARTESIAN_POINT('',(-2.7328E-13,-39.83716857408,6.375));
#2830 = CARTESIAN_POINT('',(17.25,-29.87787643056,6.5));
#2831 = CARTESIAN_POINT('',(34.5,-19.91858428704,6.625));
#2832 = CARTESIAN_POINT('',(34.5,-1.7538E-13,6.75));
#2833 = CARTESIAN_POINT('',(34.5,19.918584287042,6.875));
#2834 = CARTESIAN_POINT('',(17.25,29.877876430563,7.));
#2835 = CARTESIAN_POINT('',(1.3663E-13,39.837168574084,7.125));
#2836 = CARTESIAN_POINT('',(-17.25,29.877876430563,7.25));
#2837 = CARTESIAN_POINT('',(-34.5,19.918584287042,7.375));
#2838 = CARTESIAN_POINT('',(-34.5,6.126E-14,7.5));
#2839 = ORIENTED_EDGE('',*,*,#2840,.T.);
#2840 = EDGE_CURVE('',#2751,#2473,#2841,.T.);
#2841 = B_SPLINE_CURVE_WITH_KNOTS('',3,(#2842,#2843,#2844,#2845,#2846,
    #2847,#2848,#2849,#2850,#2851,#2852,#2853,#2854,#2855,#2856,#2857,
    #2858),.UNSPECIFIED.,.F.,.F.,(4,1,1,1,1,1,1,1,1,1,1,1,1,1,4),(
    0.106083478497,0.114485706994,0.118686821242,0.12288793549,
    0.127089049739,0.131290163987,0.135491278236,0.139692392484,
    0.143893506733,0.148094620981,0.15229573523,0.156496849478,
    0.160697963727,0.164899077975,0.173301306472),.UNSPECIFIED.);
#2842 = CARTESIAN_POINT('',(-34.5,2.11E-15,-4.4E-16));
#2843 = CARTESIAN_POINT('',(-34.46953979564,2.802338813181,-4.4E-16));
#2844 = CARTESIAN_POINT('',(-33.91339761046,6.95969906601,2.31E-15));
#2845 = CARTESIAN_POINT('',(-32.16714077164,12.295171482495,-1.8E-15));
#2846 = CARTESIAN_POINT('',(-30.40661395814,16.050197834075,1.21E-15));
#2847 = CARTESIAN_POINT('',(-28.20486043074,19.576700052325,3.5E-16));
#2848 = CARTESIAN_POINT('',(-25.55347977949,22.849571095133,8.5E-16));
#2849 = CARTESIAN_POINT('',(-22.57970785849,25.723320688518,8.8E-16));
#2850 = CARTESIAN_POINT('',(-19.24861648731,28.246197955372,3.5E-16));
#2851 = CARTESIAN_POINT('',(-15.61824704115,30.350558856269,-7.E-16));
#2852 = CARTESIAN_POINT('',(-11.81866022192,31.971046216969,1.53E-15));
#2853 = CARTESIAN_POINT('',(-7.780953744793,33.135087275448,-2.8E-16));
#2854 = CARTESIAN_POINT('',(-3.659348527961,33.78345858987,7.4E-16));
#2855 = CARTESIAN_POINT('',(0.476660070351,33.927216577898,3.2E-16));
#2856 = CARTESIAN_POINT('',(6.074982339501,33.427105135621,9.4E-16));
#2857 = CARTESIAN_POINT('',(10.064010210125,32.304721671308,4.E-16));
#2858 = CARTESIAN_POINT('',(12.633037945313,31.229705632483,4.E-16));
#2859 = ORIENTED_EDGE('',*,*,#2472,.T.);
#2860 = ORIENTED_EDGE('',*,*,#1950,.T.);
#2861 = ( BOUNDED_SURFACE() B_SPLINE_SURFACE(1,2,(
    (#2862,#2863,#2864,#2865,#2866,#2867,#2868,#2869,#2870,#2871,#2872
      ,#2873,#2874,#2875,#2876,#2877,#2878,#2879,#2880,#2881,#2882,#2883
      ,#2884,#2885,#2886,#2887,#2888,#2889,#2890,#2891,#2892,#2893,#2894
      ,#2895,#2896,#2897,#2898,#2899,#2900)
    ,(#2901,#2902,#2903,#2904,#2905,#2906,#2907,#2908,#2909,#2910,#2911
      ,#2912,#2913,#2914,#2915,#2916,#2917,#2918,#2919,#2920,#2921,#2922
      ,#2923,#2924,#2925,#2926,#2927,#2928,#2929,#2930,#2931,#2932,#2933
      ,#2934,#2935,#2936,#2937,#2938,#2939
)),.UNSPECIFIED.,.F.,.F.,.F.) B_SPLINE_SURFACE_WITH_KNOTS((2,2),(3,2,2,2
    ,2,2,2,2,2,2,2,2,2,2,2,2,2,2,2,3),(0.,1.),(0.238769637996,
    0.261904761905,0.285714285714,0.309523809524,0.333333333333,
    0.357142857143,0.380952380952,0.404761904762,0.428571428571,
    0.452380952381,0.47619047619,0.5,0.52380952381,0.547619047619,
    0.571428571429,0.595238095238,0.619047619048,0.642857142857,
    0.666666666667,0.674675464201),.UNSPECIFIED.) 
GEOMETRIC_REPRESENTATION_ITEM() RATIONAL_B_SPLINE_SURFACE((
    (0.99262536788,0.869820206867,1.,0.866025403784,1.,0.866025403784,1.
      ,0.866025403784,1.,0.866025403784,1.,0.866025403784,1.
      ,0.866025403784,1.,0.866025403784,1.,0.866025403784,1.
      ,0.866025403784,1.,0.866025403784,1.,0.866025403784,1.
      ,0.866025403784,1.,0.866025403784,1.,0.866025403784,1.
      ,0.866025403784,1.,0.866025403784,1.,0.866025403784,1.
      ,0.954935032533,0.940187025896)
    ,(0.99262536788,0.869820206867,1.,0.866025403784,1.,0.866025403784
      ,1.,0.866025403784,1.,0.866025403784,1.,0.866025403784,1.
      ,0.866025403784,1.,0.866025403784,1.,0.866025403784,1.
      ,0.866025403784,1.,0.866025403784,1.,0.866025403784,1.
      ,0.866025403784,1.,0.866025403784,1.,0.866025403784,1.
      ,0.866025403784,1.,0.866025403784,1.,0.866025403784,1.
,0.954935032533,0.940187025896))) REPRESENTATION_ITEM('') SURFACE() );
#2862 = CARTESIAN_POINT('',(16.393691991896,30.356166801407,
    -0.493794869506));
#2863 = CARTESIAN_POINT('',(-0.561728416925,39.512854521361,
    -0.370929504225));
#2864 = CARTESIAN_POINT('',(-17.25,29.877876430563,-0.25));
#2865 = CARTESIAN_POINT('',(-34.5,19.918584287042,-0.125));
#2866 = CARTESIAN_POINT('',(-34.5,2.11E-15,0.));
#2867 = CARTESIAN_POINT('',(-34.5,-19.91858428704,0.125));
#2868 = CARTESIAN_POINT('',(-17.25,-29.87787643056,0.25));
#2869 = CARTESIAN_POINT('',(-2.44E-15,-39.83716857408,0.375));
#2870 = CARTESIAN_POINT('',(17.25,-29.87787643056,0.5));
#2871 = CARTESIAN_POINT('',(34.5,-19.91858428704,0.625));
#2872 = CARTESIAN_POINT('',(34.5,-2.11E-15,0.75));
#2873 = CARTESIAN_POINT('',(34.5,19.918584287042,0.875));
#2874 = CARTESIAN_POINT('',(17.25,29.877876430563,1.));
#2875 = CARTESIAN_POINT('',(7.32E-15,39.837168574084,1.125));
#2876 = CARTESIAN_POINT('',(-17.25,29.877876430563,1.25));
#2877 = CARTESIAN_POINT('',(-34.5,19.918584287042,1.375));
#2878 = CARTESIAN_POINT('',(-34.5,2.11E-15,1.5));
#2879 = CARTESIAN_POINT('',(-34.5,-19.91858428704,1.625));
#2880 = CARTESIAN_POINT('',(-17.25,-29.87787643056,1.75));
#2881 = CARTESIAN_POINT('',(-2.44E-15,-39.83716857408,1.875));
#2882 = CARTESIAN_POINT('',(17.25,-29.87787643056,2.));
#2883 = CARTESIAN_POINT('',(34.5,-19.91858428704,2.125));
#2884 = CARTESIAN_POINT('',(34.5,-2.11E-15,2.25));
#2885 = CARTESIAN_POINT('',(34.5,19.918584287042,2.375));
#2886 = CARTESIAN_POINT('',(17.25,29.877876430563,2.5));
#2887 = CARTESIAN_POINT('',(7.32E-15,39.837168574084,2.625));
#2888 = CARTESIAN_POINT('',(-17.25,29.877876430563,2.75));
#2889 = CARTESIAN_POINT('',(-34.5,19.918584287042,2.875));
#2890 = CARTESIAN_POINT('',(-34.5,2.11E-15,3.));
#2891 = CARTESIAN_POINT('',(-34.5,-19.91858428704,3.125));
#2892 = CARTESIAN_POINT('',(-17.25,-29.87787643056,3.25));
#2893 = CARTESIAN_POINT('',(-2.44E-15,-39.83716857408,3.375));
#2894 = CARTESIAN_POINT('',(17.25,-29.87787643056,3.5));
#2895 = CARTESIAN_POINT('',(34.5,-19.91858428704,3.625));
#2896 = CARTESIAN_POINT('',(34.5,-2.11E-15,3.75));
#2897 = CARTESIAN_POINT('',(34.5,19.918584287042,3.875));
#2898 = CARTESIAN_POINT('',(17.25,29.877876430563,4.));
#2899 = CARTESIAN_POINT('',(11.987858646057,32.915975157776,
    4.038131459087));
#2900 = CARTESIAN_POINT('',(6.004392973812,33.973478847714,
    4.081489905987));
#2901 = CARTESIAN_POINT('',(16.007894337962,29.641786054216,
    -2.504486950649E-02));
#2902 = CARTESIAN_POINT('',(-0.548509094182,38.582986705002,
    9.782049577482E-02));
#2903 = CARTESIAN_POINT('',(-16.84405059375,29.174751433636,0.21875));
#2904 = CARTESIAN_POINT('',(-33.6881011875,19.449834289091,0.34375));
#2905 = CARTESIAN_POINT('',(-33.6881011875,2.11E-15,0.46875));
#2906 = CARTESIAN_POINT('',(-33.6881011875,-19.44983428909,0.59375));
#2907 = CARTESIAN_POINT('',(-16.84405059375,-29.17475143363,0.71875));
#2908 = CARTESIAN_POINT('',(-2.38E-15,-38.89966857818,0.84375));
#2909 = CARTESIAN_POINT('',(16.84405059375,-29.17475143363,0.96875));
#2910 = CARTESIAN_POINT('',(33.6881011875,-19.44983428909,1.09375));
#2911 = CARTESIAN_POINT('',(33.6881011875,-2.01E-15,1.21875));
#2912 = CARTESIAN_POINT('',(33.6881011875,19.449834289091,1.34375));
#2913 = CARTESIAN_POINT('',(16.84405059375,29.174751433636,1.46875));
#2914 = CARTESIAN_POINT('',(7.15E-15,38.899668578181,1.59375));
#2915 = CARTESIAN_POINT('',(-16.84405059375,29.174751433636,1.71875));
#2916 = CARTESIAN_POINT('',(-33.6881011875,19.449834289091,1.84375));
#2917 = CARTESIAN_POINT('',(-33.6881011875,2.11E-15,1.96875));
#2918 = CARTESIAN_POINT('',(-33.6881011875,-19.44983428909,2.09375));
#2919 = CARTESIAN_POINT('',(-16.84405059375,-29.17475143363,2.21875));
#2920 = CARTESIAN_POINT('',(-2.38E-15,-38.89966857818,2.34375));
#2921 = CARTESIAN_POINT('',(16.84405059375,-29.17475143363,2.46875));
#2922 = CARTESIAN_POINT('',(33.6881011875,-19.44983428909,2.59375));
#2923 = CARTESIAN_POINT('',(33.6881011875,-2.01E-15,2.71875));
#2924 = CARTESIAN_POINT('',(33.6881011875,19.449834289091,2.84375));
#2925 = CARTESIAN_POINT('',(16.84405059375,29.174751433636,2.96875));
#2926 = CARTESIAN_POINT('',(7.15E-15,38.899668578181,3.09375));
#2927 = CARTESIAN_POINT('',(-16.84405059375,29.174751433636,3.21875));
#2928 = CARTESIAN_POINT('',(-33.6881011875,19.449834289091,3.34375));
#2929 = CARTESIAN_POINT('',(-33.6881011875,2.11E-15,3.46875));
#2930 = CARTESIAN_POINT('',(-33.6881011875,-19.44983428909,3.59375));
#2931 = CARTESIAN_POINT('',(-16.84405059375,-29.17475143363,3.71875));
#2932 = CARTESIAN_POINT('',(-2.38E-15,-38.89966857818,3.84375));
#2933 = CARTESIAN_POINT('',(16.84405059375,-29.17475143363,3.96875));
#2934 = CARTESIAN_POINT('',(33.6881011875,-19.44983428909,4.09375));
#2935 = CARTESIAN_POINT('',(33.6881011875,-2.01E-15,4.21875));
#2936 = CARTESIAN_POINT('',(33.6881011875,19.449834289091,4.34375));
#2937 = CARTESIAN_POINT('',(16.84405059375,29.174751433636,4.46875));
#2938 = CARTESIAN_POINT('',(11.705744785212,32.141353675374,
    4.506881459087));
#2939 = CARTESIAN_POINT('',(5.863089799168,33.173970814874,
    4.550239905987));
#2940 = ADVANCED_FACE('',(#2941,#2952),#2955,.T.);
#2941 = FACE_BOUND('',#2942,.T.);
#2942 = EDGE_LOOP('',(#2943));
#2943 = ORIENTED_EDGE('',*,*,#2944,.T.);
#2944 = EDGE_CURVE('',#2945,#2945,#2947,.T.);
#2945 = VERTEX_POINT('',#2946);
#2946 = CARTESIAN_POINT('',(7.,-35.53445316579,-15.35263841103));
#2947 = CIRCLE('',#2948,7.);
#2948 = AXIS2_PLACEMENT_3D('',#2949,#2950,#2951);
#2949 = CARTESIAN_POINT('',(0.,-35.53445316579,-15.35263841103));
#2950 = DIRECTION('',(0.,-0.939692620786,-0.342020143326));
#2951 = DIRECTION('',(1.,0.,0.));
#2952 = FACE_BOUND('',#2953,.T.);
#2953 = EDGE_LOOP('',(#2954));
#2954 = ORIENTED_EDGE('',*,*,#2080,.F.);
#2955 = PLANE('',#2956);
#2956 = AXIS2_PLACEMENT_3D('',#2957,#2958,#2959);
#2957 = CARTESIAN_POINT('',(0.,-35.53445316579,-15.35263841103));
#2958 = DIRECTION('',(0.,-0.939692620786,-0.342020143326));
#2959 = DIRECTION('',(1.,0.,0.));
#2960 = ADVANCED_FACE('',(#2961),#2988,.F.);
#2961 = FACE_BOUND('',#2962,.F.);
#2962 = EDGE_LOOP('',(#2963,#2964,#2971,#2980,#2987));
#2963 = ORIENTED_EDGE('',*,*,#2097,.T.);
#2964 = ORIENTED_EDGE('',*,*,#2965,.F.);
#2965 = EDGE_CURVE('',#2966,#2098,#2968,.T.);
#2966 = VERTEX_POINT('',#2967);
#2967 = CARTESIAN_POINT('',(-8.1,0.,-16.8));
#2968 = B_SPLINE_CURVE_WITH_KNOTS('',1,(#2969,#2970),.UNSPECIFIED.,.F.,
  .F.,(2,2),(0.,0.848528137424),.PIECEWISE_BEZIER_KNOTS.);
#2969 = CARTESIAN_POINT('',(-8.1,2.98E-15,-16.8));
#2970 = CARTESIAN_POINT('',(-8.7,3.2E-15,-16.2));
#2971 = ORIENTED_EDGE('',*,*,#2972,.F.);
#2972 = EDGE_CURVE('',#2973,#2966,#2975,.T.);
#2973 = VERTEX_POINT('',#2974);
#2974 = CARTESIAN_POINT('',(8.1,0.,-16.8));
#2975 = CIRCLE('',#2976,8.1);
#2976 = AXIS2_PLACEMENT_3D('',#2977,#2978,#2979);
#2977 = CARTESIAN_POINT('',(0.,0.,-16.8));
#2978 = DIRECTION('',(0.,0.,-1.));
#2979 = DIRECTION('',(-1.,0.,0.));
#2980 = ORIENTED_EDGE('',*,*,#2981,.F.);
#2981 = EDGE_CURVE('',#2966,#2973,#2982,.T.);
#2982 = CIRCLE('',#2983,8.1);
#2983 = AXIS2_PLACEMENT_3D('',#2984,#2985,#2986);
#2984 = CARTESIAN_POINT('',(0.,0.,-16.8));
#2985 = DIRECTION('',(0.,0.,-1.));
#2986 = DIRECTION('',(-1.,0.,0.));
#2987 = ORIENTED_EDGE('',*,*,#2965,.T.);
#2988 = CONICAL_SURFACE('',#2989,8.1,0.785398163397);
#2989 = AXIS2_PLACEMENT_3D('',#2990,#2991,#2992);
#2990 = CARTESIAN_POINT('',(0.,0.,-16.8));
#2991 = DIRECTION('',(0.,0.,1.));
#2992 = DIRECTION('',(1.,0.,0.));
#2993 = ADVANCED_FACE('',(#2994,#3006),#3017,.T.);
#2994 = FACE_BOUND('',#2995,.T.);
#2995 = EDGE_LOOP('',(#2996,#3003,#3004,#3005));
#2996 = ORIENTED_EDGE('',*,*,#2997,.F.);
#2997 = EDGE_CURVE('',#2751,#2208,#2998,.T.);
#2998 = CIRCLE('',#2999,34.5);
#2999 = AXIS2_PLACEMENT_3D('',#3000,#3001,#3002);
#3000 = CARTESIAN_POINT('',(0.,2.11E-15,4.3E-16));
#3001 = DIRECTION('',(0.,0.,1.));
#3002 = DIRECTION('',(1.,0.,0.));
#3003 = ORIENTED_EDGE('',*,*,#2840,.T.);
#3004 = ORIENTED_EDGE('',*,*,#2562,.F.);
#3005 = ORIENTED_EDGE('',*,*,#2207,.F.);
#3006 = FACE_BOUND('',#3007,.T.);
#3007 = EDGE_LOOP('',(#3008));
#3008 = ORIENTED_EDGE('',*,*,#3009,.T.);
#3009 = EDGE_CURVE('',#3010,#3010,#3012,.T.);
#3010 = VERTEX_POINT('',#3011);
#3011 = CARTESIAN_POINT('',(35.,2.E-15,0.));
#3012 = CIRCLE('',#3013,35.);
#3013 = AXIS2_PLACEMENT_3D('',#3014,#3015,#3016);
#3014 = CARTESIAN_POINT('',(0.,2.14E-15,4.4E-16));
#3015 = DIRECTION('',(0.,0.,1.));
#3016 = DIRECTION('',(1.,0.,0.));
#3017 = PLANE('',#3018);
#3018 = AXIS2_PLACEMENT_3D('',#3019,#3020,#3021);
#3019 = CARTESIAN_POINT('',(33.25,0.,4.4E-16));
#3020 = DIRECTION('',(0.,0.,1.));
#3021 = DIRECTION('',(1.,0.,0.));
#3022 = ADVANCED_FACE('',(#3023),#3029,.T.);
#3023 = FACE_BOUND('',#3024,.T.);
#3024 = EDGE_LOOP('',(#3025,#3026,#3027,#3028));
#3025 = ORIENTED_EDGE('',*,*,#2457,.F.);
#3026 = ORIENTED_EDGE('',*,*,#2750,.F.);
#3027 = ORIENTED_EDGE('',*,*,#2997,.T.);
#3028 = ORIENTED_EDGE('',*,*,#2228,.T.);
#3029 = CYLINDRICAL_SURFACE('',#3030,34.5);
#3030 = AXIS2_PLACEMENT_3D('',#3031,#3032,#3033);
#3031 = CARTESIAN_POINT('',(0.,2.11E-15,298.67640311723));
#3032 = DIRECTION('',(0.,0.,-1.));
#3033 = DIRECTION('',(-1.,0.,0.));
#3034 = ADVANCED_FACE('',(#3035),#3205,.T.);
#3035 = FACE_BOUND('',#3036,.T.);
#3036 = EDGE_LOOP('',(#3037,#3094,#3100,#3101,#3102));
#3037 = ORIENTED_EDGE('',*,*,#3038,.F.);
#3038 = EDGE_CURVE('',#3039,#3041,#3043,.T.);
#3039 = VERTEX_POINT('',#3040);
#3040 = CARTESIAN_POINT('',(7.,-26.90645518296,-12.21230396397));
#3041 = VERTEX_POINT('',#3042);
#3042 = CARTESIAN_POINT('',(-5.604053120372,-22.75774354646,
    -15.16608628608));
#3043 = B_SPLINE_CURVE_WITH_KNOTS('',7,(#3044,#3045,#3046,#3047,#3048,
    #3049,#3050,#3051,#3052,#3053,#3054,#3055,#3056,#3057,#3058,#3059,
    #3060,#3061,#3062,#3063,#3064,#3065,#3066,#3067,#3068,#3069,#3070,
    #3071,#3072,#3073,#3074,#3075,#3076,#3077,#3078,#3079,#3080,#3081,
    #3082,#3083,#3084,#3085,#3086,#3087,#3088,#3089,#3090,#3091,#3092,
    #3093),.UNSPECIFIED.,.F.,.F.,(8,6,6,6,6,6,6,6,8),(0.,0.280818626552,
    0.359416452531,0.434844159237,0.517495143202,0.656147231972,
    0.72591028604,0.890096884639,1.),.UNSPECIFIED.);
#3044 = CARTESIAN_POINT('',(7.000000000004,-26.90645518296,
    -12.21230396397));
#3045 = CARTESIAN_POINT('',(7.000000000004,-26.33088331736,
    -12.58151768157));
#3046 = CARTESIAN_POINT('',(6.950713250373,-25.7580081379,
    -12.95749783563));
#3047 = CARTESIAN_POINT('',(6.850362449488,-25.18937778312,
    -13.34083008906));
#3048 = CARTESIAN_POINT('',(6.694963037528,-24.62871399693,
    -13.73111580153));
#3049 = CARTESIAN_POINT('',(6.479330325989,-24.08175458905,
    -14.12682046261));
#3050 = CARTESIAN_POINT('',(6.196956206906,-23.55626174974,
    -14.52517116999));
#3051 = CARTESIAN_POINT('',(5.739907615668,-22.92300377265,
    -15.03062448184));
#3052 = CARTESIAN_POINT('',(5.63416697489,-22.78701365979,
    -15.14082076529));
#3053 = CARTESIAN_POINT('',(5.52250324099,-22.65375477856,
    -15.25051369274));
#3054 = CARTESIAN_POINT('',(5.404799019154,-22.52348864698,
    -15.35950313313));
#3055 = CARTESIAN_POINT('',(5.280961476402,-22.3964918002,-15.4675537896
    ));
#3056 = CARTESIAN_POINT('',(5.150933651023,-22.27304865896,
    -15.57439395015));
#3057 = CARTESIAN_POINT('',(4.883972409909,-22.03866418607,
    -15.78078659884));
#3058 = CARTESIAN_POINT('',(4.747526148235,-21.92741659271,
    -15.88046141959));
#3059 = CARTESIAN_POINT('',(4.605366579475,-21.81996030943,
    -15.97846088088));
#3060 = CARTESIAN_POINT('',(4.457530570962,-21.71654715434,
    -16.07447905884));
#3061 = CARTESIAN_POINT('',(4.304101851935,-21.61741546062,
    -16.16818686205));
#3062 = CARTESIAN_POINT('',(4.145220610609,-21.52278346502,
    -16.25923696824));
#3063 = CARTESIAN_POINT('',(3.801248024156,-21.33428881798,
    -16.44373085149));
#3064 = CARTESIAN_POINT('',(3.615088952693,-21.24135926384,
    -16.5365770123));
#3065 = CARTESIAN_POINT('',(3.422894253774,-21.15431407193,
    -16.62532956196));
#3066 = CARTESIAN_POINT('',(3.225001751688,-21.07334985938,
    -16.70951530502));
#3067 = CARTESIAN_POINT('',(3.02180867703,-20.99860670936,
    -16.78867763792));
#3068 = CARTESIAN_POINT('',(2.813771625652,-20.93017505788,-16.862388655
    ));
#3069 = CARTESIAN_POINT('',(2.245151039463,-20.76397219777,
    -17.04412169785));
#3070 = CARTESIAN_POINT('',(1.876682866387,-20.67772872044,
    -17.14156256294));
#3071 = CARTESIAN_POINT('',(1.498368259167,-20.60959187422,
    -17.22077646617));
#3072 = CARTESIAN_POINT('',(1.112702086944,-20.55937218211,
    -17.28037667126));
#3073 = CARTESIAN_POINT('',(0.722238735881,-20.52680477704,
    -17.31943473451));
#3074 = CARTESIAN_POINT('',(0.329550762865,-20.51173098942,
    -17.33750440815));
#3075 = CARTESIAN_POINT('',(-0.260189020013,-20.51533362378,
    -17.33318644397));
#3076 = CARTESIAN_POINT('',(-0.457523799218,-20.52096400771,
    -17.32643965641));
#3077 = CARTESIAN_POINT('',(-0.654466535505,-20.53102380105,
    -17.31439802423));
#3078 = CARTESIAN_POINT('',(-0.850693910137,-20.54552829274,
    -17.29709861746));
#3079 = CARTESIAN_POINT('',(-1.045882356702,-20.56449914941,
    -17.2746089147));
#3080 = CARTESIAN_POINT('',(-1.239708624349,-20.58796044394,
    -17.24702672711));
#3081 = CARTESIAN_POINT('',(-1.884053807877,-20.68177175725,
    -17.137882038));
#3082 = CARTESIAN_POINT('',(-2.327353784614,-20.77266691566,
    -17.03371405918));
#3083 = CARTESIAN_POINT('',(-2.756887350629,-20.88889059885,
    -16.90365893261));
#3084 = CARTESIAN_POINT('',(-3.168420185582,-21.03049221421,
    -16.75047377322));
#3085 = CARTESIAN_POINT('',(-3.558418295196,-21.1970189827,
    -16.57761829096));
#3086 = CARTESIAN_POINT('',(-3.92417678866,-21.38698608194,
    -16.38882982418));
#3087 = CARTESIAN_POINT('',(-4.49114980944,-21.73896043512,
    -16.05353560633));
#3088 = CARTESIAN_POINT('',(-4.706888639882,-21.88951058378,
    -15.91362521725));
#3089 = CARTESIAN_POINT('',(-4.910560101317,-22.0487981152,
    -15.76933121694));
#3090 = CARTESIAN_POINT('',(-5.10200025286,-22.21605681265,
    -15.62164192862));
#3091 = CARTESIAN_POINT('',(-5.281255111949,-22.39048537423,
    -15.47141494195));
#3092 = CARTESIAN_POINT('',(-5.448512082505,-22.57129360746,
    -15.31936637777));
#3093 = CARTESIAN_POINT('',(-5.604053120372,-22.75774354646,
    -15.16608628608));
#3094 = ORIENTED_EDGE('',*,*,#3095,.T.);
#3095 = EDGE_CURVE('',#3039,#2945,#3096,.T.);
#3096 = LINE('',#3097,#3098);
#3097 = CARTESIAN_POINT('',(7.,-22.37875647479,-10.56435640447));
#3098 = VECTOR('',#3099,1.);
#3099 = DIRECTION('',(0.,-0.939692620786,-0.342020143326));
#3100 = ORIENTED_EDGE('',*,*,#2944,.F.);
#3101 = ORIENTED_EDGE('',*,*,#3095,.F.);
#3102 = ORIENTED_EDGE('',*,*,#3103,.F.);
#3103 = EDGE_CURVE('',#3041,#3039,#3104,.T.);
#3104 = B_SPLINE_CURVE_WITH_KNOTS('',8,(#3105,#3106,#3107,#3108,#3109,
    #3110,#3111,#3112,#3113,#3114,#3115,#3116,#3117,#3118,#3119,#3120,
    #3121,#3122,#3123,#3124,#3125,#3126,#3127,#3128,#3129,#3130,#3131,
    #3132,#3133,#3134,#3135,#3136,#3137,#3138,#3139,#3140,#3141,#3142,
    #3143,#3144,#3145,#3146,#3147,#3148,#3149,#3150,#3151,#3152,#3153,
    #3154,#3155,#3156,#3157,#3158,#3159,#3160,#3161,#3162,#3163,#3164,
    #3165,#3166,#3167,#3168,#3169,#3170,#3171,#3172,#3173,#3174,#3175,
    #3176,#3177,#3178,#3179,#3180,#3181,#3182,#3183,#3184,#3185,#3186,
    #3187,#3188,#3189,#3190,#3191,#3192,#3193,#3194,#3195,#3196,#3197,
    #3198,#3199,#3200,#3201,#3202,#3203,#3204),.UNSPECIFIED.,.F.,.F.,(9,
    7,7,7,7,7,7,7,7,7,7,7,7,7,9),(0.,6.282604878329E-02,0.10827253256,
    0.231004575634,0.373379492351,0.422838152316,0.523632633164,
    0.587752231182,0.654684354399,0.754560863858,0.858359306989,
    0.945684869089,0.972721603136,0.985942203679,1.),.UNSPECIFIED.);
#3105 = CARTESIAN_POINT('',(-5.604053120372,-22.75774354646,
    -15.16608628608));
#3106 = CARTESIAN_POINT('',(-5.737832891969,-22.91810785028,
    -15.03425113867));
#3107 = CARTESIAN_POINT('',(-5.863124984764,-23.08256347247,
    -14.90152089774));
#3108 = CARTESIAN_POINT('',(-5.980115536208,-23.25069529328,
    -14.76822631725));
#3109 = CARTESIAN_POINT('',(-6.089021437454,-23.4221089518,
    -14.63464192801));
#3110 = CARTESIAN_POINT('',(-6.190076610325,-23.59643837235,
    -14.50099224287));
#3111 = CARTESIAN_POINT('',(-6.28352110544,-23.77335181395,
    -14.3674570846));
#3112 = CARTESIAN_POINT('',(-6.369593021475,-23.95255644274,
    -14.23417603599));
#3113 = CARTESIAN_POINT('',(-6.505619007923,-24.26490862603,
    -14.00509875139));
#3114 = CARTESIAN_POINT('',(-6.558975680203,-24.39707871311,
    -13.90913583139));
#3115 = CARTESIAN_POINT('',(-6.608680120871,-24.53021461437,
    -13.81340352884));
#3116 = CARTESIAN_POINT('',(-6.654815103336,-24.66422557996,
    -13.7179360124));
#3117 = CARTESIAN_POINT('',(-6.697459155201,-24.79902734144,
    -13.62276180825));
#3118 = CARTESIAN_POINT('',(-6.73668639747,-24.93454226874,
    -13.52790426527));
#3119 = CARTESIAN_POINT('',(-6.772566383765,-25.07069952722,
    -13.4333820201));
#3120 = CARTESIAN_POINT('',(-6.893196374356,-25.57670148649,
    -13.08488856775));
#3121 = CARTESIAN_POINT('',(-6.957263792155,-25.95007802366,
    -12.83319245788));
#3122 = CARTESIAN_POINT('',(-6.998693767296,-26.32642054713,
    -12.58431834618));
#3123 = CARTESIAN_POINT('',(-7.018453084499,-26.70469710814,
    -12.33841721842));
#3124 = CARTESIAN_POINT('',(-7.017260068638,-27.0839849224,
    -12.0956106194));
#3125 = CARTESIAN_POINT('',(-6.995625122818,-27.46346848392,
    -11.8559953017));
#3126 = CARTESIAN_POINT('',(-6.953839452255,-27.84243773367,
    -11.61964258768));
#3127 = CARTESIAN_POINT('',(-6.820116351874,-28.65860560538,
    -11.11625816476));
#3128 = CARTESIAN_POINT('',(-6.721279729846,-29.09506576679,
    -10.85058675718));
#3129 = CARTESIAN_POINT('',(-6.595528496671,-29.52880438115,
    -10.58959427205));
#3130 = CARTESIAN_POINT('',(-6.442530528945,-29.95868315218,
    -10.33353713008));
#3131 = CARTESIAN_POINT('',(-6.261670308543,-30.38330584191,
    -10.08286828844));
#3132 = CARTESIAN_POINT('',(-6.052012596636,-30.80099848085,
    -9.838234440015));
#3133 = CARTESIAN_POINT('',(-5.812314545369,-31.20980669095,
    -9.600466807865));
#3134 = CARTESIAN_POINT('',(-5.446166078481,-31.74548432292,
    -9.290805403233));
#3135 = CARTESIAN_POINT('',(-5.347917726666,-31.88220784938,
    -9.211943573049));
#3136 = CARTESIAN_POINT('',(-5.24574701869,-32.0174377441,
    -9.134107658534));
#3137 = CARTESIAN_POINT('',(-5.139577160742,-32.15105095119,
    -9.057356888165));
#3138 = CARTESIAN_POINT('',(-5.029328849441,-32.2829095211,
    -8.981759128012));
#3139 = CARTESIAN_POINT('',(-4.914919911169,-32.41286037695,
    -8.90739092799));
#3140 = CARTESIAN_POINT('',(-4.796264941398,-32.54073508089,
    -8.834337568113));
#3141 = CARTESIAN_POINT('',(-4.422626969673,-32.92234623044,
    -8.616684974018));
#3142 = CARTESIAN_POINT('',(-4.154117252106,-33.1688085982,
    -8.476612284416));
#3143 = CARTESIAN_POINT('',(-3.866820251866,-33.40440825955,
    -8.343139627557));
#3144 = CARTESIAN_POINT('',(-3.559992339735,-33.62714958659,
    -8.217313080914));
#3145 = CARTESIAN_POINT('',(-3.233207463325,-33.83447966137,
    -8.100488914191));
#3146 = CARTESIAN_POINT('',(-2.886457426481,-34.02336282895,
    -7.994288978743));
#3147 = CARTESIAN_POINT('',(-2.520303720955,-34.190403528,
    -7.900534592592));
#3148 = CARTESIAN_POINT('',(-1.891802905968,-34.42224073437,
    -7.770585884758));
#3149 = CARTESIAN_POINT('',(-1.640221043974,-34.50210316039,
    -7.725872299315));
#3150 = CARTESIAN_POINT('',(-1.382124402669,-34.57067318565,
    -7.687519108601));
#3151 = CARTESIAN_POINT('',(-1.118388147931,-34.62701349262,
    -7.656032148272));
#3152 = CARTESIAN_POINT('',(-0.85007433145,-34.67030243964,
    -7.631854396268));
#3153 = CARTESIAN_POINT('',(-0.578451535253,-34.69989538257,
    -7.615333098167));
#3154 = CARTESIAN_POINT('',(-0.305020301928,-34.71540943355,
    -7.606673579958));
#3155 = CARTESIAN_POINT('',(0.253927278125,-34.71831626511,
    -7.605051096094));
#3156 = CARTESIAN_POINT('',(0.539658254134,-34.70444621611,
    -7.612792517669));
#3157 = CARTESIAN_POINT('',(0.823624482389,-34.67517895645,
    -7.629130578203));
#3158 = CARTESIAN_POINT('',(1.104105702078,-34.63091985573,
    -7.653848123931));
#3159 = CARTESIAN_POINT('',(1.379649400126,-34.57238998569,
    -7.686556864702));
#3160 = CARTESIAN_POINT('',(1.649041500149,-34.50052335566,
    -7.726753294116));
#3161 = CARTESIAN_POINT('',(1.911283826924,-34.41639360502,
    -7.773857947176));
#3162 = CARTESIAN_POINT('',(2.545038129752,-34.17907715463,
    -7.906892018696));
#3163 = CARTESIAN_POINT('',(2.90673893029,-34.01230334508,
    -8.000507392109));
#3164 = CARTESIAN_POINT('',(3.249353524412,-33.82425072638,
    -8.106252598532));
#3165 = CARTESIAN_POINT('',(3.57236527565,-33.61820567159,-8.22236518648
    ));
#3166 = CARTESIAN_POINT('',(3.87579802301,-33.39710424546,
    -8.347276823931));
#3167 = CARTESIAN_POINT('',(4.160073029922,-33.16341735983,
    -8.47967516835));
#3168 = CARTESIAN_POINT('',(4.425913325028,-32.91907997148,
    -8.618546273762));
#3169 = CARTESIAN_POINT('',(4.932268504776,-32.40173517772,
    -8.913618095309));
#3170 = CARTESIAN_POINT('',(5.171153269792,-32.12821020931,
    -9.070153152423));
#3171 = CARTESIAN_POINT('',(5.391817786472,-31.84642045179,
    -9.232030074288));
#3172 = CARTESIAN_POINT('',(5.59501269263,-31.55771364028,
    -9.398579486557));
#3173 = CARTESIAN_POINT('',(5.781400343546,-31.26322420269,
    -9.569254708382));
#3174 = CARTESIAN_POINT('',(5.951581640485,-30.96388530996,
    -9.743626859961));
#3175 = CARTESIAN_POINT('',(6.106082320945,-30.66042561497,
    -9.921390582219));
#3176 = CARTESIAN_POINT('',(6.362497668239,-30.09504265902,
    -10.25463079014));
#3177 = CARTESIAN_POINT('',(6.468829986042,-29.83425091457,
    -10.40911971542));
#3178 = CARTESIAN_POINT('',(6.564585704781,-29.57135851751,
    -10.56570267741));
#3179 = CARTESIAN_POINT('',(6.649946240037,-29.30670299768,
    -10.72426426997));
#3180 = CARTESIAN_POINT('',(6.725039448334,-29.04059754889,
    -10.88470843737));
#3181 = CARTESIAN_POINT('',(6.789946223386,-28.77333267602,
    -11.04695865046));
#3182 = CARTESIAN_POINT('',(6.844700060798,-28.50517670588,
    -11.21095918928));
#3183 = CARTESIAN_POINT('',(6.903081791596,-28.15315192622,
    -11.42798533534));
#3184 = CARTESIAN_POINT('',(6.915908462633,-28.06986831421,
    -11.47945687791));
#3185 = CARTESIAN_POINT('',(6.927758945458,-27.98653219883,
    -11.5310908205));
#3186 = CARTESIAN_POINT('',(6.938632081876,-27.90315147843,
    -11.58288589379));
#3187 = CARTESIAN_POINT('',(6.948526214357,-27.81973407698,
    -11.63484089844));
#3188 = CARTESIAN_POINT('',(6.957439186033,-27.736287944,-11.68695470505
    ));
#3189 = CARTESIAN_POINT('',(6.965368340698,-27.65282105464,
    -11.73922625421));
#3190 = CARTESIAN_POINT('',(6.975705156807,-27.52852098217,
    -11.81729129348));
#3191 = CARTESIAN_POINT('',(6.97885327276,-27.48782408464,
    -11.84288601532));
#3192 = CARTESIAN_POINT('',(6.981757150347,-27.44725056041,
    -11.86843890689));
#3193 = CARTESIAN_POINT('',(6.98441900499,-27.40680025378,
    -11.89395015271));
#3194 = CARTESIAN_POINT('',(6.986840987858,-27.36647300991,
    -11.91941993684));
#3195 = CARTESIAN_POINT('',(6.989025185864,-27.3262686749,
    -11.94484844295));
#3196 = CARTESIAN_POINT('',(6.990973621668,-27.28618709571,
    -11.97023585424));
#3197 = CARTESIAN_POINT('',(6.994511464916,-27.20373873883,
    -12.02253392223));
#3198 = CARTESIAN_POINT('',(6.996076142704,-27.16125222398,
    -12.04952534987));
#3199 = CARTESIAN_POINT('',(6.997381715308,-27.11876966003,
    -12.07655651224));
#3200 = CARTESIAN_POINT('',(6.998427568284,-27.07629214744,
    -12.10362728468));
#3201 = CARTESIAN_POINT('',(6.999213044471,-27.03382080277,
    -12.13073754199));
#3202 = CARTESIAN_POINT('',(6.999737443997,-26.99135675864,
    -12.15788715852));
#3203 = CARTESIAN_POINT('',(7.000000024274,-26.94890116376,
    -12.18507600807));
#3204 = CARTESIAN_POINT('',(7.,-26.90645518296,-12.21230396397));
#3205 = CYLINDRICAL_SURFACE('',#3206,7.);
#3206 = AXIS2_PLACEMENT_3D('',#3207,#3208,#3209);
#3207 = CARTESIAN_POINT('',(0.,-22.37875647479,-10.56435640447));
#3208 = DIRECTION('',(0.,-0.939692620786,-0.342020143326));
#3209 = DIRECTION('',(1.,0.,0.));
#3210 = ADVANCED_FACE('',(#3211),#3230,.F.);
#3211 = FACE_BOUND('',#3212,.F.);
#3212 = EDGE_LOOP('',(#3213,#3214,#3221,#3228,#3229));
#3213 = ORIENTED_EDGE('',*,*,#2981,.T.);
#3214 = ORIENTED_EDGE('',*,*,#3215,.F.);
#3215 = EDGE_CURVE('',#3216,#2973,#3218,.T.);
#3216 = VERTEX_POINT('',#3217);
#3217 = CARTESIAN_POINT('',(8.1,0.,-21.7));
#3218 = B_SPLINE_CURVE_WITH_KNOTS('',1,(#3219,#3220),.UNSPECIFIED.,.F.,
  .F.,(2,2),(-23.41217258274,-18.51217258274),.PIECEWISE_BEZIER_KNOTS.);
#3219 = CARTESIAN_POINT('',(8.1,-1.98E-15,-21.7));
#3220 = CARTESIAN_POINT('',(8.1,-1.98E-15,-16.8));
#3221 = ORIENTED_EDGE('',*,*,#3222,.T.);
#3222 = EDGE_CURVE('',#3216,#3216,#3223,.T.);
#3223 = CIRCLE('',#3224,8.1);
#3224 = AXIS2_PLACEMENT_3D('',#3225,#3226,#3227);
#3225 = CARTESIAN_POINT('',(0.,0.,-21.7));
#3226 = DIRECTION('',(0.,0.,1.));
#3227 = DIRECTION('',(1.,0.,0.));
#3228 = ORIENTED_EDGE('',*,*,#3215,.T.);
#3229 = ORIENTED_EDGE('',*,*,#2972,.T.);
#3230 = CYLINDRICAL_SURFACE('',#3231,8.1);
#3231 = AXIS2_PLACEMENT_3D('',#3232,#3233,#3234);
#3232 = CARTESIAN_POINT('',(0.,0.,1.712172582746));
#3233 = DIRECTION('',(0.,0.,1.));
#3234 = DIRECTION('',(1.,0.,0.));
#3235 = ADVANCED_FACE('',(#3236),#3254,.T.);
#3236 = FACE_BOUND('',#3237,.T.);
#3237 = EDGE_LOOP('',(#3238,#3247,#3252,#3253));
#3238 = ORIENTED_EDGE('',*,*,#3239,.T.);
#3239 = EDGE_CURVE('',#3240,#3240,#3242,.T.);
#3240 = VERTEX_POINT('',#3241);
#3241 = CARTESIAN_POINT('',(35.,2.E-15,-1.3));
#3242 = CIRCLE('',#3243,35.);
#3243 = AXIS2_PLACEMENT_3D('',#3244,#3245,#3246);
#3244 = CARTESIAN_POINT('',(0.,2.14E-15,-1.3));
#3245 = DIRECTION('',(0.,0.,1.));
#3246 = DIRECTION('',(1.,0.,0.));
#3247 = ORIENTED_EDGE('',*,*,#3248,.T.);
#3248 = EDGE_CURVE('',#3240,#3010,#3249,.T.);
#3249 = B_SPLINE_CURVE_WITH_KNOTS('',1,(#3250,#3251),.UNSPECIFIED.,.F.,
  .F.,(2,2),(0.,1.3),.PIECEWISE_BEZIER_KNOTS.);
#3250 = CARTESIAN_POINT('',(35.,2.14E-15,-1.3));
#3251 = CARTESIAN_POINT('',(35.,2.14E-15,4.4E-16));
#3252 = ORIENTED_EDGE('',*,*,#3009,.F.);
#3253 = ORIENTED_EDGE('',*,*,#3248,.F.);
#3254 = CYLINDRICAL_SURFACE('',#3255,35.);
#3255 = AXIS2_PLACEMENT_3D('',#3256,#3257,#3258);
#3256 = CARTESIAN_POINT('',(0.,2.14E-15,-1.3));
#3257 = DIRECTION('',(0.,0.,1.));
#3258 = DIRECTION('',(1.,0.,0.));
#3259 = ADVANCED_FACE('',(#3260,#3288),#3292,.T.);
#3260 = FACE_BOUND('',#3261,.T.);
#3261 = EDGE_LOOP('',(#3262,#3271,#3280,#3287));
#3262 = ORIENTED_EDGE('',*,*,#3263,.F.);
#3263 = EDGE_CURVE('',#3264,#3264,#3266,.T.);
#3264 = VERTEX_POINT('',#3265);
#3265 = CARTESIAN_POINT('',(36.770740289242,0.,-6.20152848522));
#3266 = CIRCLE('',#3267,36.770740289242);
#3267 = AXIS2_PLACEMENT_3D('',#3268,#3269,#3270);
#3268 = CARTESIAN_POINT('',(0.,0.,-6.20152848522));
#3269 = DIRECTION('',(0.,0.,1.));
#3270 = DIRECTION('',(1.,0.,0.));
#3271 = ORIENTED_EDGE('',*,*,#3272,.T.);
#3272 = EDGE_CURVE('',#3264,#3273,#3275,.T.);
#3273 = VERTEX_POINT('',#3274);
#3274 = CARTESIAN_POINT('',(12.5,0.,-37.2));
#3275 = B_SPLINE_CURVE_WITH_KNOTS('',3,(#3276,#3277,#3278,#3279),
  .UNSPECIFIED.,.F.,.F.,(4,4),(2.874709664006E-02,1.),
  .PIECEWISE_BEZIER_KNOTS.);
#3276 = CARTESIAN_POINT('',(36.770740289242,6.439E-14,-6.20152848522));
#3277 = CARTESIAN_POINT('',(17.708324710776,3.086E-14,-19.34638591977));
#3278 = CARTESIAN_POINT('',(12.5,1.954E-14,-19.71744773952));
#3279 = CARTESIAN_POINT('',(12.5,1.965E-14,-37.2));
#3280 = ORIENTED_EDGE('',*,*,#3281,.T.);
#3281 = EDGE_CURVE('',#3273,#3273,#3282,.T.);
#3282 = CIRCLE('',#3283,12.5);
#3283 = AXIS2_PLACEMENT_3D('',#3284,#3285,#3286);
#3284 = CARTESIAN_POINT('',(0.,0.,-37.2));
#3285 = DIRECTION('',(0.,0.,1.));
#3286 = DIRECTION('',(1.,0.,0.));
#3287 = ORIENTED_EDGE('',*,*,#3272,.F.);
#3288 = FACE_BOUND('',#3289,.T.);
#3289 = EDGE_LOOP('',(#3290,#3291));
#3290 = ORIENTED_EDGE('',*,*,#3038,.T.);
#3291 = ORIENTED_EDGE('',*,*,#3103,.T.);
#3292 = B_SPLINE_SURFACE_WITH_KNOTS('',3,3,(
    (#3293,#3294,#3295,#3296,#3297,#3298,#3299,#3300,#3301,#3302,#3303
      ,#3304,#3305,#3306,#3307,#3308,#3309,#3310,#3311)
    ,(#3312,#3313,#3314,#3315,#3316,#3317,#3318,#3319,#3320,#3321,#3322
      ,#3323,#3324,#3325,#3326,#3327,#3328,#3329,#3330)
    ,(#3331,#3332,#3333,#3334,#3335,#3336,#3337,#3338,#3339,#3340,#3341
      ,#3342,#3343,#3344,#3345,#3346,#3347,#3348,#3349)
    ,(#3350,#3351,#3352,#3353,#3354,#3355,#3356,#3357,#3358,#3359,#3360
      ,#3361,#3362,#3363,#3364,#3365,#3366,#3367,#3368
  )),.UNSPECIFIED.,.F.,.T.,.F.,(4,4),(1,1,1,1,1,1,1,1,1,1,1,1,1,1,1,1,1,
    1,1,1,1,1,1),(2.874709664005E-02,1.),(-1.178097245097,
    -0.785398163398,-0.392699081699,0.,0.392699081699,0.785398163397,
    1.178097245096,1.570796326795,1.963495408494,2.356194490192,
    2.748893571891,3.14159265359,3.534291735289,3.926990816987,
    4.319689898686,4.712388980385,5.105088062083,5.497787143782,
    5.890486225481,6.28318530718,6.675884388879,7.068583470577,
    7.461282552276),.UNSPECIFIED.);
#3293 = CARTESIAN_POINT('',(34.856156661838,-14.43789282153,
    -6.20152848522));
#3294 = CARTESIAN_POINT('',(37.728032102943,-2.906E-14,-6.20152848522));
#3295 = CARTESIAN_POINT('',(34.856156661838,14.437892821535,
    -6.20152848522));
#3296 = CARTESIAN_POINT('',(26.677747340815,26.677747340815,
    -6.20152848522));
#3297 = CARTESIAN_POINT('',(14.437892821535,34.856156661838,
    -6.20152848522));
#3298 = CARTESIAN_POINT('',(9.74E-15,37.728032102943,-6.20152848522));
#3299 = CARTESIAN_POINT('',(-14.43789282153,34.856156661838,
    -6.20152848522));
#3300 = CARTESIAN_POINT('',(-26.67774734081,26.677747340815,
    -6.20152848522));
#3301 = CARTESIAN_POINT('',(-34.85615666183,14.437892821535,
    -6.20152848522));
#3302 = CARTESIAN_POINT('',(-37.72803210294,4.6E-15,-6.20152848522));
#3303 = CARTESIAN_POINT('',(-34.85615666183,-14.43789282153,
    -6.20152848522));
#3304 = CARTESIAN_POINT('',(-26.67774734081,-26.67774734081,
    -6.20152848522));
#3305 = CARTESIAN_POINT('',(-14.43789282153,-34.85615666183,
    -6.20152848522));
#3306 = CARTESIAN_POINT('',(-1.016E-14,-37.72803210294,-6.20152848522));
#3307 = CARTESIAN_POINT('',(14.437892821535,-34.85615666183,
    -6.20152848522));
#3308 = CARTESIAN_POINT('',(26.677747340815,-26.67774734081,
    -6.20152848522));
#3309 = CARTESIAN_POINT('',(34.856156661838,-14.43789282153,
    -6.20152848522));
#3310 = CARTESIAN_POINT('',(37.728032102943,-2.906E-14,-6.20152848522));
#3311 = CARTESIAN_POINT('',(34.856156661838,14.437892821535,
    -6.20152848522));
#3312 = CARTESIAN_POINT('',(16.786285385668,-6.953107068609,
    -19.34638591977));
#3313 = CARTESIAN_POINT('',(18.16934437333,-7.37E-15,-19.34638591977));
#3314 = CARTESIAN_POINT('',(16.786285385668,6.953107068609,
    -19.34638591977));
#3315 = CARTESIAN_POINT('',(12.847666616095,12.847666616095,
    -19.34638591977));
#3316 = CARTESIAN_POINT('',(6.953107068609,16.786285385668,
    -19.34638591977));
#3317 = CARTESIAN_POINT('',(-2.208E-14,18.16934437333,-19.34638591977));
#3318 = CARTESIAN_POINT('',(-6.953107068609,16.786285385668,
    -19.34638591977));
#3319 = CARTESIAN_POINT('',(-12.84766661609,12.847666616095,
    -19.34638591977));
#3320 = CARTESIAN_POINT('',(-16.78628538566,6.953107068609,
    -19.34638591977));
#3321 = CARTESIAN_POINT('',(-18.16934437333,2.72E-15,-19.34638591977));
#3322 = CARTESIAN_POINT('',(-16.78628538566,-6.953107068609,
    -19.34638591977));
#3323 = CARTESIAN_POINT('',(-12.84766661609,-12.84766661609,
    -19.34638591977));
#3324 = CARTESIAN_POINT('',(-6.953107068609,-16.78628538566,
    -19.34638591977));
#3325 = CARTESIAN_POINT('',(-1.214E-14,-18.16934437333,-19.34638591977)
  );
#3326 = CARTESIAN_POINT('',(6.953107068609,-16.78628538566,
    -19.34638591977));
#3327 = CARTESIAN_POINT('',(12.847666616095,-12.84766661609,
    -19.34638591977));
#3328 = CARTESIAN_POINT('',(16.786285385668,-6.953107068609,
    -19.34638591977));
#3329 = CARTESIAN_POINT('',(18.16934437333,-7.37E-15,-19.34638591977));
#3330 = CARTESIAN_POINT('',(16.786285385668,6.953107068609,
    -19.34638591977));
#3331 = CARTESIAN_POINT('',(11.849148394776,-4.908077967687,
    -19.71744773952));
#3332 = CARTESIAN_POINT('',(12.825425802612,-7.59E-15,-19.71744773952));
#3333 = CARTESIAN_POINT('',(11.849148394776,4.908077967687,
    -19.71744773952));
#3334 = CARTESIAN_POINT('',(9.068945556632,9.068945556632,
    -19.71744773952));
#3335 = CARTESIAN_POINT('',(4.908077967687,11.849148394776,
    -19.71744773952));
#3336 = CARTESIAN_POINT('',(9.E-16,12.825425802612,-19.71744773952));
#3337 = CARTESIAN_POINT('',(-4.908077967687,11.849148394776,
    -19.71744773952));
#3338 = CARTESIAN_POINT('',(-9.068945556632,9.068945556632,
    -19.71744773952));
#3339 = CARTESIAN_POINT('',(-11.84914839477,4.908077967687,
    -19.71744773952));
#3340 = CARTESIAN_POINT('',(-12.82542580261,8.7E-16,-19.71744773952));
#3341 = CARTESIAN_POINT('',(-11.84914839477,-4.908077967687,
    -19.71744773952));
#3342 = CARTESIAN_POINT('',(-9.068945556632,-9.068945556632,
    -19.71744773952));
#3343 = CARTESIAN_POINT('',(-4.908077967687,-11.84914839477,
    -19.71744773952));
#3344 = CARTESIAN_POINT('',(-6.41E-15,-12.82542580261,-19.71744773952));
#3345 = CARTESIAN_POINT('',(4.908077967687,-11.84914839477,
    -19.71744773952));
#3346 = CARTESIAN_POINT('',(9.068945556632,-9.068945556632,
    -19.71744773952));
#3347 = CARTESIAN_POINT('',(11.849148394776,-4.908077967687,
    -19.71744773952));
#3348 = CARTESIAN_POINT('',(12.825425802612,-7.59E-15,-19.71744773952));
#3349 = CARTESIAN_POINT('',(11.849148394776,4.908077967687,
    -19.71744773952));
#3350 = CARTESIAN_POINT('',(11.849148394776,-4.908077967687,-37.2));
#3351 = CARTESIAN_POINT('',(12.825425802612,-9.54E-15,-37.2));
#3352 = CARTESIAN_POINT('',(11.849148394776,4.908077967687,-37.2));
#3353 = CARTESIAN_POINT('',(9.068945556632,9.068945556632,-37.2));
#3354 = CARTESIAN_POINT('',(4.908077967687,11.849148394776,-37.2));
#3355 = CARTESIAN_POINT('',(1.58E-15,12.825425802612,-37.2));
#3356 = CARTESIAN_POINT('',(-4.908077967687,11.849148394776,-37.2));
#3357 = CARTESIAN_POINT('',(-9.068945556632,9.068945556632,-37.2));
#3358 = CARTESIAN_POINT('',(-11.84914839477,4.908077967687,-37.2));
#3359 = CARTESIAN_POINT('',(-12.82542580261,1.91E-15,-37.2));
#3360 = CARTESIAN_POINT('',(-11.84914839477,-4.908077967687,-37.2));
#3361 = CARTESIAN_POINT('',(-9.068945556632,-9.068945556632,-37.2));
#3362 = CARTESIAN_POINT('',(-4.908077967687,-11.84914839477,-37.2));
#3363 = CARTESIAN_POINT('',(-5.75E-15,-12.82542580261,-37.2));
#3364 = CARTESIAN_POINT('',(4.908077967687,-11.84914839477,-37.2));
#3365 = CARTESIAN_POINT('',(9.068945556632,-9.068945556632,-37.2));
#3366 = CARTESIAN_POINT('',(11.849148394776,-4.908077967687,-37.2));
#3367 = CARTESIAN_POINT('',(12.825425802612,-9.54E-15,-37.2));
#3368 = CARTESIAN_POINT('',(11.849148394776,4.908077967687,-37.2));
#3369 = ADVANCED_FACE('',(#3370,#3373),#3384,.T.);
#3370 = FACE_BOUND('',#3371,.T.);
#3371 = EDGE_LOOP('',(#3372));
#3372 = ORIENTED_EDGE('',*,*,#3222,.T.);
#3373 = FACE_BOUND('',#3374,.T.);
#3374 = EDGE_LOOP('',(#3375));
#3375 = ORIENTED_EDGE('',*,*,#3376,.F.);
#3376 = EDGE_CURVE('',#3377,#3377,#3379,.T.);
#3377 = VERTEX_POINT('',#3378);
#3378 = CARTESIAN_POINT('',(5.5,0.,-21.7));
#3379 = CIRCLE('',#3380,5.5);
#3380 = AXIS2_PLACEMENT_3D('',#3381,#3382,#3383);
#3381 = CARTESIAN_POINT('',(0.,0.,-21.7));
#3382 = DIRECTION('',(0.,0.,1.));
#3383 = DIRECTION('',(1.,0.,0.));
#3384 = PLANE('',#3385);
#3385 = AXIS2_PLACEMENT_3D('',#3386,#3387,#3388);
#3386 = CARTESIAN_POINT('',(6.75,0.,-21.7));
#3387 = DIRECTION('',(0.,0.,1.));
#3388 = DIRECTION('',(1.,0.,0.));
#3389 = ADVANCED_FACE('',(#3390,#3393),#3404,.T.);
#3390 = FACE_BOUND('',#3391,.T.);
#3391 = EDGE_LOOP('',(#3392));
#3392 = ORIENTED_EDGE('',*,*,#3239,.F.);
#3393 = FACE_BOUND('',#3394,.T.);
#3394 = EDGE_LOOP('',(#3395));
#3395 = ORIENTED_EDGE('',*,*,#3396,.T.);
#3396 = EDGE_CURVE('',#3397,#3397,#3399,.T.);
#3397 = VERTEX_POINT('',#3398);
#3398 = CARTESIAN_POINT('',(36.9,2.E-15,-1.3));
#3399 = CIRCLE('',#3400,36.9);
#3400 = AXIS2_PLACEMENT_3D('',#3401,#3402,#3403);
#3401 = CARTESIAN_POINT('',(0.,2.26E-15,-1.3));
#3402 = DIRECTION('',(0.,0.,1.));
#3403 = DIRECTION('',(1.,0.,0.));
#3404 = PLANE('',#3405);
#3405 = AXIS2_PLACEMENT_3D('',#3406,#3407,#3408);
#3406 = CARTESIAN_POINT('',(0.,0.,-1.3));
#3407 = DIRECTION('',(0.,0.,1.));
#3408 = DIRECTION('',(1.,0.,0.));
#3409 = ADVANCED_FACE('',(#3410),#3442,.T.);
#3410 = FACE_BOUND('',#3411,.T.);
#3411 = EDGE_LOOP('',(#3412,#3413,#3425,#3434,#3441));
#3412 = ORIENTED_EDGE('',*,*,#3263,.T.);
#3413 = ORIENTED_EDGE('',*,*,#3414,.F.);
#3414 = EDGE_CURVE('',#3415,#3264,#3417,.T.);
#3415 = VERTEX_POINT('',#3416);
#3416 = CARTESIAN_POINT('',(38.5,-9.E-15,-2.908545257383));
#3417 = ( BOUNDED_CURVE() B_SPLINE_CURVE(6,(#3418,#3419,#3420,#3421,
#3422,#3423,#3424),.UNSPECIFIED.,.F.,.F.) B_SPLINE_CURVE_WITH_KNOTS((7,7
),(0.,0.967105158836),.PIECEWISE_BEZIER_KNOTS.) CURVE() 
GEOMETRIC_REPRESENTATION_ITEM() RATIONAL_B_SPLINE_CURVE((1.011769658598,
    1.003861588971,0.999216306221,0.997681621427,0.999216306221,
1.003861588971,1.011769658598)) REPRESENTATION_ITEM('') );
#3418 = CARTESIAN_POINT('',(38.5,1.414E-14,-2.908545257383));
#3419 = CARTESIAN_POINT('',(38.5,1.414E-14,-3.558360876422));
#3420 = CARTESIAN_POINT('',(38.373727710072,1.41E-14,-4.201972816357));
#3421 = CARTESIAN_POINT('',(38.12504801525,1.401E-14,-4.812183705749));
#3422 = CARTESIAN_POINT('',(37.763866209734,1.387E-14,-5.363315834656));
#3423 = CARTESIAN_POINT('',(37.305698272912,1.371E-14,-5.832637858537));
#3424 = CARTESIAN_POINT('',(36.770740289242,1.351E-14,-6.20152848522));
#3425 = ORIENTED_EDGE('',*,*,#3426,.T.);
#3426 = EDGE_CURVE('',#3415,#3427,#3429,.T.);
#3427 = VERTEX_POINT('',#3428);
#3428 = CARTESIAN_POINT('',(-38.5,0.,-2.908545257383));
#3429 = CIRCLE('',#3430,38.5);
#3430 = AXIS2_PLACEMENT_3D('',#3431,#3432,#3433);
#3431 = CARTESIAN_POINT('',(0.,0.,-2.908545257383));
#3432 = DIRECTION('',(0.,0.,-1.));
#3433 = DIRECTION('',(-1.,0.,0.));
#3434 = ORIENTED_EDGE('',*,*,#3435,.T.);
#3435 = EDGE_CURVE('',#3427,#3415,#3436,.T.);
#3436 = CIRCLE('',#3437,38.5);
#3437 = AXIS2_PLACEMENT_3D('',#3438,#3439,#3440);
#3438 = CARTESIAN_POINT('',(0.,0.,-2.908545257383));
#3439 = DIRECTION('',(0.,0.,-1.));
#3440 = DIRECTION('',(-1.,0.,0.));
#3441 = ORIENTED_EDGE('',*,*,#3414,.T.);
#3442 = TOROIDAL_SURFACE('',#3443,34.5,4.);
#3443 = AXIS2_PLACEMENT_3D('',#3444,#3445,#3446);
#3444 = CARTESIAN_POINT('',(0.,0.,-2.908545257383));
#3445 = DIRECTION('',(0.,0.,-1.));
#3446 = DIRECTION('',(-1.,0.,0.));
#3447 = ADVANCED_FACE('',(#3448,#3459),#3462,.F.);
#3448 = FACE_BOUND('',#3449,.T.);
#3449 = EDGE_LOOP('',(#3450));
#3450 = ORIENTED_EDGE('',*,*,#3451,.T.);
#3451 = EDGE_CURVE('',#3452,#3452,#3454,.T.);
#3452 = VERTEX_POINT('',#3453);
#3453 = CARTESIAN_POINT('',(7.2,0.,-37.2));
#3454 = CIRCLE('',#3455,7.2);
#3455 = AXIS2_PLACEMENT_3D('',#3456,#3457,#3458);
#3456 = CARTESIAN_POINT('',(0.,0.,-37.2));
#3457 = DIRECTION('',(0.,0.,1.));
#3458 = DIRECTION('',(1.,0.,0.));
#3459 = FACE_BOUND('',#3460,.T.);
#3460 = EDGE_LOOP('',(#3461));
#3461 = ORIENTED_EDGE('',*,*,#3281,.F.);
#3462 = PLANE('',#3463);
#3463 = AXIS2_PLACEMENT_3D('',#3464,#3465,#3466);
#3464 = CARTESIAN_POINT('',(9.5,0.,-37.2));
#3465 = DIRECTION('',(0.,0.,1.));
#3466 = DIRECTION('',(1.,0.,0.));
#3467 = ADVANCED_FACE('',(#3468),#3486,.F.);
#3468 = FACE_BOUND('',#3469,.F.);
#3469 = EDGE_LOOP('',(#3470,#3471,#3478,#3485));
#3470 = ORIENTED_EDGE('',*,*,#3376,.F.);
#3471 = ORIENTED_EDGE('',*,*,#3472,.F.);
#3472 = EDGE_CURVE('',#3473,#3377,#3475,.T.);
#3473 = VERTEX_POINT('',#3474);
#3474 = CARTESIAN_POINT('',(5.5,0.,-30.7));
#3475 = B_SPLINE_CURVE_WITH_KNOTS('',1,(#3476,#3477),.UNSPECIFIED.,.F.,
  .F.,(2,2),(-32.41217258274,-23.41217258274),.PIECEWISE_BEZIER_KNOTS.);
#3476 = CARTESIAN_POINT('',(5.5,-1.35E-15,-30.7));
#3477 = CARTESIAN_POINT('',(5.5,-1.35E-15,-21.7));
#3478 = ORIENTED_EDGE('',*,*,#3479,.T.);
#3479 = EDGE_CURVE('',#3473,#3473,#3480,.T.);
#3480 = CIRCLE('',#3481,5.5);
#3481 = AXIS2_PLACEMENT_3D('',#3482,#3483,#3484);
#3482 = CARTESIAN_POINT('',(0.,0.,-30.7));
#3483 = DIRECTION('',(0.,0.,1.));
#3484 = DIRECTION('',(1.,0.,0.));
#3485 = ORIENTED_EDGE('',*,*,#3472,.T.);
#3486 = CYLINDRICAL_SURFACE('',#3487,5.5);
#3487 = AXIS2_PLACEMENT_3D('',#3488,#3489,#3490);
#3488 = CARTESIAN_POINT('',(0.,0.,1.712172582746));
#3489 = DIRECTION('',(0.,0.,1.));
#3490 = DIRECTION('',(1.,0.,0.));
#3491 = ADVANCED_FACE('',(#3492),#3510,.F.);
#3492 = FACE_BOUND('',#3493,.F.);
#3493 = EDGE_LOOP('',(#3494,#3495,#3502,#3509));
#3494 = ORIENTED_EDGE('',*,*,#3396,.T.);
#3495 = ORIENTED_EDGE('',*,*,#3496,.T.);
#3496 = EDGE_CURVE('',#3397,#3497,#3499,.T.);
#3497 = VERTEX_POINT('',#3498);
#3498 = CARTESIAN_POINT('',(36.9,2.E-15,0.));
#3499 = B_SPLINE_CURVE_WITH_KNOTS('',1,(#3500,#3501),.UNSPECIFIED.,.F.,
  .F.,(2,2),(0.,1.3),.PIECEWISE_BEZIER_KNOTS.);
#3500 = CARTESIAN_POINT('',(36.9,2.26E-15,-1.3));
#3501 = CARTESIAN_POINT('',(36.9,2.26E-15,4.4E-16));
#3502 = ORIENTED_EDGE('',*,*,#3503,.F.);
#3503 = EDGE_CURVE('',#3497,#3497,#3504,.T.);
#3504 = CIRCLE('',#3505,36.9);
#3505 = AXIS2_PLACEMENT_3D('',#3506,#3507,#3508);
#3506 = CARTESIAN_POINT('',(0.,2.26E-15,4.4E-16));
#3507 = DIRECTION('',(0.,0.,1.));
#3508 = DIRECTION('',(1.,0.,0.));
#3509 = ORIENTED_EDGE('',*,*,#3496,.F.);
#3510 = CYLINDRICAL_SURFACE('',#3511,36.9);
#3511 = AXIS2_PLACEMENT_3D('',#3512,#3513,#3514);
#3512 = CARTESIAN_POINT('',(0.,2.26E-15,-1.3));
#3513 = DIRECTION('',(0.,0.,1.));
#3514 = DIRECTION('',(1.,0.,0.));
#3515 = ADVANCED_FACE('',(#3516),#3535,.T.);
#3516 = FACE_BOUND('',#3517,.T.);
#3517 = EDGE_LOOP('',(#3518,#3519,#3526,#3533,#3534));
#3518 = ORIENTED_EDGE('',*,*,#3426,.F.);
#3519 = ORIENTED_EDGE('',*,*,#3520,.T.);
#3520 = EDGE_CURVE('',#3415,#3521,#3523,.T.);
#3521 = VERTEX_POINT('',#3522);
#3522 = CARTESIAN_POINT('',(38.5,0.,0.));
#3523 = B_SPLINE_CURVE_WITH_KNOTS('',1,(#3524,#3525),.UNSPECIFIED.,.F.,
  .F.,(2,2),(-4.620717840128,-1.712172582746),.PIECEWISE_BEZIER_KNOTS.);
#3524 = CARTESIAN_POINT('',(38.5,0.,-2.908545257383));
#3525 = CARTESIAN_POINT('',(38.5,0.,-2.2E-16));
#3526 = ORIENTED_EDGE('',*,*,#3527,.F.);
#3527 = EDGE_CURVE('',#3521,#3521,#3528,.T.);
#3528 = CIRCLE('',#3529,38.5);
#3529 = AXIS2_PLACEMENT_3D('',#3530,#3531,#3532);
#3530 = CARTESIAN_POINT('',(0.,0.,0.));
#3531 = DIRECTION('',(0.,0.,1.));
#3532 = DIRECTION('',(1.,0.,0.));
#3533 = ORIENTED_EDGE('',*,*,#3520,.F.);
#3534 = ORIENTED_EDGE('',*,*,#3435,.F.);
#3535 = CYLINDRICAL_SURFACE('',#3536,38.5);
#3536 = AXIS2_PLACEMENT_3D('',#3537,#3538,#3539);
#3537 = CARTESIAN_POINT('',(0.,0.,1.712172582746));
#3538 = DIRECTION('',(0.,0.,1.));
#3539 = DIRECTION('',(1.,0.,0.));
#3540 = ADVANCED_FACE('',(#3541),#3559,.F.);
#3541 = FACE_BOUND('',#3542,.F.);
#3542 = EDGE_LOOP('',(#3543,#3552,#3557,#3558));
#3543 = ORIENTED_EDGE('',*,*,#3544,.F.);
#3544 = EDGE_CURVE('',#3545,#3545,#3547,.T.);
#3545 = VERTEX_POINT('',#3546);
#3546 = CARTESIAN_POINT('',(6.6,0.,-36.6));
#3547 = CIRCLE('',#3548,6.6);
#3548 = AXIS2_PLACEMENT_3D('',#3549,#3550,#3551);
#3549 = CARTESIAN_POINT('',(0.,0.,-36.6));
#3550 = DIRECTION('',(0.,0.,1.));
#3551 = DIRECTION('',(1.,0.,0.));
#3552 = ORIENTED_EDGE('',*,*,#3553,.T.);
#3553 = EDGE_CURVE('',#3545,#3452,#3554,.T.);
#3554 = B_SPLINE_CURVE_WITH_KNOTS('',1,(#3555,#3556),.UNSPECIFIED.,.F.,
  .F.,(2,2),(-0.848528137424,0.),.PIECEWISE_BEZIER_KNOTS.);
#3555 = CARTESIAN_POINT('',(6.6,8.1E-16,-36.6));
#3556 = CARTESIAN_POINT('',(7.2,8.8E-16,-37.2));
#3557 = ORIENTED_EDGE('',*,*,#3451,.T.);
#3558 = ORIENTED_EDGE('',*,*,#3553,.F.);
#3559 = CONICAL_SURFACE('',#3560,7.2,0.785398163397);
#3560 = AXIS2_PLACEMENT_3D('',#3561,#3562,#3563);
#3561 = CARTESIAN_POINT('',(0.,0.,-37.2));
#3562 = DIRECTION('',(0.,0.,-1.));
#3563 = DIRECTION('',(-1.,0.,0.));
#3564 = ADVANCED_FACE('',(#3565,#3568),#3588,.T.);
#3565 = FACE_BOUND('',#3566,.T.);
#3566 = EDGE_LOOP('',(#3567));
#3567 = ORIENTED_EDGE('',*,*,#3479,.T.);
#3568 = FACE_BOUND('',#3569,.T.);
#3569 = EDGE_LOOP('',(#3570,#3581));
#3570 = ORIENTED_EDGE('',*,*,#3571,.T.);
#3571 = EDGE_CURVE('',#3572,#3574,#3576,.T.);
#3572 = VERTEX_POINT('',#3573);
#3573 = CARTESIAN_POINT('',(-6.6,0.,-30.7));
#3574 = VERTEX_POINT('',#3575);
#3575 = CARTESIAN_POINT('',(6.6,0.,-30.7));
#3576 = CIRCLE('',#3577,6.6);
#3577 = AXIS2_PLACEMENT_3D('',#3578,#3579,#3580);
#3578 = CARTESIAN_POINT('',(0.,0.,-30.7));
#3579 = DIRECTION('',(0.,0.,-1.));
#3580 = DIRECTION('',(-1.,0.,0.));
#3581 = ORIENTED_EDGE('',*,*,#3582,.T.);
#3582 = EDGE_CURVE('',#3574,#3572,#3583,.T.);
#3583 = CIRCLE('',#3584,6.6);
#3584 = AXIS2_PLACEMENT_3D('',#3585,#3586,#3587);
#3585 = CARTESIAN_POINT('',(0.,0.,-30.7));
#3586 = DIRECTION('',(0.,0.,-1.));
#3587 = DIRECTION('',(-1.,0.,0.));
#3588 = PLANE('',#3589);
#3589 = AXIS2_PLACEMENT_3D('',#3590,#3591,#3592);
#3590 = CARTESIAN_POINT('',(6.,0.,-30.7));
#3591 = DIRECTION('',(0.,0.,-1.));
#3592 = DIRECTION('',(-1.,0.,0.));
#3593 = ADVANCED_FACE('',(#3594,#3597),#3600,.T.);
#3594 = FACE_BOUND('',#3595,.T.);
#3595 = EDGE_LOOP('',(#3596));
#3596 = ORIENTED_EDGE('',*,*,#3503,.F.);
#3597 = FACE_BOUND('',#3598,.T.);
#3598 = EDGE_LOOP('',(#3599));
#3599 = ORIENTED_EDGE('',*,*,#3527,.T.);
#3600 = PLANE('',#3601);
#3601 = AXIS2_PLACEMENT_3D('',#3602,#3603,#3604);
#3602 = CARTESIAN_POINT('',(33.25,0.,4.4E-16));
#3603 = DIRECTION('',(0.,0.,1.));
#3604 = DIRECTION('',(1.,0.,0.));
#3605 = ADVANCED_FACE('',(#3606),#3617,.F.);
#3606 = FACE_BOUND('',#3607,.F.);
#3607 = EDGE_LOOP('',(#3608,#3609,#3614,#3615,#3616));
#3608 = ORIENTED_EDGE('',*,*,#3544,.T.);
#3609 = ORIENTED_EDGE('',*,*,#3610,.T.);
#3610 = EDGE_CURVE('',#3545,#3574,#3611,.T.);
#3611 = B_SPLINE_CURVE_WITH_KNOTS('',1,(#3612,#3613),.UNSPECIFIED.,.F.,
  .F.,(2,2),(-38.31217258274,-32.41217258274),.PIECEWISE_BEZIER_KNOTS.);
#3612 = CARTESIAN_POINT('',(6.6,0.,-36.6));
#3613 = CARTESIAN_POINT('',(6.6,0.,-30.7));
#3614 = ORIENTED_EDGE('',*,*,#3582,.T.);
#3615 = ORIENTED_EDGE('',*,*,#3571,.T.);
#3616 = ORIENTED_EDGE('',*,*,#3610,.F.);
#3617 = CYLINDRICAL_SURFACE('',#3618,6.6);
#3618 = AXIS2_PLACEMENT_3D('',#3619,#3620,#3621);
#3619 = CARTESIAN_POINT('',(0.,0.,1.712172582746));
#3620 = DIRECTION('',(0.,0.,1.));
#3621 = DIRECTION('',(1.,0.,0.));
#3622 = ADVANCED_FACE('',(#3623),#3633,.F.);
#3623 = FACE_BOUND('',#3624,.T.);
#3624 = EDGE_LOOP('',(#3625,#3626,#3631,#3632));
#3625 = ORIENTED_EDGE('',*,*,#755,.F.);
#3626 = ORIENTED_EDGE('',*,*,#3627,.F.);
#3627 = EDGE_CURVE('',#321,#756,#3628,.T.);
#3628 = B_SPLINE_CURVE_WITH_KNOTS('',1,(#3629,#3630),.UNSPECIFIED.,.F.,
  .F.,(2,2),(-9.,-0.996035607767),.PIECEWISE_BEZIER_KNOTS.);
#3629 = CARTESIAN_POINT('',(3.1,-27.,0.));
#3630 = CARTESIAN_POINT('',(3.1,-27.,-8.003964392233));
#3631 = ORIENTED_EDGE('',*,*,#320,.F.);
#3632 = ORIENTED_EDGE('',*,*,#3627,.T.);
#3633 = CYLINDRICAL_SURFACE('',#3634,3.);
#3634 = AXIS2_PLACEMENT_3D('',#3635,#3636,#3637);
#3635 = CARTESIAN_POINT('',(1.E-01,-27.,-9.));
#3636 = DIRECTION('',(-0.,-0.,-1.));
#3637 = DIRECTION('',(1.,0.,0.));
#3638 = ( GEOMETRIC_REPRESENTATION_CONTEXT(3) 
GLOBAL_UNCERTAINTY_ASSIGNED_CONTEXT((#3642)) 
GLOBAL_UNIT_ASSIGNED_CONTEXT((#3639,#3640,#3641)) REPRESENTATION_CONTEXT
('Context #1','3D Context with UNIT and UNCERTAINTY') );
#3639 = ( LENGTH_UNIT() NAMED_UNIT(*) SI_UNIT(.MILLI.,.METRE.) );
#3640 = ( NAMED_UNIT(*) PLANE_ANGLE_UNIT() SI_UNIT($,.RADIAN.) );
#3641 = ( NAMED_UNIT(*) SI_UNIT($,.STERADIAN.) SOLID_ANGLE_UNIT() );
#3642 = UNCERTAINTY_MEASURE_WITH_UNIT(LENGTH_MEASURE(5.E-04),#3639,
  'distance_accuracy_value','confusion accuracy');
#3643 = CONTEXT_DEPENDENT_SHAPE_REPRESENTATION(#3644,#3646);
#3644 = ( REPRESENTATION_RELATIONSHIP('','',#32,#10) 
REPRESENTATION_RELATIONSHIP_WITH_TRANSFORMATION(#3645) 
SHAPE_REPRESENTATION_RELATIONSHIP() );
#3645 = ITEM_DEFINED_TRANSFORMATION('','',#11,#15);
#3646 = PRODUCT_DEFINITION_SHAPE('Placement','Placement of an item',
  #3647);
#3647 = NEXT_ASSEMBLY_USAGE_OCCURRENCE('2','Fusion005','',#5,#27,$);
#3648 = PRODUCT_RELATED_PRODUCT_CATEGORY('part',$,(#29));
#3649 = MECHANICAL_DESIGN_GEOMETRIC_PRESENTATION_REPRESENTATION('',(
    #3650),#3638);
#3650 = STYLED_ITEM('color',(#3651),#33);
#3651 = PRESENTATION_STYLE_ASSIGNMENT((#3652,#3660));
#3652 = SURFACE_STYLE_USAGE(.BOTH.,#3653);
#3653 = SURFACE_SIDE_STYLE('',(#3654,#3658));
#3654 = SURFACE_STYLE_FILL_AREA(#3655);
#3655 = FILL_AREA_STYLE('',(#3656));
#3656 = FILL_AREA_STYLE_COLOUR('',#3657);
#3657 = COLOUR_RGB('',0.678431390124,0.709803936702,0.741176476869);
#3658 = SURFACE_STYLE_RENDERING_WITH_PROPERTIES(.NORMAL_SHADING.,#3657,(
    #3659));
#3659 = SURFACE_STYLE_TRANSPARENT(0.699999988079);
#3660 = CURVE_STYLE('',#3661,POSITIVE_LENGTH_MEASURE(0.1),#3662);
#3661 = DRAUGHTING_PRE_DEFINED_CURVE_FONT('continuous');
#3662 = COLOUR_RGB('',9.803921802644E-02,9.803921802644E-02,
  9.803921802644E-02);
ENDSEC;
END-ISO-10303-21;
