ISO-10303-21;
HEADER;
FILE_DESCRIPTION(('FreeCAD Model'),'2;1');
FILE_NAME('Open CASCADE Shape Model','2026-07-21T17:56:13',('Author'),(
    ''),'Open CASCADE STEP processor 7.8','FreeCAD','Unknown');
FILE_SCHEMA(('AUTOMOTIVE_DESIGN { 1 0 10303 214 1 1 1 1 }'));
ENDSEC;
DATA;
#1 = APPLICATION_PROTOCOL_DEFINITION('international standard',
  'automotive_design',2000,#2);
#2 = APPLICATION_CONTEXT(
  'core data for automotive mechanical design processes');
#3 = SHAPE_DEFINITION_REPRESENTATION(#4,#10);
#4 = PRODUCT_DEFINITION_SHAPE('','',#5);
#5 = PRODUCT_DEFINITION('design','',#6,#9);
#6 = PRODUCT_DEFINITION_FORMATION('','',#7);
#7 = PRODUCT('Lower Body','Lower Body','',(#8));
#8 = PRODUCT_CONTEXT('',#2,'mechanical');
#9 = PRODUCT_DEFINITION_CONTEXT('part definition',#2,'design');
#10 = SHAPE_REPRESENTATION('',(#11,#15),#19);
#11 = AXIS2_PLACEMENT_3D('',#12,#13,#14);
#12 = CARTESIAN_POINT('',(0.,0.,0.));
#13 = DIRECTION('',(0.,0.,1.));
#14 = DIRECTION('',(1.,0.,-0.));
#15 = AXIS2_PLACEMENT_3D('',#16,#17,#18);
#16 = CARTESIAN_POINT('',(0.,0.,0.));
#17 = DIRECTION('',(0.,0.,1.));
#18 = DIRECTION('',(1.,0.,0.));
#19 = ( GEOMETRIC_REPRESENTATION_CONTEXT(3) 
GLOBAL_UNCERTAINTY_ASSIGNED_CONTEXT((#23)) GLOBAL_UNIT_ASSIGNED_CONTEXT(
(#20,#21,#22)) REPRESENTATION_CONTEXT('Context #1',
  '3D Context with UNIT and UNCERTAINTY') );
#20 = ( LENGTH_UNIT() NAMED_UNIT(*) SI_UNIT(.MILLI.,.METRE.) );
#21 = ( NAMED_UNIT(*) PLANE_ANGLE_UNIT() SI_UNIT($,.RADIAN.) );
#22 = ( NAMED_UNIT(*) SI_UNIT($,.STERADIAN.) SOLID_ANGLE_UNIT() );
#23 = UNCERTAINTY_MEASURE_WITH_UNIT(LENGTH_MEASURE(5.E-04),#20,
  'distance_accuracy_value','confusion accuracy');
#24 = PRODUCT_RELATED_PRODUCT_CATEGORY('part',$,(#7));
#25 = SHAPE_DEFINITION_REPRESENTATION(#26,#32);
#26 = PRODUCT_DEFINITION_SHAPE('','',#27);
#27 = PRODUCT_DEFINITION('design','',#28,#31);
#28 = PRODUCT_DEFINITION_FORMATION('','',#29);
#29 = PRODUCT('Cut006','Cut006','',(#30));
#30 = PRODUCT_CONTEXT('',#2,'mechanical');
#31 = PRODUCT_DEFINITION_CONTEXT('part definition',#2,'design');
#32 = ADVANCED_BREP_SHAPE_REPRESENTATION('',(#11,#33),#3234);
#33 = MANIFOLD_SOLID_BREP('',#34);
#34 = CLOSED_SHELL('',(#35,#86,#214,#550,#821,#860,#887,#915,#949,#981,
    #1008,#1035,#1067,#1092,#1119,#1146,#1195,#1227,#1251,#1271,#1295,
    #1319,#1343,#1367,#1391,#1415,#1439,#1465,#1489,#1513,#1548,#1567,
    #1591,#1616,#1640,#1664,#1688,#1798,#1823,#1861,#1931,#1948,#1960,
    #1977,#1994,#2011,#2049,#2069,#2089,#2413,#2444,#2721,#2916,#2941,
    #2965,#2998,#3027,#3039,#3059,#3092,#3117,#3141,#3165,#3186,#3206,
    #3218));
#35 = ADVANCED_FACE('',(#36),#81,.F.);
#36 = FACE_BOUND('',#37,.F.);
#37 = EDGE_LOOP('',(#38,#47,#55,#64,#73,#80));
#38 = ORIENTED_EDGE('',*,*,#39,.T.);
#39 = EDGE_CURVE('',#40,#40,#42,.T.);
#40 = VERTEX_POINT('',#41);
#41 = CARTESIAN_POINT('',(3.,-20.,-2.));
#42 = CIRCLE('',#43,3.);
#43 = AXIS2_PLACEMENT_3D('',#44,#45,#46);
#44 = CARTESIAN_POINT('',(0.,-20.,-2.));
#45 = DIRECTION('',(0.,0.,1.));
#46 = DIRECTION('',(1.,0.,0.));
#47 = ORIENTED_EDGE('',*,*,#48,.T.);
#48 = EDGE_CURVE('',#40,#49,#51,.T.);
#49 = VERTEX_POINT('',#50);
#50 = CARTESIAN_POINT('',(3.,-20.,0.));
#51 = LINE('',#52,#53);
#52 = CARTESIAN_POINT('',(3.,-20.,-2.));
#53 = VECTOR('',#54,1.);
#54 = DIRECTION('',(0.,0.,1.));
#55 = ORIENTED_EDGE('',*,*,#56,.F.);
#56 = EDGE_CURVE('',#57,#49,#59,.T.);
#57 = VERTEX_POINT('',#58);
#58 = CARTESIAN_POINT('',(-0.189407942898,-17.00598519857,0.));
#59 = CIRCLE('',#60,3.);
#60 = AXIS2_PLACEMENT_3D('',#61,#62,#63);
#61 = CARTESIAN_POINT('',(0.,-20.,0.));
#62 = DIRECTION('',(0.,0.,1.));
#63 = DIRECTION('',(1.,0.,0.));
#64 = ORIENTED_EDGE('',*,*,#65,.F.);
#65 = EDGE_CURVE('',#66,#57,#68,.T.);
#66 = VERTEX_POINT('',#67);
#67 = CARTESIAN_POINT('',(3.956409530244E-02,-17.00026089761,0.));
#68 = CIRCLE('',#69,3.);
#69 = AXIS2_PLACEMENT_3D('',#70,#71,#72);
#70 = CARTESIAN_POINT('',(0.,-20.,0.));
#71 = DIRECTION('',(0.,0.,1.));
#72 = DIRECTION('',(1.,0.,0.));
#73 = ORIENTED_EDGE('',*,*,#74,.F.);
#74 = EDGE_CURVE('',#49,#66,#75,.T.);
#75 = CIRCLE('',#76,3.);
#76 = AXIS2_PLACEMENT_3D('',#77,#78,#79);
#77 = CARTESIAN_POINT('',(0.,-20.,0.));
#78 = DIRECTION('',(0.,0.,1.));
#79 = DIRECTION('',(1.,0.,0.));
#80 = ORIENTED_EDGE('',*,*,#48,.F.);
#81 = CYLINDRICAL_SURFACE('',#82,3.);
#82 = AXIS2_PLACEMENT_3D('',#83,#84,#85);
#83 = CARTESIAN_POINT('',(0.,-20.,-2.));
#84 = DIRECTION('',(-0.,-0.,-1.));
#85 = DIRECTION('',(1.,0.,0.));
#86 = ADVANCED_FACE('',(#87),#209,.F.);
#87 = FACE_BOUND('',#88,.T.);
#88 = EDGE_LOOP('',(#89,#90,#98,#208));
#89 = ORIENTED_EDGE('',*,*,#39,.T.);
#90 = ORIENTED_EDGE('',*,*,#91,.F.);
#91 = EDGE_CURVE('',#92,#40,#94,.T.);
#92 = VERTEX_POINT('',#93);
#93 = CARTESIAN_POINT('',(3.,-20.,-5.375521840934));
#94 = LINE('',#95,#96);
#95 = CARTESIAN_POINT('',(3.,-20.,-8.));
#96 = VECTOR('',#97,1.);
#97 = DIRECTION('',(0.,0.,1.));
#98 = ORIENTED_EDGE('',*,*,#99,.F.);
#99 = EDGE_CURVE('',#92,#92,#100,.T.);
#100 = B_SPLINE_CURVE_WITH_KNOTS('',8,(#101,#102,#103,#104,#105,#106,
    #107,#108,#109,#110,#111,#112,#113,#114,#115,#116,#117,#118,#119,
    #120,#121,#122,#123,#124,#125,#126,#127,#128,#129,#130,#131,#132,
    #133,#134,#135,#136,#137,#138,#139,#140,#141,#142,#143,#144,#145,
    #146,#147,#148,#149,#150,#151,#152,#153,#154,#155,#156,#157,#158,
    #159,#160,#161,#162,#163,#164,#165,#166,#167,#168,#169,#170,#171,
    #172,#173,#174,#175,#176,#177,#178,#179,#180,#181,#182,#183,#184,
    #185,#186,#187,#188,#189,#190,#191,#192,#193,#194,#195,#196,#197,
    #198,#199,#200,#201,#202,#203,#204,#205,#206,#207),.UNSPECIFIED.,.T.
  ,.F.,(9,7,7,7,7,7,7,7,7,7,7,7,7,7,7,9),(0.,0.100130429112,
    0.176457524545,0.224694659463,0.270954369514,0.317672381309,
    0.367335936492,0.441489801875,0.541978849524,0.576183640982,
    0.662578581283,0.715403058921,0.770690233329,0.815768220984,
    0.933478428087,1.),.UNSPECIFIED.);
#101 = CARTESIAN_POINT('',(3.,-20.,-5.375521840934));
#102 = CARTESIAN_POINT('',(3.,-19.79361162667,-5.300402616345));
#103 = CARTESIAN_POINT('',(2.983773244509,-19.59351832831,
    -5.214822024957));
#104 = CARTESIAN_POINT('',(2.953049775588,-19.3996956447,-5.120131892126
    ));
#105 = CARTESIAN_POINT('',(2.908992318271,-19.21202873302,
    -5.017797974621));
#106 = CARTESIAN_POINT('',(2.852369539088,-19.03039044677,
    -4.909259184292));
#107 = CARTESIAN_POINT('',(2.783636496089,-18.85468904869,
    -4.795874111531));
#108 = CARTESIAN_POINT('',(2.702952901446,-18.68490603185,
    -4.678933106438));
#109 = CARTESIAN_POINT('',(2.539443432678,-18.39631293614,
    -4.468836359586));
#110 = CARTESIAN_POINT('',(2.461769051305,-18.27512596446,
    -4.376740862673));
#111 = CARTESIAN_POINT('',(2.37691226127,-18.15727033304,-4.283748599409
    ));
#112 = CARTESIAN_POINT('',(2.28446814685,-18.04260036405,-4.190201725596
    ));
#113 = CARTESIAN_POINT('',(2.183899372913,-17.93116698417,
    -4.096543553312));
#114 = CARTESIAN_POINT('',(2.07457679874,-17.82325036503,-4.003393387757
    ));
#115 = CARTESIAN_POINT('',(1.955822621668,-17.71939619642,
    -3.911616285916));
#116 = CARTESIAN_POINT('',(1.745515061096,-17.55792719042,
    -3.765997152196));
#117 = CARTESIAN_POINT('',(1.659971678262,-17.49731243947,
    -3.710580348805));
#118 = CARTESIAN_POINT('',(1.56998049778,-17.43870662943,-3.656324112178
    ));
#119 = CARTESIAN_POINT('',(1.475195416722,-17.38231227972,
    -3.603509234785));
#120 = CARTESIAN_POINT('',(1.375280582535,-17.32843888402,
    -3.552521136618));
#121 = CARTESIAN_POINT('',(1.269921859158,-17.27750483671,-3.5038583331)
  );
#122 = CARTESIAN_POINT('',(1.158838810254,-17.23004154076,
    -3.458138750539));
#123 = CARTESIAN_POINT('',(0.929553572655,-17.14513460133,
    -3.375792197669));
#124 = CARTESIAN_POINT('',(0.81040846346,-17.10683321147,-3.338358478864
    ));
#125 = CARTESIAN_POINT('',(0.685220411222,-17.07302393193,
    -3.305078206647));
#126 = CARTESIAN_POINT('',(0.554865648948,-17.04471683315,
    -3.277051448916));
#127 = CARTESIAN_POINT('',(0.420240445918,-17.02272267661,
    -3.255186742643));
#128 = CARTESIAN_POINT('',(0.282261499417,-17.00766710537,
    -3.240188993396));
#129 = CARTESIAN_POINT('',(0.141864375673,-17.,-3.232551399276));
#130 = CARTESIAN_POINT('',(-0.14326984689,-17.,-3.232551399276));
#131 = CARTESIAN_POINT('',(-0.284974048456,-17.00781977937,
    -3.240341081229));
#132 = CARTESIAN_POINT('',(-0.424159953009,-17.0231591339,
    -3.255621516789));
#133 = CARTESIAN_POINT('',(-0.559891567539,-17.04554821535,
    -3.277877833756));
#134 = CARTESIAN_POINT('',(-0.69125338391,-17.07434270471,
    -3.306383693452));
#135 = CARTESIAN_POINT('',(-0.817352053356,-17.1087140976,
    -3.340209737248));
#136 = CARTESIAN_POINT('',(-0.937315909263,-17.14763510152,
    -3.37823600224));
#137 = CARTESIAN_POINT('',(-1.170391865181,-17.23474745299,
    -3.462681367801));
#138 = CARTESIAN_POINT('',(-1.284194506376,-17.28396675296,
    -3.510058304384));
#139 = CARTESIAN_POINT('',(-1.391956699876,-17.33681438177,
    -3.560496516415));
#140 = CARTESIAN_POINT('',(-1.49398569449,-17.39271971056,
    -3.613331387407));
#141 = CARTESIAN_POINT('',(-1.590625236117,-17.45123783415,
    -3.668031248541));
#142 = CARTESIAN_POINT('',(-1.682241856957,-17.51204478718,
    -3.724189837915));
#143 = CARTESIAN_POINT('',(-1.769211767632,-17.57493528702,
    -3.781516254287));
#144 = CARTESIAN_POINT('',(-1.975384639352,-17.73670843526,
    -3.926880741344));
#145 = CARTESIAN_POINT('',(-2.089432424324,-17.83812390235,
    -4.016193049234));
#146 = CARTESIAN_POINT('',(-2.194670590649,-17.94332545574,
    -4.106717705487));
#147 = CARTESIAN_POINT('',(-2.291710336286,-18.05183504716,
    -4.197681388203));
#148 = CARTESIAN_POINT('',(-2.38111662811,-18.16340630133,
    -4.288522928191));
#149 = CARTESIAN_POINT('',(-2.463371715417,-18.27799314747,
    -4.378833188985));
#150 = CARTESIAN_POINT('',(-2.538840702452,-18.39572131024,
    -4.46829097577));
#151 = CARTESIAN_POINT('',(-2.701106428628,-18.68102644032,
    -4.676259464898));
#152 = CARTESIAN_POINT('',(-2.782289274445,-18.85125030217,
    -4.793653791654));
#153 = CARTESIAN_POINT('',(-2.851444565836,-19.02742832991,
    -4.907488111101));
#154 = CARTESIAN_POINT('',(-2.908416026721,-19.20957918886,
    -5.016461354331));
#155 = CARTESIAN_POINT('',(-2.952747909244,-19.39779636456,
    -5.119203390492));
#156 = CARTESIAN_POINT('',(-2.983666760668,-19.59220943385,
    -5.214261937977));
#157 = CARTESIAN_POINT('',(-3.,-19.79293550951,-5.300156529823));
#158 = CARTESIAN_POINT('',(-3.,-20.07048129006,-5.401174932589));
#159 = CARTESIAN_POINT('',(-2.998107591895,-20.14163678082,
    -5.425586223903));
#160 = CARTESIAN_POINT('',(-2.994259371845,-20.21341407965,
    -5.448686717259));
#161 = CARTESIAN_POINT('',(-2.988392349866,-20.28576021228,
    -5.470415824711));
#162 = CARTESIAN_POINT('',(-2.980443241721,-20.35862132683,
    -5.490721859655));
#163 = CARTESIAN_POINT('',(-2.970347760802,-20.43194239784,
    -5.509562528494));
#164 = CARTESIAN_POINT('',(-2.958039910023,-20.50566693032,
    -5.526905422302));
#165 = CARTESIAN_POINT('',(-2.906603092217,-20.76682303162,
    -5.582694680736));
#166 = CARTESIAN_POINT('',(-2.855241525674,-20.95592014876,
    -5.612923410087));
#167 = CARTESIAN_POINT('',(-2.788416229918,-21.14557283249,
    -5.632984996349));
#168 = CARTESIAN_POINT('',(-2.705303147798,-21.33421073363,
    -5.643001068756));
#169 = CARTESIAN_POINT('',(-2.605222123286,-21.52003986675,
    -5.643673424923));
#170 = CARTESIAN_POINT('',(-2.487722666035,-21.70099929047,
    -5.636226303421));
#171 = CARTESIAN_POINT('',(-2.352713954052,-21.87478512161,
    -5.622278632217));
#172 = CARTESIAN_POINT('',(-2.107617363883,-22.1393158075,
    -5.592280509875));
#173 = CARTESIAN_POINT('',(-2.008061356655,-22.23627127092,
    -5.579132196319));
#174 = CARTESIAN_POINT('',(-1.901967944075,-22.32926406496,
    -5.564622332188));
#175 = CARTESIAN_POINT('',(-1.789400809727,-22.41772969212,
    -5.54918517976));
#176 = CARTESIAN_POINT('',(-1.670469523411,-22.50108705424,
    -5.533272528804));
#177 = CARTESIAN_POINT('',(-1.545332547375,-22.57873995723,
    -5.517341439408));
#178 = CARTESIAN_POINT('',(-1.414200242532,-22.65007861565,
    -5.501841984808));
#179 = CARTESIAN_POINT('',(-1.134094932429,-22.78188616956,
    -5.471885621689));
#180 = CARTESIAN_POINT('',(-0.984267292307,-22.84183808316,
    -5.457478151795));
#181 = CARTESIAN_POINT('',(-0.828681058608,-22.89329841495,
    -5.444545690865));
#182 = CARTESIAN_POINT('',(-0.66827736041,-22.93541497587,
    -5.433605429933));
#183 = CARTESIAN_POINT('',(-0.504088766989,-22.96752264976,
    -5.425083554524));
#184 = CARTESIAN_POINT('',(-0.337215144839,-22.98914547082,
    -5.419284250343));
#185 = CARTESIAN_POINT('',(-0.168798956331,-23.,-5.416372804875));
#186 = CARTESIAN_POINT('',(0.137628977265,-23.,-5.416372804875));
#187 = CARTESIAN_POINT('',(0.275105943166,-22.9927840934,-5.418308238516
    ));
#188 = CARTESIAN_POINT('',(0.411764272087,-22.9783802087,-5.422171516434
    ));
#189 = CARTESIAN_POINT('',(0.546943193798,-22.95691467318,
    -5.427889144147));
#190 = CARTESIAN_POINT('',(0.679998044522,-22.92861063333,
    -5.435322490497));
#191 = CARTESIAN_POINT('',(0.810310379758,-22.89378697612,
    -5.444273253112));
#192 = CARTESIAN_POINT('',(0.937297948855,-22.85285775097,
    -5.454493620892));
#193 = CARTESIAN_POINT('',(1.381939671602,-22.68484164492,
    -5.494966828399));
#194 = CARTESIAN_POINT('',(1.675749665644,-22.52571179986,
    -5.530838393083));
#195 = CARTESIAN_POINT('',(1.939112005024,-22.33615737659,
    -5.568770348258));
#196 = CARTESIAN_POINT('',(2.170537618509,-22.12257096989,
    -5.603717081889));
#197 = CARTESIAN_POINT('',(2.369350000542,-21.89084851095,-5.63065346729
    ));
#198 = CARTESIAN_POINT('',(2.535741237927,-21.6464654202,-5.644858373274
    ));
#199 = CARTESIAN_POINT('',(2.670594143808,-21.39432428882,
    -5.642954777371));
#200 = CARTESIAN_POINT('',(2.834630323597,-20.99459103113,
    -5.612298650324));
#201 = CARTESIAN_POINT('',(2.884120295492,-20.84956676774,
    -5.595608975167));
#202 = CARTESIAN_POINT('',(2.924268780975,-20.70455690081,
    -5.573053364663));
#203 = CARTESIAN_POINT('',(2.95549533319,-20.56018767504,-5.544551659108
    ));
#204 = CARTESIAN_POINT('',(2.978229587753,-20.41702492497,
    -5.510197552377));
#205 = CARTESIAN_POINT('',(2.992911026921,-20.27559547716,
    -5.470259174841));
#206 = CARTESIAN_POINT('',(3.,-20.1364118141,-5.42517168087));
#207 = CARTESIAN_POINT('',(3.,-20.,-5.375521840934));
#208 = ORIENTED_EDGE('',*,*,#91,.T.);
#209 = CYLINDRICAL_SURFACE('',#210,3.);
#210 = AXIS2_PLACEMENT_3D('',#211,#212,#213);
#211 = CARTESIAN_POINT('',(0.,-20.,-8.));
#212 = DIRECTION('',(-0.,-0.,-1.));
#213 = DIRECTION('',(1.,0.,0.));
#214 = ADVANCED_FACE('',(#215,#485,#496,#507,#512,#523,#534),#545,.T.);
#215 = FACE_BOUND('',#216,.T.);
#216 = EDGE_LOOP('',(#217,#228,#236,#245,#254,#263,#272,#281,#290,#299,
    #307,#315,#323,#331,#339,#348,#357,#366,#375,#384,#393,#401,#409,
    #417,#425,#433,#442,#451,#460,#469,#478));
#217 = ORIENTED_EDGE('',*,*,#218,.T.);
#218 = EDGE_CURVE('',#219,#221,#223,.T.);
#219 = VERTEX_POINT('',#220);
#220 = CARTESIAN_POINT('',(17.419390570546,-12.68993213556,0.));
#221 = VERTEX_POINT('',#222);
#222 = CARTESIAN_POINT('',(10.930602010125,-15.5,0.));
#223 = CIRCLE('',#224,4.1);
#224 = AXIS2_PLACEMENT_3D('',#225,#226,#227);
#225 = CARTESIAN_POINT('',(15.,-16.,4.4E-16));
#226 = DIRECTION('',(0.,0.,1.));
#227 = DIRECTION('',(1.,0.,0.));
#228 = ORIENTED_EDGE('',*,*,#229,.T.);
#229 = EDGE_CURVE('',#221,#230,#232,.T.);
#230 = VERTEX_POINT('',#231);
#231 = CARTESIAN_POINT('',(-10.93060201012,-15.5,0.));
#232 = LINE('',#233,#234);
#233 = CARTESIAN_POINT('',(13.,-15.5,0.));
#234 = VECTOR('',#235,1.);
#235 = DIRECTION('',(-1.,0.,0.));
#236 = ORIENTED_EDGE('',*,*,#237,.F.);
#237 = EDGE_CURVE('',#238,#230,#240,.T.);
#238 = VERTEX_POINT('',#239);
#239 = CARTESIAN_POINT('',(-17.41939057054,-12.68993213556,0.));
#240 = CIRCLE('',#241,4.1);
#241 = AXIS2_PLACEMENT_3D('',#242,#243,#244);
#242 = CARTESIAN_POINT('',(-15.,-16.,4.4E-16));
#243 = DIRECTION('',(0.,0.,-1.));
#244 = DIRECTION('',(-1.,0.,0.));
#245 = ORIENTED_EDGE('',*,*,#246,.T.);
#246 = EDGE_CURVE('',#238,#247,#249,.T.);
#247 = VERTEX_POINT('',#248);
#248 = CARTESIAN_POINT('',(-21.07142926748,-11.90104485436,1.E-15));
#249 = CIRCLE('',#250,2.5);
#250 = AXIS2_PLACEMENT_3D('',#251,#252,#253);
#251 = CARTESIAN_POINT('',(-18.89462872331,-10.67159807188,4.4E-16));
#252 = DIRECTION('',(0.,0.,-1.));
#253 = DIRECTION('',(-1.,0.,0.));
#254 = ORIENTED_EDGE('',*,*,#255,.F.);
#255 = EDGE_CURVE('',#256,#247,#258,.T.);
#256 = VERTEX_POINT('',#257);
#257 = CARTESIAN_POINT('',(-21.07142926748,11.901044854364,0.));
#258 = CIRCLE('',#259,24.2);
#259 = AXIS2_PLACEMENT_3D('',#260,#261,#262);
#260 = CARTESIAN_POINT('',(0.,0.,8.7E-16));
#261 = DIRECTION('',(0.,0.,1.));
#262 = DIRECTION('',(1.,0.,0.));
#263 = ORIENTED_EDGE('',*,*,#264,.F.);
#264 = EDGE_CURVE('',#265,#256,#267,.T.);
#265 = VERTEX_POINT('',#266);
#266 = CARTESIAN_POINT('',(-17.41939057054,12.689932135567,0.));
#267 = CIRCLE('',#268,2.5);
#268 = AXIS2_PLACEMENT_3D('',#269,#270,#271);
#269 = CARTESIAN_POINT('',(-18.89462872331,10.671598071889,4.4E-16));
#270 = DIRECTION('',(0.,0.,1.));
#271 = DIRECTION('',(-1.,0.,0.));
#272 = ORIENTED_EDGE('',*,*,#273,.T.);
#273 = EDGE_CURVE('',#265,#274,#276,.T.);
#274 = VERTEX_POINT('',#275);
#275 = CARTESIAN_POINT('',(-11.54088631473,18.201029875395,0.));
#276 = CIRCLE('',#277,4.1);
#277 = AXIS2_PLACEMENT_3D('',#278,#279,#280);
#278 = CARTESIAN_POINT('',(-15.,16.,4.4E-16));
#279 = DIRECTION('',(0.,0.,1.));
#280 = DIRECTION('',(-1.,0.,0.));
#281 = ORIENTED_EDGE('',*,*,#282,.T.);
#282 = EDGE_CURVE('',#274,#283,#285,.T.);
#283 = VERTEX_POINT('',#284);
#284 = CARTESIAN_POINT('',(-10.51826865447,21.794632929055,0.));
#285 = CIRCLE('',#286,2.5);
#286 = AXIS2_PLACEMENT_3D('',#287,#288,#289);
#287 = CARTESIAN_POINT('',(-9.431670652981,19.543121262831,4.4E-16));
#288 = DIRECTION('',(0.,0.,-1.));
#289 = DIRECTION('',(-1.,0.,0.));
#290 = ORIENTED_EDGE('',*,*,#291,.T.);
#291 = EDGE_CURVE('',#283,#292,#294,.T.);
#292 = VERTEX_POINT('',#293);
#293 = CARTESIAN_POINT('',(-13.32666499916,20.2,1.E-15));
#294 = CIRCLE('',#295,24.2);
#295 = AXIS2_PLACEMENT_3D('',#296,#297,#298);
#296 = CARTESIAN_POINT('',(0.,0.,8.7E-16));
#297 = DIRECTION('',(0.,0.,1.));
#298 = DIRECTION('',(-1.,0.,0.));
#299 = ORIENTED_EDGE('',*,*,#300,.T.);
#300 = EDGE_CURVE('',#292,#301,#303,.T.);
#301 = VERTEX_POINT('',#302);
#302 = CARTESIAN_POINT('',(-20.08284271247,20.2,0.));
#303 = LINE('',#304,#305);
#304 = CARTESIAN_POINT('',(-3.E-17,20.2,0.));
#305 = VECTOR('',#306,1.);
#306 = DIRECTION('',(-1.,-1.7E-16,0.));
#307 = ORIENTED_EDGE('',*,*,#308,.T.);
#308 = EDGE_CURVE('',#301,#309,#311,.T.);
#309 = VERTEX_POINT('',#310);
#310 = CARTESIAN_POINT('',(-30.,10.282842712475,0.));
#311 = LINE('',#312,#313);
#312 = CARTESIAN_POINT('',(-25.14142135623,15.141421356237,0.));
#313 = VECTOR('',#314,1.);
#314 = DIRECTION('',(-0.707106781187,-0.707106781187,0.));
#315 = ORIENTED_EDGE('',*,*,#316,.T.);
#316 = EDGE_CURVE('',#309,#317,#319,.T.);
#317 = VERTEX_POINT('',#318);
#318 = CARTESIAN_POINT('',(-30.,-10.28284271247,0.));
#319 = LINE('',#320,#321);
#320 = CARTESIAN_POINT('',(-30.,0.,4.3E-16));
#321 = VECTOR('',#322,1.);
#322 = DIRECTION('',(0.,-1.,0.));
#323 = ORIENTED_EDGE('',*,*,#324,.T.);
#324 = EDGE_CURVE('',#317,#325,#327,.T.);
#325 = VERTEX_POINT('',#326);
#326 = CARTESIAN_POINT('',(-20.08284271247,-20.2,0.));
#327 = LINE('',#328,#329);
#328 = CARTESIAN_POINT('',(-25.14142135623,-15.14142135623,0.));
#329 = VECTOR('',#330,1.);
#330 = DIRECTION('',(0.707106781187,-0.707106781187,0.));
#331 = ORIENTED_EDGE('',*,*,#332,.T.);
#332 = EDGE_CURVE('',#325,#333,#335,.T.);
#333 = VERTEX_POINT('',#334);
#334 = CARTESIAN_POINT('',(-13.32666499916,-20.2,1.E-15));
#335 = LINE('',#336,#337);
#336 = CARTESIAN_POINT('',(-4.055215750698,-20.2,0.));
#337 = VECTOR('',#338,1.);
#338 = DIRECTION('',(1.,1.1E-16,0.));
#339 = ORIENTED_EDGE('',*,*,#340,.F.);
#340 = EDGE_CURVE('',#341,#333,#343,.T.);
#341 = VERTEX_POINT('',#342);
#342 = CARTESIAN_POINT('',(-10.51826865447,-21.79463292905,0.));
#343 = CIRCLE('',#344,24.2);
#344 = AXIS2_PLACEMENT_3D('',#345,#346,#347);
#345 = CARTESIAN_POINT('',(0.,0.,8.7E-16));
#346 = DIRECTION('',(0.,0.,-1.));
#347 = DIRECTION('',(-1.,0.,0.));
#348 = ORIENTED_EDGE('',*,*,#349,.T.);
#349 = EDGE_CURVE('',#341,#350,#352,.T.);
#350 = VERTEX_POINT('',#351);
#351 = CARTESIAN_POINT('',(-6.855138914627,-23.20877141214,0.));
#352 = CIRCLE('',#353,24.2);
#353 = AXIS2_PLACEMENT_3D('',#354,#355,#356);
#354 = CARTESIAN_POINT('',(0.,0.,0.));
#355 = DIRECTION('',(0.,0.,1.));
#356 = DIRECTION('',(1.,0.,0.));
#357 = ORIENTED_EDGE('',*,*,#358,.T.);
#358 = EDGE_CURVE('',#350,#359,#361,.T.);
#359 = VERTEX_POINT('',#360);
#360 = CARTESIAN_POINT('',(7.1,-24.,0.));
#361 = CIRCLE('',#362,7.);
#362 = AXIS2_PLACEMENT_3D('',#363,#364,#365);
#363 = CARTESIAN_POINT('',(1.E-01,-24.,0.));
#364 = DIRECTION('',(0.,0.,1.));
#365 = DIRECTION('',(1.,0.,0.));
#366 = ORIENTED_EDGE('',*,*,#367,.T.);
#367 = EDGE_CURVE('',#359,#368,#370,.T.);
#368 = VERTEX_POINT('',#369);
#369 = CARTESIAN_POINT('',(7.048303963845,-23.15084040015,0.));
#370 = CIRCLE('',#371,7.);
#371 = AXIS2_PLACEMENT_3D('',#372,#373,#374);
#372 = CARTESIAN_POINT('',(1.E-01,-24.,0.));
#373 = DIRECTION('',(0.,0.,1.));
#374 = DIRECTION('',(1.,0.,0.));
#375 = ORIENTED_EDGE('',*,*,#376,.T.);
#376 = EDGE_CURVE('',#368,#377,#379,.T.);
#377 = VERTEX_POINT('',#378);
#378 = CARTESIAN_POINT('',(10.518268654476,-21.79463292905,0.));
#379 = CIRCLE('',#380,24.2);
#380 = AXIS2_PLACEMENT_3D('',#381,#382,#383);
#381 = CARTESIAN_POINT('',(0.,0.,0.));
#382 = DIRECTION('',(0.,0.,1.));
#383 = DIRECTION('',(1.,0.,0.));
#384 = ORIENTED_EDGE('',*,*,#385,.T.);
#385 = EDGE_CURVE('',#377,#386,#388,.T.);
#386 = VERTEX_POINT('',#387);
#387 = CARTESIAN_POINT('',(13.326664999166,-20.2,1.E-15));
#388 = CIRCLE('',#389,24.2);
#389 = AXIS2_PLACEMENT_3D('',#390,#391,#392);
#390 = CARTESIAN_POINT('',(0.,0.,8.7E-16));
#391 = DIRECTION('',(0.,0.,1.));
#392 = DIRECTION('',(1.,0.,0.));
#393 = ORIENTED_EDGE('',*,*,#394,.T.);
#394 = EDGE_CURVE('',#386,#395,#397,.T.);
#395 = VERTEX_POINT('',#396);
#396 = CARTESIAN_POINT('',(20.082842712475,-20.2,0.));
#397 = LINE('',#398,#399);
#398 = CARTESIAN_POINT('',(15.944784249302,-20.2,0.));
#399 = VECTOR('',#400,1.);
#400 = DIRECTION('',(1.,4.3E-16,0.));
#401 = ORIENTED_EDGE('',*,*,#402,.T.);
#402 = EDGE_CURVE('',#395,#403,#405,.T.);
#403 = VERTEX_POINT('',#404);
#404 = CARTESIAN_POINT('',(30.2,-10.08284271247,0.));
#405 = LINE('',#406,#407);
#406 = CARTESIAN_POINT('',(25.141421356237,-15.14142135623,0.));
#407 = VECTOR('',#408,1.);
#408 = DIRECTION('',(0.707106781187,0.707106781187,0.));
#409 = ORIENTED_EDGE('',*,*,#410,.T.);
#410 = EDGE_CURVE('',#403,#411,#413,.T.);
#411 = VERTEX_POINT('',#412);
#412 = CARTESIAN_POINT('',(30.2,10.082842712475,0.));
#413 = LINE('',#414,#415);
#414 = CARTESIAN_POINT('',(30.2,0.,0.));
#415 = VECTOR('',#416,1.);
#416 = DIRECTION('',(0.,1.,0.));
#417 = ORIENTED_EDGE('',*,*,#418,.T.);
#418 = EDGE_CURVE('',#411,#419,#421,.T.);
#419 = VERTEX_POINT('',#420);
#420 = CARTESIAN_POINT('',(20.082842712475,20.2,0.));
#421 = LINE('',#422,#423);
#422 = CARTESIAN_POINT('',(25.141421356237,15.141421356237,0.));
#423 = VECTOR('',#424,1.);
#424 = DIRECTION('',(-0.707106781187,0.707106781187,0.));
#425 = ORIENTED_EDGE('',*,*,#426,.T.);
#426 = EDGE_CURVE('',#419,#427,#429,.T.);
#427 = VERTEX_POINT('',#428);
#428 = CARTESIAN_POINT('',(13.326664999166,20.2,1.E-15));
#429 = LINE('',#430,#431);
#430 = CARTESIAN_POINT('',(-3.E-17,20.2,0.));
#431 = VECTOR('',#432,1.);
#432 = DIRECTION('',(-1.,-1.7E-16,0.));
#433 = ORIENTED_EDGE('',*,*,#434,.F.);
#434 = EDGE_CURVE('',#435,#427,#437,.T.);
#435 = VERTEX_POINT('',#436);
#436 = CARTESIAN_POINT('',(10.518268654476,21.794632929055,0.));
#437 = CIRCLE('',#438,24.2);
#438 = AXIS2_PLACEMENT_3D('',#439,#440,#441);
#439 = CARTESIAN_POINT('',(0.,0.,8.7E-16));
#440 = DIRECTION('',(0.,0.,-1.));
#441 = DIRECTION('',(1.,0.,0.));
#442 = ORIENTED_EDGE('',*,*,#443,.F.);
#443 = EDGE_CURVE('',#444,#435,#446,.T.);
#444 = VERTEX_POINT('',#445);
#445 = CARTESIAN_POINT('',(11.54088631473,18.201029875395,0.));
#446 = CIRCLE('',#447,2.5);
#447 = AXIS2_PLACEMENT_3D('',#448,#449,#450);
#448 = CARTESIAN_POINT('',(9.431670652981,19.543121262831,4.4E-16));
#449 = DIRECTION('',(0.,0.,1.));
#450 = DIRECTION('',(1.,0.,0.));
#451 = ORIENTED_EDGE('',*,*,#452,.F.);
#452 = EDGE_CURVE('',#453,#444,#455,.T.);
#453 = VERTEX_POINT('',#454);
#454 = CARTESIAN_POINT('',(17.419390570546,12.689932135567,0.));
#455 = CIRCLE('',#456,4.1);
#456 = AXIS2_PLACEMENT_3D('',#457,#458,#459);
#457 = CARTESIAN_POINT('',(15.,16.,4.4E-16));
#458 = DIRECTION('',(0.,0.,-1.));
#459 = DIRECTION('',(1.,0.,0.));
#460 = ORIENTED_EDGE('',*,*,#461,.T.);
#461 = EDGE_CURVE('',#453,#462,#464,.T.);
#462 = VERTEX_POINT('',#463);
#463 = CARTESIAN_POINT('',(21.07142926748,11.901044854364,0.));
#464 = CIRCLE('',#465,2.5);
#465 = AXIS2_PLACEMENT_3D('',#466,#467,#468);
#466 = CARTESIAN_POINT('',(18.894628723319,10.671598071889,4.4E-16));
#467 = DIRECTION('',(0.,0.,-1.));
#468 = DIRECTION('',(1.,0.,0.));
#469 = ORIENTED_EDGE('',*,*,#470,.F.);
#470 = EDGE_CURVE('',#471,#462,#473,.T.);
#471 = VERTEX_POINT('',#472);
#472 = CARTESIAN_POINT('',(21.07142926748,-11.90104485436,0.));
#473 = CIRCLE('',#474,24.2);
#474 = AXIS2_PLACEMENT_3D('',#475,#476,#477);
#475 = CARTESIAN_POINT('',(0.,0.,8.7E-16));
#476 = DIRECTION('',(0.,0.,1.));
#477 = DIRECTION('',(1.,0.,0.));
#478 = ORIENTED_EDGE('',*,*,#479,.F.);
#479 = EDGE_CURVE('',#219,#471,#480,.T.);
#480 = CIRCLE('',#481,2.5);
#481 = AXIS2_PLACEMENT_3D('',#482,#483,#484);
#482 = CARTESIAN_POINT('',(18.894628723319,-10.67159807188,4.4E-16));
#483 = DIRECTION('',(0.,0.,1.));
#484 = DIRECTION('',(1.,0.,0.));
#485 = FACE_BOUND('',#486,.T.);
#486 = EDGE_LOOP('',(#487));
#487 = ORIENTED_EDGE('',*,*,#488,.F.);
#488 = EDGE_CURVE('',#489,#489,#491,.T.);
#489 = VERTEX_POINT('',#490);
#490 = CARTESIAN_POINT('',(-13.75,-16.,1.E-15));
#491 = CIRCLE('',#492,1.25);
#492 = AXIS2_PLACEMENT_3D('',#493,#494,#495);
#493 = CARTESIAN_POINT('',(-15.,-16.,8.7E-16));
#494 = DIRECTION('',(0.,0.,1.));
#495 = DIRECTION('',(1.,0.,0.));
#496 = FACE_BOUND('',#497,.T.);
#497 = EDGE_LOOP('',(#498));
#498 = ORIENTED_EDGE('',*,*,#499,.F.);
#499 = EDGE_CURVE('',#500,#500,#502,.T.);
#500 = VERTEX_POINT('',#501);
#501 = CARTESIAN_POINT('',(3.1,-27.,0.));
#502 = CIRCLE('',#503,3.);
#503 = AXIS2_PLACEMENT_3D('',#504,#505,#506);
#504 = CARTESIAN_POINT('',(1.E-01,-27.,0.));
#505 = DIRECTION('',(0.,0.,1.));
#506 = DIRECTION('',(1.,0.,0.));
#507 = FACE_BOUND('',#508,.T.);
#508 = EDGE_LOOP('',(#509,#510,#511));
#509 = ORIENTED_EDGE('',*,*,#65,.F.);
#510 = ORIENTED_EDGE('',*,*,#74,.F.);
#511 = ORIENTED_EDGE('',*,*,#56,.F.);
#512 = FACE_BOUND('',#513,.T.);
#513 = EDGE_LOOP('',(#514));
#514 = ORIENTED_EDGE('',*,*,#515,.F.);
#515 = EDGE_CURVE('',#516,#516,#518,.T.);
#516 = VERTEX_POINT('',#517);
#517 = CARTESIAN_POINT('',(16.25,-16.,1.E-15));
#518 = CIRCLE('',#519,1.25);
#519 = AXIS2_PLACEMENT_3D('',#520,#521,#522);
#520 = CARTESIAN_POINT('',(15.,-16.,8.7E-16));
#521 = DIRECTION('',(0.,0.,1.));
#522 = DIRECTION('',(1.,0.,0.));
#523 = FACE_BOUND('',#524,.T.);
#524 = EDGE_LOOP('',(#525));
#525 = ORIENTED_EDGE('',*,*,#526,.F.);
#526 = EDGE_CURVE('',#527,#527,#529,.T.);
#527 = VERTEX_POINT('',#528);
#528 = CARTESIAN_POINT('',(-13.75,16.,1.E-15));
#529 = CIRCLE('',#530,1.25);
#530 = AXIS2_PLACEMENT_3D('',#531,#532,#533);
#531 = CARTESIAN_POINT('',(-15.,16.,8.7E-16));
#532 = DIRECTION('',(0.,0.,1.));
#533 = DIRECTION('',(1.,0.,0.));
#534 = FACE_BOUND('',#535,.T.);
#535 = EDGE_LOOP('',(#536));
#536 = ORIENTED_EDGE('',*,*,#537,.F.);
#537 = EDGE_CURVE('',#538,#538,#540,.T.);
#538 = VERTEX_POINT('',#539);
#539 = CARTESIAN_POINT('',(16.25,16.,1.E-15));
#540 = CIRCLE('',#541,1.25);
#541 = AXIS2_PLACEMENT_3D('',#542,#543,#544);
#542 = CARTESIAN_POINT('',(15.,16.,8.7E-16));
#543 = DIRECTION('',(0.,0.,1.));
#544 = DIRECTION('',(1.,0.,0.));
#545 = PLANE('',#546);
#546 = AXIS2_PLACEMENT_3D('',#547,#548,#549);
#547 = CARTESIAN_POINT('',(3.673296551598E-02,-2.901856830038,3.2E-16));
#548 = DIRECTION('',(0.,0.,1.));
#549 = DIRECTION('',(1.,0.,0.));
#550 = ADVANCED_FACE('',(#551,#702,#705),#816,.F.);
#551 = FACE_BOUND('',#552,.F.);
#552 = EDGE_LOOP('',(#553,#646,#654,#661,#662));
#553 = ORIENTED_EDGE('',*,*,#554,.T.);
#554 = EDGE_CURVE('',#555,#557,#559,.T.);
#555 = VERTEX_POINT('',#556);
#556 = CARTESIAN_POINT('',(-3.043441391026,-23.23931304935,
    -15.16608628784));
#557 = VERTEX_POINT('',#558);
#558 = CARTESIAN_POINT('',(5.05,-27.1842324348,-12.31340661542));
#559 = B_SPLINE_CURVE_WITH_KNOTS('',8,(#560,#561,#562,#563,#564,#565,
    #566,#567,#568,#569,#570,#571,#572,#573,#574,#575,#576,#577,#578,
    #579,#580,#581,#582,#583,#584,#585,#586,#587,#588,#589,#590,#591,
    #592,#593,#594,#595,#596,#597,#598,#599,#600,#601,#602,#603,#604,
    #605,#606,#607,#608,#609,#610,#611,#612,#613,#614,#615,#616,#617,
    #618,#619,#620,#621,#622,#623,#624,#625,#626,#627,#628,#629,#630,
    #631,#632,#633,#634,#635,#636,#637,#638,#639,#640,#641,#642,#643,
    #644,#645),.UNSPECIFIED.,.F.,.F.,(9,7,7,7,7,7,7,7,7,7,7,7,9),(0.,
    8.037122276335E-02,0.134361399949,0.273898824371,0.376441078112,
    0.458431877953,0.513943763172,0.612927883844,0.718308181059,
    0.851863298296,0.95565131073,0.977734498261,1.),.UNSPECIFIED.);
#560 = CARTESIAN_POINT('',(-3.043441391026,-23.23931304935,
    -15.16608628784));
#561 = CARTESIAN_POINT('',(-3.231009967159,-23.36528362671,
    -15.06118952534));
#562 = CARTESIAN_POINT('',(-3.407881822172,-23.49932046653,-14.95115139)
  );
#563 = CARTESIAN_POINT('',(-3.573825671873,-23.64064120078,
    -14.83685840058));
#564 = CARTESIAN_POINT('',(-3.728801954241,-23.78846584561,
    -14.71912123939));
#565 = CARTESIAN_POINT('',(-3.872912720446,-23.94204290218,
    -14.59865667279));
#566 = CARTESIAN_POINT('',(-4.00635940407,-24.10067276839,
    -14.47607755799));
#567 = CARTESIAN_POINT('',(-4.129408468511,-24.26372846143,
    -14.35189093612));
#568 = CARTESIAN_POINT('',(-4.318244573317,-24.54282076145,
    -14.14227441825));
#569 = CARTESIAN_POINT('',(-4.389567585958,-24.65671987434,
    -14.0575053848));
#570 = CARTESIAN_POINT('',(-4.456426868358,-24.77220838047,
    -13.9723201251));
#571 = CARTESIAN_POINT('',(-4.518917180327,-24.88913406975,
    -13.88682707567));
#572 = CARTESIAN_POINT('',(-4.577133704757,-25.00735580416,
    -13.80112089975));
#573 = CARTESIAN_POINT('',(-4.631170608757,-25.12674419058,
    -13.71528329133));
#574 = CARTESIAN_POINT('',(-4.681119604791,-25.24718225357,
    -13.62938377924));
#575 = CARTESIAN_POINT('',(-4.845823301545,-25.68228225647,
    -13.32146388662));
#576 = CARTESIAN_POINT('',(-4.937790445013,-26.00213338209,
    -13.09955124899));
#577 = CARTESIAN_POINT('',(-5.004611964699,-26.32650926988,
    -12.87860583566));
#578 = CARTESIAN_POINT('',(-5.047502501483,-26.65397535849,
    -12.65928068331));
#579 = CARTESIAN_POINT('',(-5.067400406893,-26.98326604003,
    -12.44208315598));
#580 = CARTESIAN_POINT('',(-5.065007343544,-27.31328563042,
    -12.22740554579));
#581 = CARTESIAN_POINT('',(-5.0407448272,-27.64311089514,-12.01553828553
    ));
#582 = CARTESIAN_POINT('',(-4.960786825562,-28.21367259081,
    -11.65319970998));
#583 = CARTESIAN_POINT('',(-4.915146567332,-28.4547271605,
    -11.50141792394));
#584 = CARTESIAN_POINT('',(-4.857778014234,-28.69481561889,
    -11.35143882363));
#585 = CARTESIAN_POINT('',(-4.788633011417,-28.93355399455,
    -11.20339841544));
#586 = CARTESIAN_POINT('',(-4.70759145001,-29.1705137747,-11.05746355292
    ));
#587 = CARTESIAN_POINT('',(-4.614462074976,-29.40522080692,
    -10.91383118941));
#588 = CARTESIAN_POINT('',(-4.508965255009,-29.63715077803,
    -10.77273015348));
#589 = CARTESIAN_POINT('',(-4.296133279907,-30.04848180807,
    -10.52383968239));
#590 = CARTESIAN_POINT('',(-4.193429707057,-30.22904420652,
    -10.41507212739));
#591 = CARTESIAN_POINT('',(-4.082381703545,-30.40712637884,
    -10.30824832388));
#592 = CARTESIAN_POINT('',(-3.962755337023,-30.5823648703,
    -10.20354359024));
#593 = CARTESIAN_POINT('',(-3.834297997595,-30.75431829668,
    -10.10117951469));
#594 = CARTESIAN_POINT('',(-3.696738783132,-30.92246669635,
    -10.00142328134));
#595 = CARTESIAN_POINT('',(-3.549779307483,-31.08620679554,
    -9.904589828981));
#596 = CARTESIAN_POINT('',(-3.28697820677,-31.3522479831,-9.747713547199
    ));
#597 = CARTESIAN_POINT('',(-3.176435438549,-31.45729179508,
    -9.685901212214));
#598 = CARTESIAN_POINT('',(-3.061344621188,-31.55975805349,
    -9.625724388683));
#599 = CARTESIAN_POINT('',(-2.941615154865,-31.65938952555,
    -9.567321084462));
#600 = CARTESIAN_POINT('',(-2.81717175687,-31.75589081584,
    -9.510851229416));
#601 = CARTESIAN_POINT('',(-2.687958372805,-31.84893086699,
    -9.456495140785));
#602 = CARTESIAN_POINT('',(-2.553942087788,-31.93814546043,
    -9.404451988548));
#603 = CARTESIAN_POINT('',(-2.167575894691,-32.17469432064,
    -9.266649549565));
#604 = CARTESIAN_POINT('',(-1.904275419789,-32.31311829928,
    -9.186235498154));
#605 = CARTESIAN_POINT('',(-1.625586003709,-32.43577450439,
    -9.115157651431));
#606 = CARTESIAN_POINT('',(-1.332504549703,-32.53973201183,
    -9.055040955213));
#607 = CARTESIAN_POINT('',(-1.026786625251,-32.62200028837,
    -9.007541879194));
#608 = CARTESIAN_POINT('',(-0.71111670584,-32.67987872758,
    -8.974155408029));
#609 = CARTESIAN_POINT('',(-0.389292720845,-32.71133194209,
    -8.956017142496));
#610 = CARTESIAN_POINT('',(0.276580792338,-32.72129420385,
    -8.950272364286));
#611 = CARTESIAN_POINT('',(0.62097673621,-32.69625330876,-8.964711834164
    ));
#612 = CARTESIAN_POINT('',(0.959525887025,-32.6407208054,-8.996733549126
    ));
#613 = CARTESIAN_POINT('',(1.287433032976,-32.55695563419,
    -9.045079306436));
#614 = CARTESIAN_POINT('',(1.6012914574,-32.44813950841,-9.107984102949)
  );
#615 = CARTESIAN_POINT('',(1.898863042664,-32.31791195206,
    -9.183436365545));
#616 = CARTESIAN_POINT('',(2.178876733904,-32.16987075326,
    -9.269438445657));
#617 = CARTESIAN_POINT('',(2.772875590443,-31.80120512421,
    -9.484256285075));
#618 = CARTESIAN_POINT('',(3.076407362243,-31.57145917801,-9.61854459416
    ));
#619 = CARTESIAN_POINT('',(3.352689906232,-31.32307759418,
    -9.764293620558));
#620 = CARTESIAN_POINT('',(3.602707313334,-31.06007808307,
    -9.919337049052));
#621 = CARTESIAN_POINT('',(3.827671531562,-30.78575809149,
    -10.08191258361));
#622 = CARTESIAN_POINT('',(4.028830058715,-30.50259661121,
    -10.25072288667));
#623 = CARTESIAN_POINT('',(4.207450305564,-30.21228001275,
    -10.42493187667));
#624 = CARTESIAN_POINT('',(4.486695830675,-29.68504846114,
    -10.74361750273));
#625 = CARTESIAN_POINT('',(4.595674246094,-29.45095141677,
    -10.88588658622));
#626 = CARTESIAN_POINT('',(4.691950920819,-29.2139274132,-11.03078382602
    ));
#627 = CARTESIAN_POINT('',(4.775825840491,-28.97452907511,-11.1780661844
    ));
#628 = CARTESIAN_POINT('',(4.847506038286,-28.73325403622,
    -11.32752534518));
#629 = CARTESIAN_POINT('',(4.907124423967,-28.49054996913,
    -11.47898572242));
#630 = CARTESIAN_POINT('',(4.954738983754,-28.24681578325,
    -11.63230529256));
#631 = CARTESIAN_POINT('',(4.997881369055,-27.95039393038,-11.8203746527
    ));
#632 = CARTESIAN_POINT('',(5.004870811748,-27.89859493749,
    -11.85329913125));
#633 = CARTESIAN_POINT('',(5.01128957278,-27.84700163975,-11.88615308305
    ));
#634 = CARTESIAN_POINT('',(5.017146095071,-27.79561367012,
    -11.91893690257));
#635 = CARTESIAN_POINT('',(5.022448370757,-27.74443066689,-11.9516509812
    ));
#636 = CARTESIAN_POINT('',(5.027203941192,-27.69345227375,
    -11.98429570727));
#637 = CARTESIAN_POINT('',(5.031419896949,-27.64267813973,
    -12.01687146603));
#638 = CARTESIAN_POINT('',(5.03881626461,-27.5411202015,-12.08215418582)
  );
#639 = CARTESIAN_POINT('',(5.04200341372,-27.49012616517,-12.11499732764
    ));
#640 = CARTESIAN_POINT('',(5.044663228121,-27.43912938648,
    -12.14790684301));
#641 = CARTESIAN_POINT('',(5.046794343295,-27.38813349134,
    -12.18088152214));
#642 = CARTESIAN_POINT('',(5.04839526724,-27.33714213893,-12.21392012472
    ));
#643 = CARTESIAN_POINT('',(5.049464413356,-27.28615901782,
    -12.24702136927));
#644 = CARTESIAN_POINT('',(5.05000002618,-27.23518785456,-12.28018395492
    ));
#645 = CARTESIAN_POINT('',(5.05,-27.1842324348,-12.31340661542));
#646 = ORIENTED_EDGE('',*,*,#647,.T.);
#647 = EDGE_CURVE('',#557,#648,#650,.T.);
#648 = VERTEX_POINT('',#649);
#649 = CARTESIAN_POINT('',(5.05,-15.5,-8.060693798909));
#650 = LINE('',#651,#652);
#651 = CARTESIAN_POINT('',(5.05,-106.,-41.));
#652 = VECTOR('',#653,1.);
#653 = DIRECTION('',(0.,0.939692620786,0.342020143326));
#654 = ORIENTED_EDGE('',*,*,#655,.F.);
#655 = EDGE_CURVE('',#648,#648,#656,.T.);
#656 = ELLIPSE('',#657,5.374097751003,5.05);
#657 = AXIS2_PLACEMENT_3D('',#658,#659,#660);
#658 = CARTESIAN_POINT('',(0.,-15.5,-8.060693798909));
#659 = DIRECTION('',(0.,1.,0.));
#660 = DIRECTION('',(0.,0.,-1.));
#661 = ORIENTED_EDGE('',*,*,#647,.F.);
#662 = ORIENTED_EDGE('',*,*,#663,.T.);
#663 = EDGE_CURVE('',#557,#555,#664,.T.);
#664 = B_SPLINE_CURVE_WITH_KNOTS('',8,(#665,#666,#667,#668,#669,#670,
    #671,#672,#673,#674,#675,#676,#677,#678,#679,#680,#681,#682,#683,
    #684,#685,#686,#687,#688,#689,#690,#691,#692,#693,#694,#695,#696,
    #697,#698,#699,#700,#701),.UNSPECIFIED.,.F.,.F.,(9,7,7,7,7,9),(0.,
    0.387767757399,0.497477780583,0.649788641036,0.760009705481,1.),
  .UNSPECIFIED.);
#665 = CARTESIAN_POINT('',(5.050000000002,-27.1842324348,-12.31340661542
    ));
#666 = CARTESIAN_POINT('',(5.050000000002,-26.73353642279,
    -12.60725791042));
#667 = CARTESIAN_POINT('',(5.008101043364,-26.28502057846,
    -12.90518855495));
#668 = CARTESIAN_POINT('',(4.923255157107,-25.83983293669,
    -13.20720245995));
#669 = CARTESIAN_POINT('',(4.792651176349,-25.40079195758,-13.5123246142
    ));
#670 = CARTESIAN_POINT('',(4.612801203407,-24.97216462825,
    -13.81855939344));
#671 = CARTESIAN_POINT('',(4.379511960847,-24.55969565425,
    -14.12268915093));
#672 = CARTESIAN_POINT('',(4.088591577512,-24.17025455175,
    -14.41980379154));
#673 = CARTESIAN_POINT('',(3.635496685668,-23.71043619394,
    -14.78243364667));
#674 = CARTESIAN_POINT('',(3.530694837578,-23.61162012877,
    -14.86116524633));
#675 = CARTESIAN_POINT('',(3.420969810105,-23.51560920416,
    -14.93845760944));
#676 = CARTESIAN_POINT('',(3.306300914603,-23.42263254822,
    -15.01408958014));
#677 = CARTESIAN_POINT('',(3.186695629509,-23.33292813238,
    -15.08781880458));
#678 = CARTESIAN_POINT('',(3.062195782443,-23.24673859954,
    -15.15938395746));
#679 = CARTESIAN_POINT('',(2.93288454334,-23.16430689555,-15.22850840161
    ));
#680 = CARTESIAN_POINT('',(2.612874943048,-22.97697981635,
    -15.38708433104));
#681 = CARTESIAN_POINT('',(2.417789924253,-22.87576263791,
    -15.47402995604));
#682 = CARTESIAN_POINT('',(2.214050056393,-22.78290535619,
    -15.55493745028));
#683 = CARTESIAN_POINT('',(2.002210621653,-22.69902542052,
    -15.62900385499));
#684 = CARTESIAN_POINT('',(1.782980144898,-22.62466919966,
    -15.69544831662));
#685 = CARTESIAN_POINT('',(1.557231600079,-22.56030557715,
    -15.75354308191));
#686 = CARTESIAN_POINT('',(1.326015978405,-22.50631648431,
    -15.80265512918));
#687 = CARTESIAN_POINT('',(0.920201657707,-22.43162671401,
    -15.87098665581));
#688 = CARTESIAN_POINT('',(0.747579697658,-22.40584354672,
    -15.89472220796));
#689 = CARTESIAN_POINT('',(0.573170264979,-22.38574177045,
    -15.91331934839));
#690 = CARTESIAN_POINT('',(0.397442826951,-22.37139631792,
    -15.92663870045));
#691 = CARTESIAN_POINT('',(0.220877517283,-22.36285339035,
    -15.93458617718));
#692 = CARTESIAN_POINT('',(4.396451322482E-02,-22.36013323321,
    -15.93711421464));
#693 = CARTESIAN_POINT('',(-0.132796336224,-22.36323245032,
    -15.93422531626));
#694 = CARTESIAN_POINT('',(-0.692326165242,-22.39148995097,
    -15.90802037993));
#695 = CARTESIAN_POINT('',(-1.073192232378,-22.43834888308,
    -15.86463058376));
#696 = CARTESIAN_POINT('',(-1.445530860291,-22.51250869158,
    -15.79629832797));
#697 = CARTESIAN_POINT('',(-1.804564887175,-22.61287853276,
    -15.70488703618));
#698 = CARTESIAN_POINT('',(-2.146405500048,-22.73801544374,
    -15.59302208991));
#699 = CARTESIAN_POINT('',(-2.468094907943,-22.88590808938,
    -15.46377901643));
#700 = CARTESIAN_POINT('',(-2.767537547456,-23.05401673167,
    -15.32038409479));
#701 = CARTESIAN_POINT('',(-3.043441391026,-23.23931304935,
    -15.16608628784));
#702 = FACE_BOUND('',#703,.F.);
#703 = EDGE_LOOP('',(#704));
#704 = ORIENTED_EDGE('',*,*,#99,.F.);
#705 = FACE_BOUND('',#706,.F.);
#706 = EDGE_LOOP('',(#707));
#707 = ORIENTED_EDGE('',*,*,#708,.F.);
#708 = EDGE_CURVE('',#709,#709,#711,.T.);
#709 = VERTEX_POINT('',#710);
#710 = CARTESIAN_POINT('',(1.6,-27.,-7.149117699123));
#711 = B_SPLINE_CURVE_WITH_KNOTS('',7,(#712,#713,#714,#715,#716,#717,
    #718,#719,#720,#721,#722,#723,#724,#725,#726,#727,#728,#729,#730,
    #731,#732,#733,#734,#735,#736,#737,#738,#739,#740,#741,#742,#743,
    #744,#745,#746,#747,#748,#749,#750,#751,#752,#753,#754,#755,#756,
    #757,#758,#759,#760,#761,#762,#763,#764,#765,#766,#767,#768,#769,
    #770,#771,#772,#773,#774,#775,#776,#777,#778,#779,#780,#781,#782,
    #783,#784,#785,#786,#787,#788,#789,#790,#791,#792,#793,#794,#795,
    #796,#797,#798,#799,#800,#801,#802,#803,#804,#805,#806,#807,#808,
    #809,#810,#811,#812,#813,#814,#815),.UNSPECIFIED.,.T.,.F.,(8,6,6,6,6
    ,6,6,6,6,6,6,6,6,6,6,6,6,8),(0.,5.79443403965E-02,0.166094344339,
    0.199787098019,0.23715422778,0.287348324385,0.324453551751,
    0.356843553585,0.468346381949,0.559897211071,0.60242925611,
    0.657462056658,0.719878857855,0.761516848524,0.820428711701,
    0.861074740164,0.911832444008,1.),.UNSPECIFIED.);
#712 = CARTESIAN_POINT('',(1.6,-27.,-7.149117699123));
#713 = CARTESIAN_POINT('',(1.6,-26.93197728457,-7.124359455455));
#714 = CARTESIAN_POINT('',(1.596401435414,-26.86446537409,
    -7.098507805576));
#715 = CARTESIAN_POINT('',(1.589300504315,-26.79756666377,
    -7.071634637951));
#716 = CARTESIAN_POINT('',(1.578772882977,-26.7313794133,-7.043822244588
    ));
#717 = CARTESIAN_POINT('',(1.564874437135,-26.66599950521,
    -7.015162710979));
#718 = CARTESIAN_POINT('',(1.547641933249,-26.60152220303,
    -6.985757306047));
#719 = CARTESIAN_POINT('',(1.488741667236,-26.4195650793,-6.89964514664)
  );
#720 = CARTESIAN_POINT('',(1.438960356653,-26.3049439573,-6.841537492153
    ));
#721 = CARTESIAN_POINT('',(1.377834830033,-26.19427497929,
    -6.781899418344));
#722 = CARTESIAN_POINT('',(1.304972183463,-26.08793243386,
    -6.721361427744));
#723 = CARTESIAN_POINT('',(1.219686399177,-25.98675516429,
    -6.660834700919));
#724 = CARTESIAN_POINT('',(1.121154297756,-25.89219265487,
    -6.601735340224));
#725 = CARTESIAN_POINT('',(0.973604351997,-25.77985415357,
    -6.528840555242));
#726 = CARTESIAN_POINT('',(0.937164689514,-25.7540073197,-6.511849520859
    ));
#727 = CARTESIAN_POINT('',(0.899308213893,-25.72907173723,
    -6.495247724209));
#728 = CARTESIAN_POINT('',(0.860012454717,-25.70513069796,
    -6.479108174277));
#729 = CARTESIAN_POINT('',(0.819258570057,-25.68227732426,
    -6.463511705673));
#730 = CARTESIAN_POINT('',(0.777031878702,-25.66061476093,
    -6.448546935652));
#731 = CARTESIAN_POINT('',(0.684846151407,-25.6176777808,-6.418520916265
    ));
#732 = CARTESIAN_POINT('',(0.634470025258,-25.59666798053,
    -6.403602357951));
#733 = CARTESIAN_POINT('',(0.582290664614,-25.57744697935,
    -6.389730343273));
#734 = CARTESIAN_POINT('',(0.528417042164,-25.56021912465,
    -6.377073842988));
#735 = CARTESIAN_POINT('',(0.472969904487,-25.54517467351,
    -6.365792913348));
#736 = CARTESIAN_POINT('',(0.416081223917,-25.53249136804,
    -6.356036607932));
#737 = CARTESIAN_POINT('',(0.279732102983,-25.50869463699,
    -6.337066164091));
#738 = CARTESIAN_POINT('',(0.19929899243,-25.49962716569,-6.32919779134)
  );
#739 = CARTESIAN_POINT('',(0.117514200632,-25.49562156186,
    -6.324734254009));
#740 = CARTESIAN_POINT('',(3.53258508351E-02,-25.49690921612,
    -6.323883745317));
#741 = CARTESIAN_POINT('',(-4.630973533816E-02,-25.50347731532,
    -6.326649358363));
#742 = CARTESIAN_POINT('',(-0.126448701828,-25.51506821078,
    -6.332829884518));
#743 = CARTESIAN_POINT('',(-0.261643327633,-25.54306567184,
    -6.348841865665));
#744 = CARTESIAN_POINT('',(-0.317757321482,-25.55742146352,
    -6.357297086061));
#745 = CARTESIAN_POINT('',(-0.372387764643,-25.57406714631,
    -6.367268500891));
#746 = CARTESIAN_POINT('',(-0.42540994582,-25.59282617686,
    -6.378610653361));
#747 = CARTESIAN_POINT('',(-0.476710284057,-25.6135099805,
    -6.391168050768));
#748 = CARTESIAN_POINT('',(-0.526187010428,-25.63591645038,
    -6.404777204332));
#749 = CARTESIAN_POINT('',(-0.615270413187,-25.68070177518,
    -6.431918600108));
#750 = CARTESIAN_POINT('',(-0.655387088698,-25.70274976806,
    -6.445257515689));
#751 = CARTESIAN_POINT('',(-0.694111308293,-25.72587211302,
    -6.459199288282));
#752 = CARTESIAN_POINT('',(-0.731457362458,-25.74997716806,
    -6.473664523311));
#753 = CARTESIAN_POINT('',(-0.767442969401,-25.77498181672,
    -6.488580565905));
#754 = CARTESIAN_POINT('',(-0.802088844309,-25.8008113234,
    -6.503881507696));
#755 = CARTESIAN_POINT('',(-0.950155065973,-25.9189281176,
    -6.573303179018));
#756 = CARTESIAN_POINT('',(-1.049674004374,-26.01975017295,
    -6.631138192959));
#757 = CARTESIAN_POINT('',(-1.13479711981,-26.12731533536,-6.6906753132)
  );
#758 = CARTESIAN_POINT('',(-1.206449530911,-26.24002588549,
    -6.750358106104));
#759 = CARTESIAN_POINT('',(-1.265391457187,-26.35696113377,
    -6.809207541294));
#760 = CARTESIAN_POINT('',(-1.312042113029,-26.47770649434,
    -6.866565124511));
#761 = CARTESIAN_POINT('',(-1.374376007634,-26.70429371908,
    -6.967384102554));
#762 = CARTESIAN_POINT('',(-1.394042849605,-26.80870426116,
    -7.011392288084));
#763 = CARTESIAN_POINT('',(-1.405172311689,-26.91492348497,
    -7.053529606197));
#764 = CARTESIAN_POINT('',(-1.407568345233,-27.02252656266,
    -7.093448162342));
#765 = CARTESIAN_POINT('',(-1.40093828655,-27.13106531561,-7.1308645335)
  );
#766 = CARTESIAN_POINT('',(-1.384885823799,-27.24001959057,
    -7.165562023297));
#767 = CARTESIAN_POINT('',(-1.346823627266,-27.39924708044,
    -7.21219925672));
#768 = CARTESIAN_POINT('',(-1.33260942518,-27.4496882567,-7.226372224943
    ));
#769 = CARTESIAN_POINT('',(-1.31620904617,-27.49998199344,
    -7.239907125564));
#770 = CARTESIAN_POINT('',(-1.297576012596,-27.55004060489,
    -7.252791249459));
#771 = CARTESIAN_POINT('',(-1.276662971223,-27.59976869146,
    -7.265017016612));
#772 = CARTESIAN_POINT('',(-1.253421719935,-27.64906259236,
    -7.27658244195));
#773 = CARTESIAN_POINT('',(-1.194655122207,-27.76088457342,
    -7.301607113005));
#774 = CARTESIAN_POINT('',(-1.157518902364,-27.82305979037,
    -7.314627596789));
#775 = CARTESIAN_POINT('',(-1.116305386365,-27.88404939645,
    -7.32655064191));
#776 = CARTESIAN_POINT('',(-1.070941973805,-27.94353949312,
    -7.337395201793));
#777 = CARTESIAN_POINT('',(-1.021374728392,-28.00118789932,
    -7.347200147058));
#778 = CARTESIAN_POINT('',(-0.967570453925,-28.05662367464,
    -7.356022818664));
#779 = CARTESIAN_POINT('',(-0.843678028704,-28.16935710765,
    -7.372914303042));
#780 = CARTESIAN_POINT('',(-0.772267748189,-28.22600213834,
    -7.380737466519));
#781 = CARTESIAN_POINT('',(-0.695447746438,-28.27859001578,
    -7.387478144673));
#782 = CARTESIAN_POINT('',(-0.613487416427,-28.32635564497,
    -7.393262003751));
#783 = CARTESIAN_POINT('',(-0.526763748886,-28.36857112954,
    -7.398240542585));
#784 = CARTESIAN_POINT('',(-0.435759354789,-28.4045563467,
    -7.402562332125));
#785 = CARTESIAN_POINT('',(-0.277887264256,-28.45312414342,
    -7.408867160088));
#786 = CARTESIAN_POINT('',(-0.21312446484,-28.46949263925,-7.41114730892
    ));
#787 = CARTESIAN_POINT('',(-0.147069047078,-28.48258487606,
    -7.413216239162));
#788 = CARTESIAN_POINT('',(-8.003681440297E-02,-28.49224225429,
    -7.415100039741));
#789 = CARTESIAN_POINT('',(-1.235856255849E-02,-28.49835878917,
    -7.416816054963));
#790 = CARTESIAN_POINT('',(5.562377404374E-02,-28.50088219157,
    -7.418369588679));
#791 = CARTESIAN_POINT('',(0.219682500569,-28.49830495115,
    -7.421704555928));
#792 = CARTESIAN_POINT('',(0.315516471866,-28.48961062228,
    -7.423309601463));
#793 = CARTESIAN_POINT('',(0.410149773456,-28.47379348471,
    -7.424544649628));
#794 = CARTESIAN_POINT('',(0.502689983751,-28.45110716247,
    -7.425334473758));
#795 = CARTESIAN_POINT('',(0.592302943074,-28.42198893658,
    -7.425555753371));
#796 = CARTESIAN_POINT('',(0.678247688263,-28.38704670733,
    -7.425062203603));
#797 = CARTESIAN_POINT('',(0.816250514409,-28.3194398204,-7.42280881731)
  );
#798 = CARTESIAN_POINT('',(0.870611813423,-28.28939931681,
    -7.421488074641));
#799 = CARTESIAN_POINT('',(0.922883124539,-28.25711159317,
    -7.419722095101));
#800 = CARTESIAN_POINT('',(0.97297341288,-28.22277257179,-7.417466188712
    ));
#801 = CARTESIAN_POINT('',(1.020809830818,-28.18658126024,
    -7.414678371581));
#802 = CARTESIAN_POINT('',(1.066337412816,-28.14873865454,
    -7.411322288411));
#803 = CARTESIAN_POINT('',(1.163442527046,-28.06037979909,
    -7.402434788601));
#804 = CARTESIAN_POINT('',(1.213715685318,-28.00904545549,
    -7.396569288859));
#805 = CARTESIAN_POINT('',(1.260336357714,-27.95576865287,
    -7.389711364512));
#806 = CARTESIAN_POINT('',(1.303322460379,-27.90085449953,
    -7.381812103211));
#807 = CARTESIAN_POINT('',(1.34271012021,-27.84458815714,-7.372837513348
    ));
#808 = CARTESIAN_POINT('',(1.378552082098,-27.7872348269,-7.362770085844
    ));
#809 = CARTESIAN_POINT('',(1.467133351578,-27.62795322941,
    -7.332225591937));
#810 = CARTESIAN_POINT('',(1.512822769069,-27.52438793429,
    -7.309556406507));
#811 = CARTESIAN_POINT('',(1.548494525042,-27.41938908421,
    -7.283561825156));
#812 = CARTESIAN_POINT('',(1.574627554437,-27.31379889044,
    -7.254311834291));
#813 = CARTESIAN_POINT('',(1.5916627064,-27.208313793,-7.221973970887));
#814 = CARTESIAN_POINT('',(1.6,-27.1035332407,-7.186800716997));
#815 = CARTESIAN_POINT('',(1.6,-27.,-7.149117699123));
#816 = CYLINDRICAL_SURFACE('',#817,5.05);
#817 = AXIS2_PLACEMENT_3D('',#818,#819,#820);
#818 = CARTESIAN_POINT('',(0.,-106.,-41.));
#819 = DIRECTION('',(-0.,-0.939692620786,-0.342020143326));
#820 = DIRECTION('',(1.,0.,0.));
#821 = ADVANCED_FACE('',(#822),#855,.T.);
#822 = FACE_BOUND('',#823,.T.);
#823 = EDGE_LOOP('',(#824,#832,#848,#854));
#824 = ORIENTED_EDGE('',*,*,#825,.F.);
#825 = EDGE_CURVE('',#826,#219,#828,.T.);
#826 = VERTEX_POINT('',#827);
#827 = CARTESIAN_POINT('',(17.419390570546,-12.68993213556,
    -11.09467812773));
#828 = LINE('',#829,#830);
#829 = CARTESIAN_POINT('',(17.419390570546,-12.68993213556,-37.202));
#830 = VECTOR('',#831,1.);
#831 = DIRECTION('',(0.,0.,1.));
#832 = ORIENTED_EDGE('',*,*,#833,.T.);
#833 = EDGE_CURVE('',#826,#834,#836,.T.);
#834 = VERTEX_POINT('',#835);
#835 = CARTESIAN_POINT('',(10.930510719881,-15.5,-13.13591534985));
#836 = B_SPLINE_CURVE_WITH_KNOTS('',3,(#837,#838,#839,#840,#841,#842,
    #843,#844,#845,#846,#847),.UNSPECIFIED.,.F.,.F.,(4,1,1,1,1,1,1,1,4),
  (3.1165611733E-07,1.616604261246E-03,3.232896866375E-03,
    4.849189471503E-03,6.465482076632E-03,8.081774681761E-03,
    9.698067286889E-03,1.131435989202E-02,1.293065249715E-02),
  .UNSPECIFIED.);
#837 = CARTESIAN_POINT('',(17.419390570546,-12.68993213556,
    -11.09467812773));
#838 = CARTESIAN_POINT('',(17.073641517028,-12.43721767951,
    -11.43282317249));
#839 = CARTESIAN_POINT('',(16.317215082822,-12.04596454208,
    -12.09802820365));
#840 = CARTESIAN_POINT('',(14.989558258872,-11.82282487277,
    -13.04203997114));
#841 = CARTESIAN_POINT('',(13.540595090261,-12.06342378336,
    -13.80651089595));
#842 = CARTESIAN_POINT('',(12.119342419441,-12.92414380104,
    -14.14363416873));
#843 = CARTESIAN_POINT('',(11.16886820975,-14.28234485461,
    -13.80967801523));
#844 = CARTESIAN_POINT('',(10.832660822429,-15.71758761851,
    -13.04368015013));
#845 = CARTESIAN_POINT('',(10.966284550068,-17.04929562884,
    -12.1061744684));
#846 = CARTESIAN_POINT('',(11.310918973808,-17.83961580053,
    -11.43291359977));
#847 = CARTESIAN_POINT('',(11.54088631473,-18.20102987539,
    -11.09467812773));
#848 = ORIENTED_EDGE('',*,*,#849,.T.);
#849 = EDGE_CURVE('',#834,#221,#850,.T.);
#850 = LINE('',#851,#852);
#851 = CARTESIAN_POINT('',(10.930602010125,-15.5,-37.202));
#852 = VECTOR('',#853,1.);
#853 = DIRECTION('',(0.,0.,1.));
#854 = ORIENTED_EDGE('',*,*,#218,.F.);
#855 = CYLINDRICAL_SURFACE('',#856,4.1);
#856 = AXIS2_PLACEMENT_3D('',#857,#858,#859);
#857 = CARTESIAN_POINT('',(15.,-16.,-37.202));
#858 = DIRECTION('',(0.,0.,1.));
#859 = DIRECTION('',(1.,0.,0.));
#860 = ADVANCED_FACE('',(#861),#882,.F.);
#861 = FACE_BOUND('',#862,.F.);
#862 = EDGE_LOOP('',(#863,#871,#872,#873));
#863 = ORIENTED_EDGE('',*,*,#864,.T.);
#864 = EDGE_CURVE('',#865,#471,#867,.T.);
#865 = VERTEX_POINT('',#866);
#866 = CARTESIAN_POINT('',(21.07142926748,-11.90104485436,
    -9.003521874547));
#867 = LINE('',#868,#869);
#868 = CARTESIAN_POINT('',(21.07142926748,-11.90104485436,-37.202));
#869 = VECTOR('',#870,1.);
#870 = DIRECTION('',(0.,0.,1.));
#871 = ORIENTED_EDGE('',*,*,#479,.F.);
#872 = ORIENTED_EDGE('',*,*,#825,.F.);
#873 = ORIENTED_EDGE('',*,*,#874,.T.);
#874 = EDGE_CURVE('',#826,#865,#875,.T.);
#875 = B_SPLINE_CURVE_WITH_KNOTS('',3,(#876,#877,#878,#879,#880,#881),
  .UNSPECIFIED.,.F.,.F.,(4,1,1,4),(3.116773432E-07,2.38659292824E-03,
    3.579733553689E-03,4.772874179138E-03),.UNSPECIFIED.);
#876 = CARTESIAN_POINT('',(17.419390570546,-12.68993213556,
    -11.09467812773));
#877 = CARTESIAN_POINT('',(17.929822868245,-13.06301665785,
    -10.59547169348));
#878 = CARTESIAN_POINT('',(18.901149247601,-13.34235226737,
    -9.850804644419));
#879 = CARTESIAN_POINT('',(20.307428211693,-12.84178986429,
    -9.146316186365));
#880 = CARTESIAN_POINT('',(20.87207954424,-12.2540040814,-9.003521874547
    ));
#881 = CARTESIAN_POINT('',(21.07142926748,-11.90104485436,
    -9.003521874547));
#882 = CYLINDRICAL_SURFACE('',#883,2.5);
#883 = AXIS2_PLACEMENT_3D('',#884,#885,#886);
#884 = CARTESIAN_POINT('',(18.894628723319,-10.67159807188,-37.202));
#885 = DIRECTION('',(0.,0.,1.));
#886 = DIRECTION('',(1.,0.,0.));
#887 = ADVANCED_FACE('',(#888,#907),#910,.T.);
#888 = FACE_BOUND('',#889,.T.);
#889 = EDGE_LOOP('',(#890,#891,#892,#901));
#890 = ORIENTED_EDGE('',*,*,#229,.F.);
#891 = ORIENTED_EDGE('',*,*,#849,.F.);
#892 = ORIENTED_EDGE('',*,*,#893,.F.);
#893 = EDGE_CURVE('',#894,#834,#896,.T.);
#894 = VERTEX_POINT('',#895);
#895 = CARTESIAN_POINT('',(-10.93051071988,-15.5,-13.13591534985));
#896 = HYPERBOLA('',#897,12.238475151765,15.5);
#897 = AXIS2_PLACEMENT_3D('',#898,#899,#900);
#898 = CARTESIAN_POINT('',(0.,-15.5,-28.11133469214));
#899 = DIRECTION('',(0.,1.,0.));
#900 = DIRECTION('',(0.,0.,1.));
#901 = ORIENTED_EDGE('',*,*,#902,.T.);
#902 = EDGE_CURVE('',#894,#230,#903,.T.);
#903 = LINE('',#904,#905);
#904 = CARTESIAN_POINT('',(-10.93060201012,-15.5,-37.202));
#905 = VECTOR('',#906,1.);
#906 = DIRECTION('',(0.,0.,1.));
#907 = FACE_BOUND('',#908,.T.);
#908 = EDGE_LOOP('',(#909));
#909 = ORIENTED_EDGE('',*,*,#655,.F.);
#910 = PLANE('',#911);
#911 = AXIS2_PLACEMENT_3D('',#912,#913,#914);
#912 = CARTESIAN_POINT('',(13.,-15.5,0.));
#913 = DIRECTION('',(0.,1.,0.));
#914 = DIRECTION('',(-1.,0.,0.));
#915 = ADVANCED_FACE('',(#916),#944,.F.);
#916 = FACE_BOUND('',#917,.F.);
#917 = EDGE_LOOP('',(#918,#919,#920,#929,#938));
#918 = ORIENTED_EDGE('',*,*,#470,.F.);
#919 = ORIENTED_EDGE('',*,*,#864,.F.);
#920 = ORIENTED_EDGE('',*,*,#921,.T.);
#921 = EDGE_CURVE('',#865,#922,#924,.T.);
#922 = VERTEX_POINT('',#923);
#923 = CARTESIAN_POINT('',(24.2,-6.E-15,-9.003521874547));
#924 = CIRCLE('',#925,24.2);
#925 = AXIS2_PLACEMENT_3D('',#926,#927,#928);
#926 = CARTESIAN_POINT('',(0.,0.,-9.003521874547));
#927 = DIRECTION('',(0.,0.,1.));
#928 = DIRECTION('',(1.,0.,0.));
#929 = ORIENTED_EDGE('',*,*,#930,.T.);
#930 = EDGE_CURVE('',#922,#931,#933,.T.);
#931 = VERTEX_POINT('',#932);
#932 = CARTESIAN_POINT('',(21.07142926748,11.901044854364,
    -9.003521874547));
#933 = CIRCLE('',#934,24.2);
#934 = AXIS2_PLACEMENT_3D('',#935,#936,#937);
#935 = CARTESIAN_POINT('',(0.,0.,-9.003521874547));
#936 = DIRECTION('',(0.,0.,1.));
#937 = DIRECTION('',(1.,0.,0.));
#938 = ORIENTED_EDGE('',*,*,#939,.T.);
#939 = EDGE_CURVE('',#931,#462,#940,.T.);
#940 = LINE('',#941,#942);
#941 = CARTESIAN_POINT('',(21.07142926748,11.901044854364,-37.202));
#942 = VECTOR('',#943,1.);
#943 = DIRECTION('',(0.,0.,1.));
#944 = CYLINDRICAL_SURFACE('',#945,24.2);
#945 = AXIS2_PLACEMENT_3D('',#946,#947,#948);
#946 = CARTESIAN_POINT('',(0.,0.,1.712172582746));
#947 = DIRECTION('',(0.,0.,1.));
#948 = DIRECTION('',(1.,0.,0.));
#949 = ADVANCED_FACE('',(#950),#976,.T.);
#950 = FACE_BOUND('',#951,.T.);
#951 = EDGE_LOOP('',(#952,#968,#974,#975));
#952 = ORIENTED_EDGE('',*,*,#953,.F.);
#953 = EDGE_CURVE('',#954,#894,#956,.T.);
#954 = VERTEX_POINT('',#955);
#955 = CARTESIAN_POINT('',(-17.41939057054,-12.68993213556,
    -11.09467812773));
#956 = B_SPLINE_CURVE_WITH_KNOTS('',3,(#957,#958,#959,#960,#961,#962,
    #963,#964,#965,#966,#967),.UNSPECIFIED.,.F.,.F.,(4,1,1,1,1,1,1,1,4),
  (3.1165611733E-07,1.616604261246E-03,3.232896866375E-03,
    4.849189471503E-03,6.465482076632E-03,8.081774681761E-03,
    9.698067286889E-03,1.131435989202E-02,1.293065249715E-02),
  .UNSPECIFIED.);
#957 = CARTESIAN_POINT('',(-17.41939057054,-12.68993213556,
    -11.09467812773));
#958 = CARTESIAN_POINT('',(-17.07364151702,-12.43721767951,
    -11.43282317249));
#959 = CARTESIAN_POINT('',(-16.31721508282,-12.04596454208,
    -12.09802820365));
#960 = CARTESIAN_POINT('',(-14.98955825887,-11.82282487277,
    -13.04203997114));
#961 = CARTESIAN_POINT('',(-13.54059509026,-12.06342378336,
    -13.80651089595));
#962 = CARTESIAN_POINT('',(-12.11934241944,-12.92414380104,
    -14.14363416873));
#963 = CARTESIAN_POINT('',(-11.16886820975,-14.28234485461,
    -13.80967801523));
#964 = CARTESIAN_POINT('',(-10.83266082242,-15.71758761851,
    -13.04368015013));
#965 = CARTESIAN_POINT('',(-10.96628455006,-17.04929562884,
    -12.1061744684));
#966 = CARTESIAN_POINT('',(-11.3109189738,-17.83961580053,
    -11.43291359977));
#967 = CARTESIAN_POINT('',(-11.54088631473,-18.20102987539,
    -11.09467812773));
#968 = ORIENTED_EDGE('',*,*,#969,.T.);
#969 = EDGE_CURVE('',#954,#238,#970,.T.);
#970 = LINE('',#971,#972);
#971 = CARTESIAN_POINT('',(-17.41939057054,-12.68993213556,-37.202));
#972 = VECTOR('',#973,1.);
#973 = DIRECTION('',(0.,0.,1.));
#974 = ORIENTED_EDGE('',*,*,#237,.T.);
#975 = ORIENTED_EDGE('',*,*,#902,.F.);
#976 = CYLINDRICAL_SURFACE('',#977,4.1);
#977 = AXIS2_PLACEMENT_3D('',#978,#979,#980);
#978 = CARTESIAN_POINT('',(-15.,-16.,-37.202));
#979 = DIRECTION('',(0.,0.,1.));
#980 = DIRECTION('',(1.,0.,0.));
#981 = ADVANCED_FACE('',(#982),#1003,.F.);
#982 = FACE_BOUND('',#983,.F.);
#983 = EDGE_LOOP('',(#984,#985,#986,#997));
#984 = ORIENTED_EDGE('',*,*,#461,.T.);
#985 = ORIENTED_EDGE('',*,*,#939,.F.);
#986 = ORIENTED_EDGE('',*,*,#987,.F.);
#987 = EDGE_CURVE('',#988,#931,#990,.T.);
#988 = VERTEX_POINT('',#989);
#989 = CARTESIAN_POINT('',(17.419390570546,12.689932135567,
    -11.09467812773));
#990 = B_SPLINE_CURVE_WITH_KNOTS('',3,(#991,#992,#993,#994,#995,#996),
  .UNSPECIFIED.,.F.,.F.,(4,1,1,4),(3.116773432E-07,2.38659292824E-03,
    3.579733553689E-03,4.772874179138E-03),.UNSPECIFIED.);
#991 = CARTESIAN_POINT('',(17.419390570546,12.689932135567,
    -11.09467812773));
#992 = CARTESIAN_POINT('',(17.929822868245,13.063016657859,
    -10.59547169348));
#993 = CARTESIAN_POINT('',(18.901149247601,13.342352267371,
    -9.850804644419));
#994 = CARTESIAN_POINT('',(20.307428211693,12.841789864296,
    -9.146316186365));
#995 = CARTESIAN_POINT('',(20.87207954424,12.254004081403,
    -9.003521874547));
#996 = CARTESIAN_POINT('',(21.07142926748,11.901044854364,
    -9.003521874547));
#997 = ORIENTED_EDGE('',*,*,#998,.T.);
#998 = EDGE_CURVE('',#988,#453,#999,.T.);
#999 = LINE('',#1000,#1001);
#1000 = CARTESIAN_POINT('',(17.419390570546,12.689932135567,-37.202));
#1001 = VECTOR('',#1002,1.);
#1002 = DIRECTION('',(0.,0.,1.));
#1003 = CYLINDRICAL_SURFACE('',#1004,2.5);
#1004 = AXIS2_PLACEMENT_3D('',#1005,#1006,#1007);
#1005 = CARTESIAN_POINT('',(18.894628723319,10.671598071889,-37.202));
#1006 = DIRECTION('',(0.,0.,1.));
#1007 = DIRECTION('',(1.,0.,0.));
#1008 = ADVANCED_FACE('',(#1009),#1030,.F.);
#1009 = FACE_BOUND('',#1010,.F.);
#1010 = EDGE_LOOP('',(#1011,#1012,#1020,#1029));
#1011 = ORIENTED_EDGE('',*,*,#246,.T.);
#1012 = ORIENTED_EDGE('',*,*,#1013,.F.);
#1013 = EDGE_CURVE('',#1014,#247,#1016,.T.);
#1014 = VERTEX_POINT('',#1015);
#1015 = CARTESIAN_POINT('',(-21.07142926748,-11.90104485436,
    -9.003521874547));
#1016 = LINE('',#1017,#1018);
#1017 = CARTESIAN_POINT('',(-21.07142926748,-11.90104485436,-37.202));
#1018 = VECTOR('',#1019,1.);
#1019 = DIRECTION('',(0.,0.,1.));
#1020 = ORIENTED_EDGE('',*,*,#1021,.F.);
#1021 = EDGE_CURVE('',#954,#1014,#1022,.T.);
#1022 = B_SPLINE_CURVE_WITH_KNOTS('',3,(#1023,#1024,#1025,#1026,#1027,
    #1028),.UNSPECIFIED.,.F.,.F.,(4,1,1,4),(3.116773432E-07,
    2.38659292824E-03,3.579733553689E-03,4.772874179138E-03),
  .UNSPECIFIED.);
#1023 = CARTESIAN_POINT('',(-17.41939057054,-12.68993213556,
    -11.09467812773));
#1024 = CARTESIAN_POINT('',(-17.92982286824,-13.06301665785,
    -10.59547169348));
#1025 = CARTESIAN_POINT('',(-18.9011492476,-13.34235226737,
    -9.850804644419));
#1026 = CARTESIAN_POINT('',(-20.30742821169,-12.84178986429,
    -9.146316186365));
#1027 = CARTESIAN_POINT('',(-20.87207954424,-12.2540040814,
    -9.003521874547));
#1028 = CARTESIAN_POINT('',(-21.07142926748,-11.90104485436,
    -9.003521874547));
#1029 = ORIENTED_EDGE('',*,*,#969,.T.);
#1030 = CYLINDRICAL_SURFACE('',#1031,2.5);
#1031 = AXIS2_PLACEMENT_3D('',#1032,#1033,#1034);
#1032 = CARTESIAN_POINT('',(-18.89462872331,-10.67159807188,-37.202));
#1033 = DIRECTION('',(0.,0.,1.));
#1034 = DIRECTION('',(1.,0.,0.));
#1035 = ADVANCED_FACE('',(#1036),#1062,.T.);
#1036 = FACE_BOUND('',#1037,.T.);
#1037 = EDGE_LOOP('',(#1038,#1054,#1055,#1056));
#1038 = ORIENTED_EDGE('',*,*,#1039,.F.);
#1039 = EDGE_CURVE('',#988,#1040,#1042,.T.);
#1040 = VERTEX_POINT('',#1041);
#1041 = CARTESIAN_POINT('',(11.54088631473,18.201029875395,
    -11.09467812773));
#1042 = B_SPLINE_CURVE_WITH_KNOTS('',3,(#1043,#1044,#1045,#1046,#1047,
    #1048,#1049,#1050,#1051,#1052,#1053),.UNSPECIFIED.,.F.,.F.,(4,1,1,1,
    1,1,1,1,4),(3.1165611733E-07,1.616604261246E-03,3.232896866375E-03,
    4.849189471503E-03,6.465482076632E-03,8.081774681761E-03,
    9.698067286889E-03,1.131435989202E-02,1.293065249715E-02),
  .UNSPECIFIED.);
#1043 = CARTESIAN_POINT('',(17.419390570546,12.689932135567,
    -11.09467812773));
#1044 = CARTESIAN_POINT('',(17.073641517028,12.437217679515,
    -11.43282317249));
#1045 = CARTESIAN_POINT('',(16.317215082822,12.045964542089,
    -12.09802820365));
#1046 = CARTESIAN_POINT('',(14.989558258872,11.822824872774,
    -13.04203997114));
#1047 = CARTESIAN_POINT('',(13.540595090261,12.063423783362,
    -13.80651089595));
#1048 = CARTESIAN_POINT('',(12.119342419441,12.924143801048,
    -14.14363416873));
#1049 = CARTESIAN_POINT('',(11.16886820975,14.282344854618,
    -13.80967801523));
#1050 = CARTESIAN_POINT('',(10.832660822429,15.71758761851,
    -13.04368015013));
#1051 = CARTESIAN_POINT('',(10.966284550068,17.049295628848,
    -12.1061744684));
#1052 = CARTESIAN_POINT('',(11.310918973808,17.839615800537,
    -11.43291359977));
#1053 = CARTESIAN_POINT('',(11.54088631473,18.201029875395,
    -11.09467812773));
#1054 = ORIENTED_EDGE('',*,*,#998,.T.);
#1055 = ORIENTED_EDGE('',*,*,#452,.T.);
#1056 = ORIENTED_EDGE('',*,*,#1057,.F.);
#1057 = EDGE_CURVE('',#1040,#444,#1058,.T.);
#1058 = LINE('',#1059,#1060);
#1059 = CARTESIAN_POINT('',(11.54088631473,18.201029875395,-37.202));
#1060 = VECTOR('',#1061,1.);
#1061 = DIRECTION('',(0.,0.,1.));
#1062 = CYLINDRICAL_SURFACE('',#1063,4.1);
#1063 = AXIS2_PLACEMENT_3D('',#1064,#1065,#1066);
#1064 = CARTESIAN_POINT('',(15.,16.,-37.202));
#1065 = DIRECTION('',(0.,0.,1.));
#1066 = DIRECTION('',(1.,0.,0.));
#1067 = ADVANCED_FACE('',(#1068),#1087,.F.);
#1068 = FACE_BOUND('',#1069,.F.);
#1069 = EDGE_LOOP('',(#1070,#1071,#1072,#1080));
#1070 = ORIENTED_EDGE('',*,*,#1013,.T.);
#1071 = ORIENTED_EDGE('',*,*,#255,.F.);
#1072 = ORIENTED_EDGE('',*,*,#1073,.F.);
#1073 = EDGE_CURVE('',#1074,#256,#1076,.T.);
#1074 = VERTEX_POINT('',#1075);
#1075 = CARTESIAN_POINT('',(-21.07142926748,11.901044854364,
    -9.003521874547));
#1076 = LINE('',#1077,#1078);
#1077 = CARTESIAN_POINT('',(-21.07142926748,11.901044854364,-37.202));
#1078 = VECTOR('',#1079,1.);
#1079 = DIRECTION('',(0.,0.,1.));
#1080 = ORIENTED_EDGE('',*,*,#1081,.T.);
#1081 = EDGE_CURVE('',#1074,#1014,#1082,.T.);
#1082 = CIRCLE('',#1083,24.2);
#1083 = AXIS2_PLACEMENT_3D('',#1084,#1085,#1086);
#1084 = CARTESIAN_POINT('',(0.,0.,-9.003521874547));
#1085 = DIRECTION('',(0.,0.,1.));
#1086 = DIRECTION('',(1.,0.,0.));
#1087 = CYLINDRICAL_SURFACE('',#1088,24.2);
#1088 = AXIS2_PLACEMENT_3D('',#1089,#1090,#1091);
#1089 = CARTESIAN_POINT('',(0.,0.,1.712172582746));
#1090 = DIRECTION('',(0.,0.,1.));
#1091 = DIRECTION('',(1.,0.,0.));
#1092 = ADVANCED_FACE('',(#1093),#1114,.F.);
#1093 = FACE_BOUND('',#1094,.F.);
#1094 = EDGE_LOOP('',(#1095,#1103,#1104,#1105));
#1095 = ORIENTED_EDGE('',*,*,#1096,.T.);
#1096 = EDGE_CURVE('',#1097,#435,#1099,.T.);
#1097 = VERTEX_POINT('',#1098);
#1098 = CARTESIAN_POINT('',(10.518268654476,21.794632929055,
    -9.003521874547));
#1099 = LINE('',#1100,#1101);
#1100 = CARTESIAN_POINT('',(10.518268654476,21.794632929055,-37.202));
#1101 = VECTOR('',#1102,1.);
#1102 = DIRECTION('',(0.,0.,1.));
#1103 = ORIENTED_EDGE('',*,*,#443,.F.);
#1104 = ORIENTED_EDGE('',*,*,#1057,.F.);
#1105 = ORIENTED_EDGE('',*,*,#1106,.T.);
#1106 = EDGE_CURVE('',#1040,#1097,#1107,.T.);
#1107 = B_SPLINE_CURVE_WITH_KNOTS('',3,(#1108,#1109,#1110,#1111,#1112,
    #1113),.UNSPECIFIED.,.F.,.F.,(4,1,1,4),(2.9824594407E-07,
    2.386579209148E-03,3.57971969075E-03,4.772860172352E-03),
  .UNSPECIFIED.);
#1108 = CARTESIAN_POINT('',(11.54088631473,18.201029875395,
    -11.09467812773));
#1109 = CARTESIAN_POINT('',(11.880298456332,18.734446162509,
    -10.59547147748));
#1110 = CARTESIAN_POINT('',(12.096452064594,19.721755538063,
    -9.8508048626));
#1111 = CARTESIAN_POINT('',(11.506297155171,21.092850178185,
    -9.146316260765));
#1112 = CARTESIAN_POINT('',(10.883342177359,21.618445451853,
    -9.003521874547));
#1113 = CARTESIAN_POINT('',(10.518268654476,21.794632929055,
    -9.003521874547));
#1114 = CYLINDRICAL_SURFACE('',#1115,2.5);
#1115 = AXIS2_PLACEMENT_3D('',#1116,#1117,#1118);
#1116 = CARTESIAN_POINT('',(9.431670652981,19.543121262831,-37.202));
#1117 = DIRECTION('',(0.,0.,1.));
#1118 = DIRECTION('',(1.,0.,0.));
#1119 = ADVANCED_FACE('',(#1120),#1141,.F.);
#1120 = FACE_BOUND('',#1121,.F.);
#1121 = EDGE_LOOP('',(#1122,#1123,#1124,#1132));
#1122 = ORIENTED_EDGE('',*,*,#1073,.T.);
#1123 = ORIENTED_EDGE('',*,*,#264,.F.);
#1124 = ORIENTED_EDGE('',*,*,#1125,.F.);
#1125 = EDGE_CURVE('',#1126,#265,#1128,.T.);
#1126 = VERTEX_POINT('',#1127);
#1127 = CARTESIAN_POINT('',(-17.41939057054,12.689932135567,
    -11.09467812773));
#1128 = LINE('',#1129,#1130);
#1129 = CARTESIAN_POINT('',(-17.41939057054,12.689932135567,-37.202));
#1130 = VECTOR('',#1131,1.);
#1131 = DIRECTION('',(0.,0.,1.));
#1132 = ORIENTED_EDGE('',*,*,#1133,.T.);
#1133 = EDGE_CURVE('',#1126,#1074,#1134,.T.);
#1134 = B_SPLINE_CURVE_WITH_KNOTS('',3,(#1135,#1136,#1137,#1138,#1139,
    #1140),.UNSPECIFIED.,.F.,.F.,(4,1,1,4),(3.116773432E-07,
    2.38659292824E-03,3.579733553689E-03,4.772874179138E-03),
  .UNSPECIFIED.);
#1135 = CARTESIAN_POINT('',(-17.41939057054,12.689932135567,
    -11.09467812773));
#1136 = CARTESIAN_POINT('',(-17.92982286824,13.063016657859,
    -10.59547169348));
#1137 = CARTESIAN_POINT('',(-18.9011492476,13.342352267371,
    -9.850804644419));
#1138 = CARTESIAN_POINT('',(-20.30742821169,12.841789864296,
    -9.146316186365));
#1139 = CARTESIAN_POINT('',(-20.87207954424,12.254004081403,
    -9.003521874547));
#1140 = CARTESIAN_POINT('',(-21.07142926748,11.901044854364,
    -9.003521874547));
#1141 = CYLINDRICAL_SURFACE('',#1142,2.5);
#1142 = AXIS2_PLACEMENT_3D('',#1143,#1144,#1145);
#1143 = CARTESIAN_POINT('',(-18.89462872331,10.671598071889,-37.202));
#1144 = DIRECTION('',(0.,0.,1.));
#1145 = DIRECTION('',(1.,0.,0.));
#1146 = ADVANCED_FACE('',(#1147),#1190,.F.);
#1147 = FACE_BOUND('',#1148,.F.);
#1148 = EDGE_LOOP('',(#1149,#1157,#1158,#1159,#1168,#1174,#1175,#1183));
#1149 = ORIENTED_EDGE('',*,*,#1150,.F.);
#1150 = EDGE_CURVE('',#427,#1151,#1153,.T.);
#1151 = VERTEX_POINT('',#1152);
#1152 = CARTESIAN_POINT('',(13.326664999166,20.2,4.4));
#1153 = LINE('',#1154,#1155);
#1154 = CARTESIAN_POINT('',(13.326664999166,20.2,4.4));
#1155 = VECTOR('',#1156,1.);
#1156 = DIRECTION('',(0.,0.,1.));
#1157 = ORIENTED_EDGE('',*,*,#434,.F.);
#1158 = ORIENTED_EDGE('',*,*,#1096,.F.);
#1159 = ORIENTED_EDGE('',*,*,#1160,.T.);
#1160 = EDGE_CURVE('',#1097,#1161,#1163,.T.);
#1161 = VERTEX_POINT('',#1162);
#1162 = CARTESIAN_POINT('',(-10.51826865447,21.794632929055,
    -9.003521874547));
#1163 = CIRCLE('',#1164,24.2);
#1164 = AXIS2_PLACEMENT_3D('',#1165,#1166,#1167);
#1165 = CARTESIAN_POINT('',(0.,0.,-9.003521874547));
#1166 = DIRECTION('',(0.,0.,1.));
#1167 = DIRECTION('',(1.,0.,0.));
#1168 = ORIENTED_EDGE('',*,*,#1169,.T.);
#1169 = EDGE_CURVE('',#1161,#283,#1170,.T.);
#1170 = LINE('',#1171,#1172);
#1171 = CARTESIAN_POINT('',(-10.51826865447,21.794632929055,-37.202));
#1172 = VECTOR('',#1173,1.);
#1173 = DIRECTION('',(0.,0.,1.));
#1174 = ORIENTED_EDGE('',*,*,#291,.T.);
#1175 = ORIENTED_EDGE('',*,*,#1176,.T.);
#1176 = EDGE_CURVE('',#292,#1177,#1179,.T.);
#1177 = VERTEX_POINT('',#1178);
#1178 = CARTESIAN_POINT('',(-13.32666499916,20.2,4.4));
#1179 = LINE('',#1180,#1181);
#1180 = CARTESIAN_POINT('',(-13.32666499916,20.2,1.712172582746));
#1181 = VECTOR('',#1182,1.);
#1182 = DIRECTION('',(0.,0.,1.));
#1183 = ORIENTED_EDGE('',*,*,#1184,.F.);
#1184 = EDGE_CURVE('',#1151,#1177,#1185,.T.);
#1185 = CIRCLE('',#1186,24.2);
#1186 = AXIS2_PLACEMENT_3D('',#1187,#1188,#1189);
#1187 = CARTESIAN_POINT('',(0.,0.,4.4));
#1188 = DIRECTION('',(0.,0.,1.));
#1189 = DIRECTION('',(1.,0.,0.));
#1190 = CYLINDRICAL_SURFACE('',#1191,24.2);
#1191 = AXIS2_PLACEMENT_3D('',#1192,#1193,#1194);
#1192 = CARTESIAN_POINT('',(0.,0.,1.712172582746));
#1193 = DIRECTION('',(0.,0.,1.));
#1194 = DIRECTION('',(1.,0.,0.));
#1195 = ADVANCED_FACE('',(#1196),#1222,.T.);
#1196 = FACE_BOUND('',#1197,.T.);
#1197 = EDGE_LOOP('',(#1198,#1199,#1215,#1221));
#1198 = ORIENTED_EDGE('',*,*,#1125,.F.);
#1199 = ORIENTED_EDGE('',*,*,#1200,.T.);
#1200 = EDGE_CURVE('',#1126,#1201,#1203,.T.);
#1201 = VERTEX_POINT('',#1202);
#1202 = CARTESIAN_POINT('',(-11.54088631473,18.201029875395,
    -11.09467812773));
#1203 = B_SPLINE_CURVE_WITH_KNOTS('',3,(#1204,#1205,#1206,#1207,#1208,
    #1209,#1210,#1211,#1212,#1213,#1214),.UNSPECIFIED.,.F.,.F.,(4,1,1,1,
    1,1,1,1,4),(3.1165611733E-07,1.616604261246E-03,3.232896866375E-03,
    4.849189471503E-03,6.465482076632E-03,8.081774681761E-03,
    9.698067286889E-03,1.131435989202E-02,1.293065249715E-02),
  .UNSPECIFIED.);
#1204 = CARTESIAN_POINT('',(-17.41939057054,12.689932135567,
    -11.09467812773));
#1205 = CARTESIAN_POINT('',(-17.07364151702,12.437217679515,
    -11.43282317249));
#1206 = CARTESIAN_POINT('',(-16.31721508282,12.045964542089,
    -12.09802820365));
#1207 = CARTESIAN_POINT('',(-14.98955825887,11.822824872774,
    -13.04203997114));
#1208 = CARTESIAN_POINT('',(-13.54059509026,12.063423783362,
    -13.80651089595));
#1209 = CARTESIAN_POINT('',(-12.11934241944,12.924143801048,
    -14.14363416873));
#1210 = CARTESIAN_POINT('',(-11.16886820975,14.282344854618,
    -13.80967801523));
#1211 = CARTESIAN_POINT('',(-10.83266082242,15.71758761851,
    -13.04368015013));
#1212 = CARTESIAN_POINT('',(-10.96628455006,17.049295628848,
    -12.1061744684));
#1213 = CARTESIAN_POINT('',(-11.3109189738,17.839615800537,
    -11.43291359977));
#1214 = CARTESIAN_POINT('',(-11.54088631473,18.201029875395,
    -11.09467812773));
#1215 = ORIENTED_EDGE('',*,*,#1216,.T.);
#1216 = EDGE_CURVE('',#1201,#274,#1217,.T.);
#1217 = LINE('',#1218,#1219);
#1218 = CARTESIAN_POINT('',(-11.54088631473,18.201029875395,-37.202));
#1219 = VECTOR('',#1220,1.);
#1220 = DIRECTION('',(0.,0.,1.));
#1221 = ORIENTED_EDGE('',*,*,#273,.F.);
#1222 = CYLINDRICAL_SURFACE('',#1223,4.1);
#1223 = AXIS2_PLACEMENT_3D('',#1224,#1225,#1226);
#1224 = CARTESIAN_POINT('',(-15.,16.,-37.202));
#1225 = DIRECTION('',(0.,0.,1.));
#1226 = DIRECTION('',(1.,0.,0.));
#1227 = ADVANCED_FACE('',(#1228),#1246,.T.);
#1228 = FACE_BOUND('',#1229,.T.);
#1229 = EDGE_LOOP('',(#1230,#1238,#1244,#1245));
#1230 = ORIENTED_EDGE('',*,*,#1231,.F.);
#1231 = EDGE_CURVE('',#1232,#419,#1234,.T.);
#1232 = VERTEX_POINT('',#1233);
#1233 = CARTESIAN_POINT('',(20.082842712475,20.2,4.4));
#1234 = LINE('',#1235,#1236);
#1235 = CARTESIAN_POINT('',(20.082842712475,20.2,298.67640311723));
#1236 = VECTOR('',#1237,1.);
#1237 = DIRECTION('',(0.,0.,-1.));
#1238 = ORIENTED_EDGE('',*,*,#1239,.T.);
#1239 = EDGE_CURVE('',#1232,#1151,#1240,.T.);
#1240 = LINE('',#1241,#1242);
#1241 = CARTESIAN_POINT('',(-3.E-17,20.2,4.4));
#1242 = VECTOR('',#1243,1.);
#1243 = DIRECTION('',(-1.,-1.7E-16,0.));
#1244 = ORIENTED_EDGE('',*,*,#1150,.F.);
#1245 = ORIENTED_EDGE('',*,*,#426,.F.);
#1246 = PLANE('',#1247);
#1247 = AXIS2_PLACEMENT_3D('',#1248,#1249,#1250);
#1248 = CARTESIAN_POINT('',(-3.E-17,20.2,298.67640311723));
#1249 = DIRECTION('',(1.7E-16,-1.,0.));
#1250 = DIRECTION('',(1.,1.7E-16,0.));
#1251 = ADVANCED_FACE('',(#1252),#1266,.F.);
#1252 = FACE_BOUND('',#1253,.F.);
#1253 = EDGE_LOOP('',(#1254,#1255,#1256,#1265));
#1254 = ORIENTED_EDGE('',*,*,#282,.T.);
#1255 = ORIENTED_EDGE('',*,*,#1169,.F.);
#1256 = ORIENTED_EDGE('',*,*,#1257,.F.);
#1257 = EDGE_CURVE('',#1201,#1161,#1258,.T.);
#1258 = B_SPLINE_CURVE_WITH_KNOTS('',3,(#1259,#1260,#1261,#1262,#1263,
    #1264),.UNSPECIFIED.,.F.,.F.,(4,1,1,4),(2.9824594407E-07,
    2.386579209148E-03,3.57971969075E-03,4.772860172352E-03),
  .UNSPECIFIED.);
#1259 = CARTESIAN_POINT('',(-11.54088631473,18.201029875395,
    -11.09467812773));
#1260 = CARTESIAN_POINT('',(-11.88029845633,18.734446162509,
    -10.59547147748));
#1261 = CARTESIAN_POINT('',(-12.09645206459,19.721755538063,
    -9.8508048626));
#1262 = CARTESIAN_POINT('',(-11.50629715517,21.092850178185,
    -9.146316260765));
#1263 = CARTESIAN_POINT('',(-10.88334217735,21.618445451853,
    -9.003521874547));
#1264 = CARTESIAN_POINT('',(-10.51826865447,21.794632929055,
    -9.003521874547));
#1265 = ORIENTED_EDGE('',*,*,#1216,.T.);
#1266 = CYLINDRICAL_SURFACE('',#1267,2.5);
#1267 = AXIS2_PLACEMENT_3D('',#1268,#1269,#1270);
#1268 = CARTESIAN_POINT('',(-9.431670652981,19.543121262831,-37.202));
#1269 = DIRECTION('',(0.,0.,1.));
#1270 = DIRECTION('',(1.,0.,0.));
#1271 = ADVANCED_FACE('',(#1272),#1290,.T.);
#1272 = FACE_BOUND('',#1273,.T.);
#1273 = EDGE_LOOP('',(#1274,#1282,#1288,#1289));
#1274 = ORIENTED_EDGE('',*,*,#1275,.F.);
#1275 = EDGE_CURVE('',#1276,#411,#1278,.T.);
#1276 = VERTEX_POINT('',#1277);
#1277 = CARTESIAN_POINT('',(30.2,10.082842712475,4.4));
#1278 = LINE('',#1279,#1280);
#1279 = CARTESIAN_POINT('',(30.2,10.082842712475,298.67640311723));
#1280 = VECTOR('',#1281,1.);
#1281 = DIRECTION('',(0.,0.,-1.));
#1282 = ORIENTED_EDGE('',*,*,#1283,.T.);
#1283 = EDGE_CURVE('',#1276,#1232,#1284,.T.);
#1284 = LINE('',#1285,#1286);
#1285 = CARTESIAN_POINT('',(25.141421356237,15.141421356237,4.4));
#1286 = VECTOR('',#1287,1.);
#1287 = DIRECTION('',(-0.707106781187,0.707106781187,0.));
#1288 = ORIENTED_EDGE('',*,*,#1231,.T.);
#1289 = ORIENTED_EDGE('',*,*,#418,.F.);
#1290 = PLANE('',#1291);
#1291 = AXIS2_PLACEMENT_3D('',#1292,#1293,#1294);
#1292 = CARTESIAN_POINT('',(25.141421356237,15.141421356237,
    298.67640311723));
#1293 = DIRECTION('',(-0.707106781187,-0.707106781187,0.));
#1294 = DIRECTION('',(0.707106781187,-0.707106781187,0.));
#1295 = ADVANCED_FACE('',(#1296),#1314,.T.);
#1296 = FACE_BOUND('',#1297,.T.);
#1297 = EDGE_LOOP('',(#1298,#1306,#1312,#1313));
#1298 = ORIENTED_EDGE('',*,*,#1299,.F.);
#1299 = EDGE_CURVE('',#1300,#403,#1302,.T.);
#1300 = VERTEX_POINT('',#1301);
#1301 = CARTESIAN_POINT('',(30.2,-10.08284271247,4.4));
#1302 = LINE('',#1303,#1304);
#1303 = CARTESIAN_POINT('',(30.2,-10.08284271247,298.67640311723));
#1304 = VECTOR('',#1305,1.);
#1305 = DIRECTION('',(0.,0.,-1.));
#1306 = ORIENTED_EDGE('',*,*,#1307,.T.);
#1307 = EDGE_CURVE('',#1300,#1276,#1308,.T.);
#1308 = LINE('',#1309,#1310);
#1309 = CARTESIAN_POINT('',(30.2,0.,4.4));
#1310 = VECTOR('',#1311,1.);
#1311 = DIRECTION('',(0.,1.,0.));
#1312 = ORIENTED_EDGE('',*,*,#1275,.T.);
#1313 = ORIENTED_EDGE('',*,*,#410,.F.);
#1314 = PLANE('',#1315);
#1315 = AXIS2_PLACEMENT_3D('',#1316,#1317,#1318);
#1316 = CARTESIAN_POINT('',(30.2,0.,298.67640311723));
#1317 = DIRECTION('',(-1.,0.,0.));
#1318 = DIRECTION('',(0.,0.,1.));
#1319 = ADVANCED_FACE('',(#1320),#1338,.T.);
#1320 = FACE_BOUND('',#1321,.T.);
#1321 = EDGE_LOOP('',(#1322,#1323,#1331,#1337));
#1322 = ORIENTED_EDGE('',*,*,#1176,.T.);
#1323 = ORIENTED_EDGE('',*,*,#1324,.T.);
#1324 = EDGE_CURVE('',#1177,#1325,#1327,.T.);
#1325 = VERTEX_POINT('',#1326);
#1326 = CARTESIAN_POINT('',(-20.08284271247,20.2,4.4));
#1327 = LINE('',#1328,#1329);
#1328 = CARTESIAN_POINT('',(-3.E-17,20.2,4.4));
#1329 = VECTOR('',#1330,1.);
#1330 = DIRECTION('',(-1.,-1.7E-16,0.));
#1331 = ORIENTED_EDGE('',*,*,#1332,.T.);
#1332 = EDGE_CURVE('',#1325,#301,#1333,.T.);
#1333 = LINE('',#1334,#1335);
#1334 = CARTESIAN_POINT('',(-20.08284271247,20.2,298.67640311723));
#1335 = VECTOR('',#1336,1.);
#1336 = DIRECTION('',(0.,0.,-1.));
#1337 = ORIENTED_EDGE('',*,*,#300,.F.);
#1338 = PLANE('',#1339);
#1339 = AXIS2_PLACEMENT_3D('',#1340,#1341,#1342);
#1340 = CARTESIAN_POINT('',(-3.E-17,20.2,298.67640311723));
#1341 = DIRECTION('',(1.7E-16,-1.,0.));
#1342 = DIRECTION('',(1.,1.7E-16,0.));
#1343 = ADVANCED_FACE('',(#1344),#1362,.T.);
#1344 = FACE_BOUND('',#1345,.T.);
#1345 = EDGE_LOOP('',(#1346,#1354,#1360,#1361));
#1346 = ORIENTED_EDGE('',*,*,#1347,.F.);
#1347 = EDGE_CURVE('',#1348,#395,#1350,.T.);
#1348 = VERTEX_POINT('',#1349);
#1349 = CARTESIAN_POINT('',(20.082842712475,-20.2,4.4));
#1350 = LINE('',#1351,#1352);
#1351 = CARTESIAN_POINT('',(20.082842712475,-20.2,298.67640311723));
#1352 = VECTOR('',#1353,1.);
#1353 = DIRECTION('',(0.,0.,-1.));
#1354 = ORIENTED_EDGE('',*,*,#1355,.T.);
#1355 = EDGE_CURVE('',#1348,#1300,#1356,.T.);
#1356 = LINE('',#1357,#1358);
#1357 = CARTESIAN_POINT('',(25.141421356237,-15.14142135623,4.4));
#1358 = VECTOR('',#1359,1.);
#1359 = DIRECTION('',(0.707106781187,0.707106781187,0.));
#1360 = ORIENTED_EDGE('',*,*,#1299,.T.);
#1361 = ORIENTED_EDGE('',*,*,#402,.F.);
#1362 = PLANE('',#1363);
#1363 = AXIS2_PLACEMENT_3D('',#1364,#1365,#1366);
#1364 = CARTESIAN_POINT('',(25.141421356237,-15.14142135623,
    298.67640311723));
#1365 = DIRECTION('',(-0.707106781187,0.707106781187,0.));
#1366 = DIRECTION('',(-0.707106781187,-0.707106781187,0.));
#1367 = ADVANCED_FACE('',(#1368),#1386,.T.);
#1368 = FACE_BOUND('',#1369,.T.);
#1369 = EDGE_LOOP('',(#1370,#1371,#1379,#1385));
#1370 = ORIENTED_EDGE('',*,*,#1332,.F.);
#1371 = ORIENTED_EDGE('',*,*,#1372,.T.);
#1372 = EDGE_CURVE('',#1325,#1373,#1375,.T.);
#1373 = VERTEX_POINT('',#1374);
#1374 = CARTESIAN_POINT('',(-30.,10.282842712475,4.4));
#1375 = LINE('',#1376,#1377);
#1376 = CARTESIAN_POINT('',(-25.14142135623,15.141421356237,4.4));
#1377 = VECTOR('',#1378,1.);
#1378 = DIRECTION('',(-0.707106781187,-0.707106781187,0.));
#1379 = ORIENTED_EDGE('',*,*,#1380,.T.);
#1380 = EDGE_CURVE('',#1373,#309,#1381,.T.);
#1381 = LINE('',#1382,#1383);
#1382 = CARTESIAN_POINT('',(-30.,10.282842712475,298.67640311723));
#1383 = VECTOR('',#1384,1.);
#1384 = DIRECTION('',(0.,0.,-1.));
#1385 = ORIENTED_EDGE('',*,*,#308,.F.);
#1386 = PLANE('',#1387);
#1387 = AXIS2_PLACEMENT_3D('',#1388,#1389,#1390);
#1388 = CARTESIAN_POINT('',(-25.14142135623,15.141421356237,
    298.67640311723));
#1389 = DIRECTION('',(0.707106781187,-0.707106781187,0.));
#1390 = DIRECTION('',(0.707106781187,0.707106781187,0.));
#1391 = ADVANCED_FACE('',(#1392),#1410,.T.);
#1392 = FACE_BOUND('',#1393,.T.);
#1393 = EDGE_LOOP('',(#1394,#1402,#1408,#1409));
#1394 = ORIENTED_EDGE('',*,*,#1395,.T.);
#1395 = EDGE_CURVE('',#386,#1396,#1398,.T.);
#1396 = VERTEX_POINT('',#1397);
#1397 = CARTESIAN_POINT('',(13.326664999166,-20.2,4.4));
#1398 = LINE('',#1399,#1400);
#1399 = CARTESIAN_POINT('',(13.326664999166,-20.2,1.712172582746));
#1400 = VECTOR('',#1401,1.);
#1401 = DIRECTION('',(0.,0.,1.));
#1402 = ORIENTED_EDGE('',*,*,#1403,.T.);
#1403 = EDGE_CURVE('',#1396,#1348,#1404,.T.);
#1404 = LINE('',#1405,#1406);
#1405 = CARTESIAN_POINT('',(15.944784249302,-20.2,4.4));
#1406 = VECTOR('',#1407,1.);
#1407 = DIRECTION('',(1.,4.3E-16,0.));
#1408 = ORIENTED_EDGE('',*,*,#1347,.T.);
#1409 = ORIENTED_EDGE('',*,*,#394,.F.);
#1410 = PLANE('',#1411);
#1411 = AXIS2_PLACEMENT_3D('',#1412,#1413,#1414);
#1412 = CARTESIAN_POINT('',(15.944784249302,-20.2,298.67640311723));
#1413 = DIRECTION('',(-4.3E-16,1.,0.));
#1414 = DIRECTION('',(-1.,-4.3E-16,0.));
#1415 = ADVANCED_FACE('',(#1416),#1434,.T.);
#1416 = FACE_BOUND('',#1417,.T.);
#1417 = EDGE_LOOP('',(#1418,#1419,#1427,#1433));
#1418 = ORIENTED_EDGE('',*,*,#1380,.F.);
#1419 = ORIENTED_EDGE('',*,*,#1420,.T.);
#1420 = EDGE_CURVE('',#1373,#1421,#1423,.T.);
#1421 = VERTEX_POINT('',#1422);
#1422 = CARTESIAN_POINT('',(-30.,-10.28284271247,4.4));
#1423 = LINE('',#1424,#1425);
#1424 = CARTESIAN_POINT('',(-30.,0.,4.4));
#1425 = VECTOR('',#1426,1.);
#1426 = DIRECTION('',(0.,-1.,0.));
#1427 = ORIENTED_EDGE('',*,*,#1428,.T.);
#1428 = EDGE_CURVE('',#1421,#317,#1429,.T.);
#1429 = LINE('',#1430,#1431);
#1430 = CARTESIAN_POINT('',(-30.,-10.28284271247,298.67640311723));
#1431 = VECTOR('',#1432,1.);
#1432 = DIRECTION('',(0.,0.,-1.));
#1433 = ORIENTED_EDGE('',*,*,#316,.F.);
#1434 = PLANE('',#1435);
#1435 = AXIS2_PLACEMENT_3D('',#1436,#1437,#1438);
#1436 = CARTESIAN_POINT('',(-30.,0.,298.67640311723));
#1437 = DIRECTION('',(1.,0.,0.));
#1438 = DIRECTION('',(0.,0.,-1.));
#1439 = ADVANCED_FACE('',(#1440),#1460,.F.);
#1440 = FACE_BOUND('',#1441,.F.);
#1441 = EDGE_LOOP('',(#1442,#1451,#1457,#1458,#1459));
#1442 = ORIENTED_EDGE('',*,*,#1443,.F.);
#1443 = EDGE_CURVE('',#1444,#1396,#1446,.T.);
#1444 = VERTEX_POINT('',#1445);
#1445 = CARTESIAN_POINT('',(7.048303963845,-23.15084040015,4.4));
#1446 = CIRCLE('',#1447,24.2);
#1447 = AXIS2_PLACEMENT_3D('',#1448,#1449,#1450);
#1448 = CARTESIAN_POINT('',(0.,0.,4.4));
#1449 = DIRECTION('',(0.,0.,1.));
#1450 = DIRECTION('',(1.,0.,0.));
#1451 = ORIENTED_EDGE('',*,*,#1452,.F.);
#1452 = EDGE_CURVE('',#368,#1444,#1453,.T.);
#1453 = LINE('',#1454,#1455);
#1454 = CARTESIAN_POINT('',(7.048303963845,-23.15084040015,
    1.712172582746));
#1455 = VECTOR('',#1456,1.);
#1456 = DIRECTION('',(0.,0.,1.));
#1457 = ORIENTED_EDGE('',*,*,#376,.T.);
#1458 = ORIENTED_EDGE('',*,*,#385,.T.);
#1459 = ORIENTED_EDGE('',*,*,#1395,.T.);
#1460 = CYLINDRICAL_SURFACE('',#1461,24.2);
#1461 = AXIS2_PLACEMENT_3D('',#1462,#1463,#1464);
#1462 = CARTESIAN_POINT('',(0.,0.,1.712172582746));
#1463 = DIRECTION('',(0.,0.,1.));
#1464 = DIRECTION('',(1.,0.,0.));
#1465 = ADVANCED_FACE('',(#1466),#1484,.T.);
#1466 = FACE_BOUND('',#1467,.T.);
#1467 = EDGE_LOOP('',(#1468,#1469,#1477,#1483));
#1468 = ORIENTED_EDGE('',*,*,#1428,.F.);
#1469 = ORIENTED_EDGE('',*,*,#1470,.T.);
#1470 = EDGE_CURVE('',#1421,#1471,#1473,.T.);
#1471 = VERTEX_POINT('',#1472);
#1472 = CARTESIAN_POINT('',(-20.08284271247,-20.2,4.4));
#1473 = LINE('',#1474,#1475);
#1474 = CARTESIAN_POINT('',(-25.14142135623,-15.14142135623,4.4));
#1475 = VECTOR('',#1476,1.);
#1476 = DIRECTION('',(0.707106781187,-0.707106781187,0.));
#1477 = ORIENTED_EDGE('',*,*,#1478,.T.);
#1478 = EDGE_CURVE('',#1471,#325,#1479,.T.);
#1479 = LINE('',#1480,#1481);
#1480 = CARTESIAN_POINT('',(-20.08284271247,-20.2,298.67640311723));
#1481 = VECTOR('',#1482,1.);
#1482 = DIRECTION('',(0.,0.,-1.));
#1483 = ORIENTED_EDGE('',*,*,#324,.F.);
#1484 = PLANE('',#1485);
#1485 = AXIS2_PLACEMENT_3D('',#1486,#1487,#1488);
#1486 = CARTESIAN_POINT('',(-25.14142135623,-15.14142135623,
    298.67640311723));
#1487 = DIRECTION('',(0.707106781187,0.707106781187,0.));
#1488 = DIRECTION('',(-0.707106781187,0.707106781187,0.));
#1489 = ADVANCED_FACE('',(#1490),#1508,.T.);
#1490 = FACE_BOUND('',#1491,.T.);
#1491 = EDGE_LOOP('',(#1492,#1493,#1501,#1507));
#1492 = ORIENTED_EDGE('',*,*,#1478,.F.);
#1493 = ORIENTED_EDGE('',*,*,#1494,.T.);
#1494 = EDGE_CURVE('',#1471,#1495,#1497,.T.);
#1495 = VERTEX_POINT('',#1496);
#1496 = CARTESIAN_POINT('',(-13.32666499916,-20.2,4.4));
#1497 = LINE('',#1498,#1499);
#1498 = CARTESIAN_POINT('',(-4.055215750698,-20.2,4.4));
#1499 = VECTOR('',#1500,1.);
#1500 = DIRECTION('',(1.,1.1E-16,0.));
#1501 = ORIENTED_EDGE('',*,*,#1502,.F.);
#1502 = EDGE_CURVE('',#333,#1495,#1503,.T.);
#1503 = LINE('',#1504,#1505);
#1504 = CARTESIAN_POINT('',(-13.32666499916,-20.2,4.4));
#1505 = VECTOR('',#1506,1.);
#1506 = DIRECTION('',(0.,0.,1.));
#1507 = ORIENTED_EDGE('',*,*,#332,.F.);
#1508 = PLANE('',#1509);
#1509 = AXIS2_PLACEMENT_3D('',#1510,#1511,#1512);
#1510 = CARTESIAN_POINT('',(-4.055215750698,-20.2,298.67640311723));
#1511 = DIRECTION('',(-1.1E-16,1.,0.));
#1512 = DIRECTION('',(-1.,-1.1E-16,0.));
#1513 = ADVANCED_FACE('',(#1514),#1543,.F.);
#1514 = FACE_BOUND('',#1515,.T.);
#1515 = EDGE_LOOP('',(#1516,#1525,#1526,#1527,#1528,#1536));
#1516 = ORIENTED_EDGE('',*,*,#1517,.T.);
#1517 = EDGE_CURVE('',#1518,#1444,#1520,.T.);
#1518 = VERTEX_POINT('',#1519);
#1519 = CARTESIAN_POINT('',(7.1,-24.,4.4));
#1520 = CIRCLE('',#1521,7.);
#1521 = AXIS2_PLACEMENT_3D('',#1522,#1523,#1524);
#1522 = CARTESIAN_POINT('',(1.E-01,-24.,4.4));
#1523 = DIRECTION('',(0.,0.,1.));
#1524 = DIRECTION('',(1.,0.,0.));
#1525 = ORIENTED_EDGE('',*,*,#1452,.F.);
#1526 = ORIENTED_EDGE('',*,*,#367,.F.);
#1527 = ORIENTED_EDGE('',*,*,#358,.F.);
#1528 = ORIENTED_EDGE('',*,*,#1529,.T.);
#1529 = EDGE_CURVE('',#350,#1530,#1532,.T.);
#1530 = VERTEX_POINT('',#1531);
#1531 = CARTESIAN_POINT('',(-6.855138914627,-23.20877141214,4.4));
#1532 = LINE('',#1533,#1534);
#1533 = CARTESIAN_POINT('',(-6.855138914627,-23.20877141214,
    1.712172582746));
#1534 = VECTOR('',#1535,1.);
#1535 = DIRECTION('',(0.,0.,1.));
#1536 = ORIENTED_EDGE('',*,*,#1537,.T.);
#1537 = EDGE_CURVE('',#1530,#1518,#1538,.T.);
#1538 = CIRCLE('',#1539,7.);
#1539 = AXIS2_PLACEMENT_3D('',#1540,#1541,#1542);
#1540 = CARTESIAN_POINT('',(1.E-01,-24.,4.4));
#1541 = DIRECTION('',(0.,0.,1.));
#1542 = DIRECTION('',(1.,0.,0.));
#1543 = CYLINDRICAL_SURFACE('',#1544,7.);
#1544 = AXIS2_PLACEMENT_3D('',#1545,#1546,#1547);
#1545 = CARTESIAN_POINT('',(1.E-01,-24.,3.1E-16));
#1546 = DIRECTION('',(-0.,-0.,-1.));
#1547 = DIRECTION('',(1.,0.,0.));
#1548 = ADVANCED_FACE('',(#1549),#1562,.F.);
#1549 = FACE_BOUND('',#1550,.F.);
#1550 = EDGE_LOOP('',(#1551,#1552,#1553,#1554,#1555));
#1551 = ORIENTED_EDGE('',*,*,#1502,.F.);
#1552 = ORIENTED_EDGE('',*,*,#340,.F.);
#1553 = ORIENTED_EDGE('',*,*,#349,.T.);
#1554 = ORIENTED_EDGE('',*,*,#1529,.T.);
#1555 = ORIENTED_EDGE('',*,*,#1556,.F.);
#1556 = EDGE_CURVE('',#1495,#1530,#1557,.T.);
#1557 = CIRCLE('',#1558,24.2);
#1558 = AXIS2_PLACEMENT_3D('',#1559,#1560,#1561);
#1559 = CARTESIAN_POINT('',(0.,0.,4.4));
#1560 = DIRECTION('',(0.,0.,1.));
#1561 = DIRECTION('',(1.,0.,0.));
#1562 = CYLINDRICAL_SURFACE('',#1563,24.2);
#1563 = AXIS2_PLACEMENT_3D('',#1564,#1565,#1566);
#1564 = CARTESIAN_POINT('',(0.,0.,1.712172582746));
#1565 = DIRECTION('',(0.,0.,1.));
#1566 = DIRECTION('',(1.,0.,0.));
#1567 = ADVANCED_FACE('',(#1568),#1586,.F.);
#1568 = FACE_BOUND('',#1569,.F.);
#1569 = EDGE_LOOP('',(#1570,#1571,#1578,#1585));
#1570 = ORIENTED_EDGE('',*,*,#488,.F.);
#1571 = ORIENTED_EDGE('',*,*,#1572,.F.);
#1572 = EDGE_CURVE('',#1573,#489,#1575,.T.);
#1573 = VERTEX_POINT('',#1574);
#1574 = CARTESIAN_POINT('',(-13.75,-16.,-12.));
#1575 = B_SPLINE_CURVE_WITH_KNOTS('',1,(#1576,#1577),.UNSPECIFIED.,.F.,
  .F.,(2,2),(-5.624462113108,6.375537886892),.PIECEWISE_BEZIER_KNOTS.);
#1576 = CARTESIAN_POINT('',(-13.75,-16.,-12.));
#1577 = CARTESIAN_POINT('',(-13.75,-16.,0.));
#1578 = ORIENTED_EDGE('',*,*,#1579,.T.);
#1579 = EDGE_CURVE('',#1573,#1573,#1580,.T.);
#1580 = CIRCLE('',#1581,1.25);
#1581 = AXIS2_PLACEMENT_3D('',#1582,#1583,#1584);
#1582 = CARTESIAN_POINT('',(-15.,-16.,-12.));
#1583 = DIRECTION('',(0.,0.,1.));
#1584 = DIRECTION('',(1.,0.,0.));
#1585 = ORIENTED_EDGE('',*,*,#1572,.T.);
#1586 = CYLINDRICAL_SURFACE('',#1587,1.25);
#1587 = AXIS2_PLACEMENT_3D('',#1588,#1589,#1590);
#1588 = CARTESIAN_POINT('',(-15.,-16.,-6.375537886892));
#1589 = DIRECTION('',(0.,0.,1.));
#1590 = DIRECTION('',(1.,0.,0.));
#1591 = ADVANCED_FACE('',(#1592),#1611,.F.);
#1592 = FACE_BOUND('',#1593,.T.);
#1593 = EDGE_LOOP('',(#1594,#1602,#1603,#1604));
#1594 = ORIENTED_EDGE('',*,*,#1595,.T.);
#1595 = EDGE_CURVE('',#1596,#500,#1598,.T.);
#1596 = VERTEX_POINT('',#1597);
#1597 = CARTESIAN_POINT('',(3.1,-27.,-2.));
#1598 = LINE('',#1599,#1600);
#1599 = CARTESIAN_POINT('',(3.1,-27.,-2.));
#1600 = VECTOR('',#1601,1.);
#1601 = DIRECTION('',(0.,0.,1.));
#1602 = ORIENTED_EDGE('',*,*,#499,.T.);
#1603 = ORIENTED_EDGE('',*,*,#1595,.F.);
#1604 = ORIENTED_EDGE('',*,*,#1605,.F.);
#1605 = EDGE_CURVE('',#1596,#1596,#1606,.T.);
#1606 = CIRCLE('',#1607,3.);
#1607 = AXIS2_PLACEMENT_3D('',#1608,#1609,#1610);
#1608 = CARTESIAN_POINT('',(1.E-01,-27.,-2.));
#1609 = DIRECTION('',(0.,0.,1.));
#1610 = DIRECTION('',(1.,0.,0.));
#1611 = CYLINDRICAL_SURFACE('',#1612,3.);
#1612 = AXIS2_PLACEMENT_3D('',#1613,#1614,#1615);
#1613 = CARTESIAN_POINT('',(1.E-01,-27.,-2.));
#1614 = DIRECTION('',(-0.,-0.,-1.));
#1615 = DIRECTION('',(1.,0.,0.));
#1616 = ADVANCED_FACE('',(#1617),#1635,.F.);
#1617 = FACE_BOUND('',#1618,.F.);
#1618 = EDGE_LOOP('',(#1619,#1620,#1627,#1634));
#1619 = ORIENTED_EDGE('',*,*,#515,.F.);
#1620 = ORIENTED_EDGE('',*,*,#1621,.F.);
#1621 = EDGE_CURVE('',#1622,#516,#1624,.T.);
#1622 = VERTEX_POINT('',#1623);
#1623 = CARTESIAN_POINT('',(16.25,-16.,-12.));
#1624 = B_SPLINE_CURVE_WITH_KNOTS('',1,(#1625,#1626),.UNSPECIFIED.,.F.,
  .F.,(2,2),(-5.624462113108,6.375537886892),.PIECEWISE_BEZIER_KNOTS.);
#1625 = CARTESIAN_POINT('',(16.25,-16.,-12.));
#1626 = CARTESIAN_POINT('',(16.25,-16.,0.));
#1627 = ORIENTED_EDGE('',*,*,#1628,.T.);
#1628 = EDGE_CURVE('',#1622,#1622,#1629,.T.);
#1629 = CIRCLE('',#1630,1.25);
#1630 = AXIS2_PLACEMENT_3D('',#1631,#1632,#1633);
#1631 = CARTESIAN_POINT('',(15.,-16.,-12.));
#1632 = DIRECTION('',(0.,0.,1.));
#1633 = DIRECTION('',(1.,0.,0.));
#1634 = ORIENTED_EDGE('',*,*,#1621,.T.);
#1635 = CYLINDRICAL_SURFACE('',#1636,1.25);
#1636 = AXIS2_PLACEMENT_3D('',#1637,#1638,#1639);
#1637 = CARTESIAN_POINT('',(15.,-16.,-6.375537886892));
#1638 = DIRECTION('',(0.,0.,1.));
#1639 = DIRECTION('',(1.,0.,0.));
#1640 = ADVANCED_FACE('',(#1641),#1659,.F.);
#1641 = FACE_BOUND('',#1642,.F.);
#1642 = EDGE_LOOP('',(#1643,#1644,#1651,#1658));
#1643 = ORIENTED_EDGE('',*,*,#526,.F.);
#1644 = ORIENTED_EDGE('',*,*,#1645,.F.);
#1645 = EDGE_CURVE('',#1646,#527,#1648,.T.);
#1646 = VERTEX_POINT('',#1647);
#1647 = CARTESIAN_POINT('',(-13.75,16.,-12.));
#1648 = B_SPLINE_CURVE_WITH_KNOTS('',1,(#1649,#1650),.UNSPECIFIED.,.F.,
  .F.,(2,2),(-5.624462113108,6.375537886892),.PIECEWISE_BEZIER_KNOTS.);
#1649 = CARTESIAN_POINT('',(-13.75,16.,-12.));
#1650 = CARTESIAN_POINT('',(-13.75,16.,0.));
#1651 = ORIENTED_EDGE('',*,*,#1652,.T.);
#1652 = EDGE_CURVE('',#1646,#1646,#1653,.T.);
#1653 = CIRCLE('',#1654,1.25);
#1654 = AXIS2_PLACEMENT_3D('',#1655,#1656,#1657);
#1655 = CARTESIAN_POINT('',(-15.,16.,-12.));
#1656 = DIRECTION('',(0.,0.,1.));
#1657 = DIRECTION('',(1.,0.,0.));
#1658 = ORIENTED_EDGE('',*,*,#1645,.T.);
#1659 = CYLINDRICAL_SURFACE('',#1660,1.25);
#1660 = AXIS2_PLACEMENT_3D('',#1661,#1662,#1663);
#1661 = CARTESIAN_POINT('',(-15.,16.,-6.375537886892));
#1662 = DIRECTION('',(0.,0.,1.));
#1663 = DIRECTION('',(1.,0.,0.));
#1664 = ADVANCED_FACE('',(#1665),#1683,.F.);
#1665 = FACE_BOUND('',#1666,.F.);
#1666 = EDGE_LOOP('',(#1667,#1668,#1675,#1682));
#1667 = ORIENTED_EDGE('',*,*,#537,.F.);
#1668 = ORIENTED_EDGE('',*,*,#1669,.F.);
#1669 = EDGE_CURVE('',#1670,#538,#1672,.T.);
#1670 = VERTEX_POINT('',#1671);
#1671 = CARTESIAN_POINT('',(16.25,16.,-12.));
#1672 = B_SPLINE_CURVE_WITH_KNOTS('',1,(#1673,#1674),.UNSPECIFIED.,.F.,
  .F.,(2,2),(-5.624462113108,6.375537886892),.PIECEWISE_BEZIER_KNOTS.);
#1673 = CARTESIAN_POINT('',(16.25,16.,-12.));
#1674 = CARTESIAN_POINT('',(16.25,16.,0.));
#1675 = ORIENTED_EDGE('',*,*,#1676,.T.);
#1676 = EDGE_CURVE('',#1670,#1670,#1677,.T.);
#1677 = CIRCLE('',#1678,1.25);
#1678 = AXIS2_PLACEMENT_3D('',#1679,#1680,#1681);
#1679 = CARTESIAN_POINT('',(15.,16.,-12.));
#1680 = DIRECTION('',(0.,0.,1.));
#1681 = DIRECTION('',(1.,0.,0.));
#1682 = ORIENTED_EDGE('',*,*,#1669,.T.);
#1683 = CYLINDRICAL_SURFACE('',#1684,1.25);
#1684 = AXIS2_PLACEMENT_3D('',#1685,#1686,#1687);
#1685 = CARTESIAN_POINT('',(15.,16.,-6.375537886892));
#1686 = DIRECTION('',(0.,0.,1.));
#1687 = DIRECTION('',(1.,0.,0.));
#1688 = ADVANCED_FACE('',(#1689,#1717),#1721,.T.);
#1689 = FACE_BOUND('',#1690,.T.);
#1690 = EDGE_LOOP('',(#1691,#1702,#1709,#1710));
#1691 = ORIENTED_EDGE('',*,*,#1692,.F.);
#1692 = EDGE_CURVE('',#1693,#1695,#1697,.T.);
#1693 = VERTEX_POINT('',#1694);
#1694 = CARTESIAN_POINT('',(36.770740289242,0.,-6.20152848522));
#1695 = VERTEX_POINT('',#1696);
#1696 = CARTESIAN_POINT('',(12.5,0.,-37.2));
#1697 = B_SPLINE_CURVE_WITH_KNOTS('',3,(#1698,#1699,#1700,#1701),
  .UNSPECIFIED.,.F.,.F.,(4,4),(2.874709664006E-02,1.),
  .PIECEWISE_BEZIER_KNOTS.);
#1698 = CARTESIAN_POINT('',(36.770740289242,6.439E-14,-6.20152848522));
#1699 = CARTESIAN_POINT('',(17.708324710776,3.086E-14,-19.34638591977));
#1700 = CARTESIAN_POINT('',(12.5,1.954E-14,-19.71744773952));
#1701 = CARTESIAN_POINT('',(12.5,1.965E-14,-37.2));
#1702 = ORIENTED_EDGE('',*,*,#1703,.F.);
#1703 = EDGE_CURVE('',#1693,#1693,#1704,.T.);
#1704 = CIRCLE('',#1705,36.770740289242);
#1705 = AXIS2_PLACEMENT_3D('',#1706,#1707,#1708);
#1706 = CARTESIAN_POINT('',(0.,0.,-6.20152848522));
#1707 = DIRECTION('',(0.,0.,1.));
#1708 = DIRECTION('',(1.,0.,0.));
#1709 = ORIENTED_EDGE('',*,*,#1692,.T.);
#1710 = ORIENTED_EDGE('',*,*,#1711,.T.);
#1711 = EDGE_CURVE('',#1695,#1695,#1712,.T.);
#1712 = CIRCLE('',#1713,12.5);
#1713 = AXIS2_PLACEMENT_3D('',#1714,#1715,#1716);
#1714 = CARTESIAN_POINT('',(0.,0.,-37.2));
#1715 = DIRECTION('',(0.,0.,1.));
#1716 = DIRECTION('',(1.,0.,0.));
#1717 = FACE_BOUND('',#1718,.T.);
#1718 = EDGE_LOOP('',(#1719,#1720));
#1719 = ORIENTED_EDGE('',*,*,#663,.T.);
#1720 = ORIENTED_EDGE('',*,*,#554,.T.);
#1721 = B_SPLINE_SURFACE_WITH_KNOTS('',3,3,(
    (#1722,#1723,#1724,#1725,#1726,#1727,#1728,#1729,#1730,#1731,#1732
      ,#1733,#1734,#1735,#1736,#1737,#1738,#1739,#1740)
    ,(#1741,#1742,#1743,#1744,#1745,#1746,#1747,#1748,#1749,#1750,#1751
      ,#1752,#1753,#1754,#1755,#1756,#1757,#1758,#1759)
    ,(#1760,#1761,#1762,#1763,#1764,#1765,#1766,#1767,#1768,#1769,#1770
      ,#1771,#1772,#1773,#1774,#1775,#1776,#1777,#1778)
    ,(#1779,#1780,#1781,#1782,#1783,#1784,#1785,#1786,#1787,#1788,#1789
      ,#1790,#1791,#1792,#1793,#1794,#1795,#1796,#1797
  )),.UNSPECIFIED.,.F.,.T.,.F.,(4,4),(1,1,1,1,1,1,1,1,1,1,1,1,1,1,1,1,1,
    1,1,1,1,1,1),(2.874709664005E-02,1.),(-1.178097245097,
    -0.785398163398,-0.392699081699,0.,0.392699081699,0.785398163397,
    1.178097245096,1.570796326795,1.963495408494,2.356194490192,
    2.748893571891,3.14159265359,3.534291735289,3.926990816987,
    4.319689898686,4.712388980385,5.105088062083,5.497787143782,
    5.890486225481,6.28318530718,6.675884388879,7.068583470577,
    7.461282552276),.UNSPECIFIED.);
#1722 = CARTESIAN_POINT('',(34.856156661838,-14.43789282153,
    -6.20152848522));
#1723 = CARTESIAN_POINT('',(37.728032102943,-2.906E-14,-6.20152848522));
#1724 = CARTESIAN_POINT('',(34.856156661838,14.437892821535,
    -6.20152848522));
#1725 = CARTESIAN_POINT('',(26.677747340815,26.677747340815,
    -6.20152848522));
#1726 = CARTESIAN_POINT('',(14.437892821535,34.856156661838,
    -6.20152848522));
#1727 = CARTESIAN_POINT('',(9.74E-15,37.728032102943,-6.20152848522));
#1728 = CARTESIAN_POINT('',(-14.43789282153,34.856156661838,
    -6.20152848522));
#1729 = CARTESIAN_POINT('',(-26.67774734081,26.677747340815,
    -6.20152848522));
#1730 = CARTESIAN_POINT('',(-34.85615666183,14.437892821535,
    -6.20152848522));
#1731 = CARTESIAN_POINT('',(-37.72803210294,4.6E-15,-6.20152848522));
#1732 = CARTESIAN_POINT('',(-34.85615666183,-14.43789282153,
    -6.20152848522));
#1733 = CARTESIAN_POINT('',(-26.67774734081,-26.67774734081,
    -6.20152848522));
#1734 = CARTESIAN_POINT('',(-14.43789282153,-34.85615666183,
    -6.20152848522));
#1735 = CARTESIAN_POINT('',(-1.016E-14,-37.72803210294,-6.20152848522));
#1736 = CARTESIAN_POINT('',(14.437892821535,-34.85615666183,
    -6.20152848522));
#1737 = CARTESIAN_POINT('',(26.677747340815,-26.67774734081,
    -6.20152848522));
#1738 = CARTESIAN_POINT('',(34.856156661838,-14.43789282153,
    -6.20152848522));
#1739 = CARTESIAN_POINT('',(37.728032102943,-2.906E-14,-6.20152848522));
#1740 = CARTESIAN_POINT('',(34.856156661838,14.437892821535,
    -6.20152848522));
#1741 = CARTESIAN_POINT('',(16.786285385668,-6.953107068609,
    -19.34638591977));
#1742 = CARTESIAN_POINT('',(18.16934437333,-7.37E-15,-19.34638591977));
#1743 = CARTESIAN_POINT('',(16.786285385668,6.953107068609,
    -19.34638591977));
#1744 = CARTESIAN_POINT('',(12.847666616095,12.847666616095,
    -19.34638591977));
#1745 = CARTESIAN_POINT('',(6.953107068609,16.786285385668,
    -19.34638591977));
#1746 = CARTESIAN_POINT('',(-2.208E-14,18.16934437333,-19.34638591977));
#1747 = CARTESIAN_POINT('',(-6.953107068609,16.786285385668,
    -19.34638591977));
#1748 = CARTESIAN_POINT('',(-12.84766661609,12.847666616095,
    -19.34638591977));
#1749 = CARTESIAN_POINT('',(-16.78628538566,6.953107068609,
    -19.34638591977));
#1750 = CARTESIAN_POINT('',(-18.16934437333,2.72E-15,-19.34638591977));
#1751 = CARTESIAN_POINT('',(-16.78628538566,-6.953107068609,
    -19.34638591977));
#1752 = CARTESIAN_POINT('',(-12.84766661609,-12.84766661609,
    -19.34638591977));
#1753 = CARTESIAN_POINT('',(-6.953107068609,-16.78628538566,
    -19.34638591977));
#1754 = CARTESIAN_POINT('',(-1.214E-14,-18.16934437333,-19.34638591977)
  );
#1755 = CARTESIAN_POINT('',(6.953107068609,-16.78628538566,
    -19.34638591977));
#1756 = CARTESIAN_POINT('',(12.847666616095,-12.84766661609,
    -19.34638591977));
#1757 = CARTESIAN_POINT('',(16.786285385668,-6.953107068609,
    -19.34638591977));
#1758 = CARTESIAN_POINT('',(18.16934437333,-7.37E-15,-19.34638591977));
#1759 = CARTESIAN_POINT('',(16.786285385668,6.953107068609,
    -19.34638591977));
#1760 = CARTESIAN_POINT('',(11.849148394776,-4.908077967687,
    -19.71744773952));
#1761 = CARTESIAN_POINT('',(12.825425802612,-7.59E-15,-19.71744773952));
#1762 = CARTESIAN_POINT('',(11.849148394776,4.908077967687,
    -19.71744773952));
#1763 = CARTESIAN_POINT('',(9.068945556632,9.068945556632,
    -19.71744773952));
#1764 = CARTESIAN_POINT('',(4.908077967687,11.849148394776,
    -19.71744773952));
#1765 = CARTESIAN_POINT('',(9.E-16,12.825425802612,-19.71744773952));
#1766 = CARTESIAN_POINT('',(-4.908077967687,11.849148394776,
    -19.71744773952));
#1767 = CARTESIAN_POINT('',(-9.068945556632,9.068945556632,
    -19.71744773952));
#1768 = CARTESIAN_POINT('',(-11.84914839477,4.908077967687,
    -19.71744773952));
#1769 = CARTESIAN_POINT('',(-12.82542580261,8.7E-16,-19.71744773952));
#1770 = CARTESIAN_POINT('',(-11.84914839477,-4.908077967687,
    -19.71744773952));
#1771 = CARTESIAN_POINT('',(-9.068945556632,-9.068945556632,
    -19.71744773952));
#1772 = CARTESIAN_POINT('',(-4.908077967687,-11.84914839477,
    -19.71744773952));
#1773 = CARTESIAN_POINT('',(-6.41E-15,-12.82542580261,-19.71744773952));
#1774 = CARTESIAN_POINT('',(4.908077967687,-11.84914839477,
    -19.71744773952));
#1775 = CARTESIAN_POINT('',(9.068945556632,-9.068945556632,
    -19.71744773952));
#1776 = CARTESIAN_POINT('',(11.849148394776,-4.908077967687,
    -19.71744773952));
#1777 = CARTESIAN_POINT('',(12.825425802612,-7.59E-15,-19.71744773952));
#1778 = CARTESIAN_POINT('',(11.849148394776,4.908077967687,
    -19.71744773952));
#1779 = CARTESIAN_POINT('',(11.849148394776,-4.908077967687,-37.2));
#1780 = CARTESIAN_POINT('',(12.825425802612,-9.54E-15,-37.2));
#1781 = CARTESIAN_POINT('',(11.849148394776,4.908077967687,-37.2));
#1782 = CARTESIAN_POINT('',(9.068945556632,9.068945556632,-37.2));
#1783 = CARTESIAN_POINT('',(4.908077967687,11.849148394776,-37.2));
#1784 = CARTESIAN_POINT('',(1.58E-15,12.825425802612,-37.2));
#1785 = CARTESIAN_POINT('',(-4.908077967687,11.849148394776,-37.2));
#1786 = CARTESIAN_POINT('',(-9.068945556632,9.068945556632,-37.2));
#1787 = CARTESIAN_POINT('',(-11.84914839477,4.908077967687,-37.2));
#1788 = CARTESIAN_POINT('',(-12.82542580261,1.91E-15,-37.2));
#1789 = CARTESIAN_POINT('',(-11.84914839477,-4.908077967687,-37.2));
#1790 = CARTESIAN_POINT('',(-9.068945556632,-9.068945556632,-37.2));
#1791 = CARTESIAN_POINT('',(-4.908077967687,-11.84914839477,-37.2));
#1792 = CARTESIAN_POINT('',(-5.75E-15,-12.82542580261,-37.2));
#1793 = CARTESIAN_POINT('',(4.908077967687,-11.84914839477,-37.2));
#1794 = CARTESIAN_POINT('',(9.068945556632,-9.068945556632,-37.2));
#1795 = CARTESIAN_POINT('',(11.849148394776,-4.908077967687,-37.2));
#1796 = CARTESIAN_POINT('',(12.825425802612,-9.54E-15,-37.2));
#1797 = CARTESIAN_POINT('',(11.849148394776,4.908077967687,-37.2));
#1798 = ADVANCED_FACE('',(#1799),#1818,.F.);
#1799 = FACE_BOUND('',#1800,.T.);
#1800 = EDGE_LOOP('',(#1801,#1802,#1810,#1817));
#1801 = ORIENTED_EDGE('',*,*,#708,.F.);
#1802 = ORIENTED_EDGE('',*,*,#1803,.T.);
#1803 = EDGE_CURVE('',#709,#1804,#1806,.T.);
#1804 = VERTEX_POINT('',#1805);
#1805 = CARTESIAN_POINT('',(1.6,-27.,-2.));
#1806 = LINE('',#1807,#1808);
#1807 = CARTESIAN_POINT('',(1.6,-27.,-8.));
#1808 = VECTOR('',#1809,1.);
#1809 = DIRECTION('',(0.,0.,1.));
#1810 = ORIENTED_EDGE('',*,*,#1811,.F.);
#1811 = EDGE_CURVE('',#1804,#1804,#1812,.T.);
#1812 = CIRCLE('',#1813,1.5);
#1813 = AXIS2_PLACEMENT_3D('',#1814,#1815,#1816);
#1814 = CARTESIAN_POINT('',(1.E-01,-27.,-2.));
#1815 = DIRECTION('',(0.,0.,-1.));
#1816 = DIRECTION('',(1.,0.,0.));
#1817 = ORIENTED_EDGE('',*,*,#1803,.F.);
#1818 = CYLINDRICAL_SURFACE('',#1819,1.5);
#1819 = AXIS2_PLACEMENT_3D('',#1820,#1821,#1822);
#1820 = CARTESIAN_POINT('',(1.E-01,-27.,-8.));
#1821 = DIRECTION('',(-0.,-0.,-1.));
#1822 = DIRECTION('',(1.,0.,0.));
#1823 = ADVANCED_FACE('',(#1824),#1856,.F.);
#1824 = FACE_BOUND('',#1825,.F.);
#1825 = EDGE_LOOP('',(#1826,#1827,#1828,#1829,#1830,#1831,#1832,#1833,
    #1840,#1847,#1848,#1849,#1850,#1851,#1852,#1853,#1854,#1855));
#1826 = ORIENTED_EDGE('',*,*,#1200,.T.);
#1827 = ORIENTED_EDGE('',*,*,#1257,.T.);
#1828 = ORIENTED_EDGE('',*,*,#1160,.F.);
#1829 = ORIENTED_EDGE('',*,*,#1106,.F.);
#1830 = ORIENTED_EDGE('',*,*,#1039,.F.);
#1831 = ORIENTED_EDGE('',*,*,#987,.T.);
#1832 = ORIENTED_EDGE('',*,*,#930,.F.);
#1833 = ORIENTED_EDGE('',*,*,#1834,.F.);
#1834 = EDGE_CURVE('',#1835,#922,#1837,.T.);
#1835 = VERTEX_POINT('',#1836);
#1836 = CARTESIAN_POINT('',(15.085677377183,0.,-16.2));
#1837 = B_SPLINE_CURVE_WITH_KNOTS('',1,(#1838,#1839),.UNSPECIFIED.,.F.,
  .F.,(2,2),(-11.61293133893,0.),.PIECEWISE_BEZIER_KNOTS.);
#1838 = CARTESIAN_POINT('',(15.085677377183,-3.69E-15,-16.2));
#1839 = CARTESIAN_POINT('',(24.2,-5.93E-15,-9.003521874547));
#1840 = ORIENTED_EDGE('',*,*,#1841,.T.);
#1841 = EDGE_CURVE('',#1835,#1835,#1842,.T.);
#1842 = CIRCLE('',#1843,15.085677377183);
#1843 = AXIS2_PLACEMENT_3D('',#1844,#1845,#1846);
#1844 = CARTESIAN_POINT('',(0.,0.,-16.2));
#1845 = DIRECTION('',(0.,0.,1.));
#1846 = DIRECTION('',(1.,0.,0.));
#1847 = ORIENTED_EDGE('',*,*,#1834,.T.);
#1848 = ORIENTED_EDGE('',*,*,#921,.F.);
#1849 = ORIENTED_EDGE('',*,*,#874,.F.);
#1850 = ORIENTED_EDGE('',*,*,#833,.T.);
#1851 = ORIENTED_EDGE('',*,*,#893,.F.);
#1852 = ORIENTED_EDGE('',*,*,#953,.F.);
#1853 = ORIENTED_EDGE('',*,*,#1021,.T.);
#1854 = ORIENTED_EDGE('',*,*,#1081,.F.);
#1855 = ORIENTED_EDGE('',*,*,#1133,.F.);
#1856 = CONICAL_SURFACE('',#1857,24.2,0.902442006546);
#1857 = AXIS2_PLACEMENT_3D('',#1858,#1859,#1860);
#1858 = CARTESIAN_POINT('',(0.,0.,-9.003521874547));
#1859 = DIRECTION('',(0.,0.,1.));
#1860 = DIRECTION('',(1.,0.,0.));
#1861 = ADVANCED_FACE('',(#1862,#1909),#1926,.T.);
#1862 = FACE_BOUND('',#1863,.T.);
#1863 = EDGE_LOOP('',(#1864,#1875,#1893,#1902));
#1864 = ORIENTED_EDGE('',*,*,#1865,.T.);
#1865 = EDGE_CURVE('',#1866,#1868,#1870,.T.);
#1866 = VERTEX_POINT('',#1867);
#1867 = CARTESIAN_POINT('',(7.988218106533,-32.94538467649,4.4));
#1868 = VERTEX_POINT('',#1869);
#1869 = CARTESIAN_POINT('',(23.41778240199,-24.21767183261,4.4));
#1870 = B_SPLINE_CURVE_WITH_KNOTS('',3,(#1871,#1872,#1873,#1874),
  .UNSPECIFIED.,.F.,.F.,(4,4),(3.E-17,1.800220227658E-02),
  .PIECEWISE_BEZIER_KNOTS.);
#1871 = CARTESIAN_POINT('',(7.988218106533,-32.94538467649,4.4));
#1872 = CARTESIAN_POINT('',(13.80473944266,-31.45838208626,4.4));
#1873 = CARTESIAN_POINT('',(19.153663060561,-28.4441525773,4.4));
#1874 = CARTESIAN_POINT('',(23.41778240199,-24.21767183261,4.4));
#1875 = ORIENTED_EDGE('',*,*,#1876,.T.);
#1876 = EDGE_CURVE('',#1868,#1877,#1879,.T.);
#1877 = VERTEX_POINT('',#1878);
#1878 = CARTESIAN_POINT('',(24.636763348567,22.976467381344,4.4));
#1879 = B_SPLINE_CURVE_WITH_KNOTS('',3,(#1880,#1881,#1882,#1883,#1884,
    #1885,#1886,#1887,#1888,#1889,#1890,#1891,#1892),.UNSPECIFIED.,.F.,
  .F.,(4,1,1,1,1,1,1,1,1,1,4),(2.E-17,6.576716368579E-03,
    1.315343273716E-02,1.973014910574E-02,2.630686547432E-02,
    3.288358184289E-02,3.617194002718E-02,3.946029821147E-02,
    4.274865639576E-02,4.603701458005E-02,5.261373094863E-02),
  .UNSPECIFIED.);
#1880 = CARTESIAN_POINT('',(23.41778240199,-24.21767183261,4.4));
#1881 = CARTESIAN_POINT('',(24.982146561352,-22.68178593896,4.4));
#1882 = CARTESIAN_POINT('',(27.80133961318,-19.32880112935,4.4));
#1883 = CARTESIAN_POINT('',(30.996304021546,-13.55706448975,4.4));
#1884 = CARTESIAN_POINT('',(33.003612370041,-7.38903466825,4.4));
#1885 = CARTESIAN_POINT('',(33.806424690871,-0.834856418485,4.4));
#1886 = CARTESIAN_POINT('',(33.424097071925,4.550402831006,4.4));
#1887 = CARTESIAN_POINT('',(32.48688490764,8.842892443167,4.4));
#1888 = CARTESIAN_POINT('',(31.490398712239,11.930470395878,4.4));
#1889 = CARTESIAN_POINT('',(30.207935916774,14.908131345912,4.4));
#1890 = CARTESIAN_POINT('',(28.096944516983,18.745623379902,4.4));
#1891 = CARTESIAN_POINT('',(26.11955089475,21.361760662838,4.4));
#1892 = CARTESIAN_POINT('',(24.636763348567,22.976467381343,4.4));
#1893 = ORIENTED_EDGE('',*,*,#1894,.T.);
#1894 = EDGE_CURVE('',#1877,#1895,#1897,.T.);
#1895 = VERTEX_POINT('',#1896);
#1896 = CARTESIAN_POINT('',(9.68321810654,32.487617442669,4.4));
#1897 = B_SPLINE_CURVE_WITH_KNOTS('',3,(#1898,#1899,#1900,#1901),
  .UNSPECIFIED.,.F.,.F.,(4,4),(1.E-17,1.799818071249E-02),
  .PIECEWISE_BEZIER_KNOTS.);
#1898 = CARTESIAN_POINT('',(24.636763348567,22.976467381343,4.4));
#1899 = CARTESIAN_POINT('',(20.598262869512,27.417002878844,4.4));
#1900 = CARTESIAN_POINT('',(15.413900730244,30.702876068661,4.4));
#1901 = CARTESIAN_POINT('',(9.68321810654,32.487617442669,4.4));
#1902 = ORIENTED_EDGE('',*,*,#1903,.T.);
#1903 = EDGE_CURVE('',#1895,#1866,#1904,.T.);
#1904 = CIRCLE('',#1905,33.9);
#1905 = AXIS2_PLACEMENT_3D('',#1906,#1907,#1908);
#1906 = CARTESIAN_POINT('',(0.,0.,4.4));
#1907 = DIRECTION('',(0.,0.,1.));
#1908 = DIRECTION('',(1.,0.,0.));
#1909 = FACE_BOUND('',#1910,.T.);
#1910 = EDGE_LOOP('',(#1911,#1912,#1913,#1914,#1915,#1916,#1917,#1918,
    #1919,#1920,#1921,#1922,#1923,#1924,#1925));
#1911 = ORIENTED_EDGE('',*,*,#1283,.F.);
#1912 = ORIENTED_EDGE('',*,*,#1307,.F.);
#1913 = ORIENTED_EDGE('',*,*,#1355,.F.);
#1914 = ORIENTED_EDGE('',*,*,#1403,.F.);
#1915 = ORIENTED_EDGE('',*,*,#1443,.F.);
#1916 = ORIENTED_EDGE('',*,*,#1517,.F.);
#1917 = ORIENTED_EDGE('',*,*,#1537,.F.);
#1918 = ORIENTED_EDGE('',*,*,#1556,.F.);
#1919 = ORIENTED_EDGE('',*,*,#1494,.F.);
#1920 = ORIENTED_EDGE('',*,*,#1470,.F.);
#1921 = ORIENTED_EDGE('',*,*,#1420,.F.);
#1922 = ORIENTED_EDGE('',*,*,#1372,.F.);
#1923 = ORIENTED_EDGE('',*,*,#1324,.F.);
#1924 = ORIENTED_EDGE('',*,*,#1184,.F.);
#1925 = ORIENTED_EDGE('',*,*,#1239,.F.);
#1926 = PLANE('',#1927);
#1927 = AXIS2_PLACEMENT_3D('',#1928,#1929,#1930);
#1928 = CARTESIAN_POINT('',(31.95,0.,4.4));
#1929 = DIRECTION('',(0.,0.,1.));
#1930 = DIRECTION('',(1.,0.,0.));
#1931 = ADVANCED_FACE('',(#1932),#1943,.F.);
#1932 = FACE_BOUND('',#1933,.F.);
#1933 = EDGE_LOOP('',(#1934,#1935,#1942));
#1934 = ORIENTED_EDGE('',*,*,#1579,.F.);
#1935 = ORIENTED_EDGE('',*,*,#1936,.F.);
#1936 = EDGE_CURVE('',#1937,#1573,#1939,.T.);
#1937 = VERTEX_POINT('',#1938);
#1938 = CARTESIAN_POINT('',(-15.,-16.,-12.75107577378));
#1939 = B_SPLINE_CURVE_WITH_KNOTS('',1,(#1940,#1941),.UNSPECIFIED.,.F.,
  .F.,(2,2),(0.,1.458291746519),.PIECEWISE_BEZIER_KNOTS.);
#1940 = CARTESIAN_POINT('',(-15.,-16.,-12.75107577378));
#1941 = CARTESIAN_POINT('',(-13.75,-16.,-12.));
#1942 = ORIENTED_EDGE('',*,*,#1936,.T.);
#1943 = CONICAL_SURFACE('',#1944,0.,1.029744258677);
#1944 = AXIS2_PLACEMENT_3D('',#1945,#1946,#1947);
#1945 = CARTESIAN_POINT('',(-15.,-16.,-12.75107577378));
#1946 = DIRECTION('',(0.,0.,1.));
#1947 = DIRECTION('',(1.,0.,0.));
#1948 = ADVANCED_FACE('',(#1949,#1952),#1955,.T.);
#1949 = FACE_BOUND('',#1950,.T.);
#1950 = EDGE_LOOP('',(#1951));
#1951 = ORIENTED_EDGE('',*,*,#1605,.T.);
#1952 = FACE_BOUND('',#1953,.T.);
#1953 = EDGE_LOOP('',(#1954));
#1954 = ORIENTED_EDGE('',*,*,#1811,.T.);
#1955 = PLANE('',#1956);
#1956 = AXIS2_PLACEMENT_3D('',#1957,#1958,#1959);
#1957 = CARTESIAN_POINT('',(1.E-01,-27.,-2.));
#1958 = DIRECTION('',(0.,0.,1.));
#1959 = DIRECTION('',(1.,0.,0.));
#1960 = ADVANCED_FACE('',(#1961),#1972,.F.);
#1961 = FACE_BOUND('',#1962,.F.);
#1962 = EDGE_LOOP('',(#1963,#1964,#1971));
#1963 = ORIENTED_EDGE('',*,*,#1628,.F.);
#1964 = ORIENTED_EDGE('',*,*,#1965,.F.);
#1965 = EDGE_CURVE('',#1966,#1622,#1968,.T.);
#1966 = VERTEX_POINT('',#1967);
#1967 = CARTESIAN_POINT('',(15.,-16.,-12.75107577378));
#1968 = B_SPLINE_CURVE_WITH_KNOTS('',1,(#1969,#1970),.UNSPECIFIED.,.F.,
  .F.,(2,2),(0.,1.458291746519),.PIECEWISE_BEZIER_KNOTS.);
#1969 = CARTESIAN_POINT('',(15.,-16.,-12.75107577378));
#1970 = CARTESIAN_POINT('',(16.25,-16.,-12.));
#1971 = ORIENTED_EDGE('',*,*,#1965,.T.);
#1972 = CONICAL_SURFACE('',#1973,0.,1.029744258677);
#1973 = AXIS2_PLACEMENT_3D('',#1974,#1975,#1976);
#1974 = CARTESIAN_POINT('',(15.,-16.,-12.75107577378));
#1975 = DIRECTION('',(0.,0.,1.));
#1976 = DIRECTION('',(1.,0.,0.));
#1977 = ADVANCED_FACE('',(#1978),#1989,.F.);
#1978 = FACE_BOUND('',#1979,.F.);
#1979 = EDGE_LOOP('',(#1980,#1981,#1988));
#1980 = ORIENTED_EDGE('',*,*,#1652,.F.);
#1981 = ORIENTED_EDGE('',*,*,#1982,.F.);
#1982 = EDGE_CURVE('',#1983,#1646,#1985,.T.);
#1983 = VERTEX_POINT('',#1984);
#1984 = CARTESIAN_POINT('',(-15.,16.,-12.75107577378));
#1985 = B_SPLINE_CURVE_WITH_KNOTS('',1,(#1986,#1987),.UNSPECIFIED.,.F.,
  .F.,(2,2),(0.,1.458291746519),.PIECEWISE_BEZIER_KNOTS.);
#1986 = CARTESIAN_POINT('',(-15.,16.,-12.75107577378));
#1987 = CARTESIAN_POINT('',(-13.75,16.,-12.));
#1988 = ORIENTED_EDGE('',*,*,#1982,.T.);
#1989 = CONICAL_SURFACE('',#1990,0.,1.029744258677);
#1990 = AXIS2_PLACEMENT_3D('',#1991,#1992,#1993);
#1991 = CARTESIAN_POINT('',(-15.,16.,-12.75107577378));
#1992 = DIRECTION('',(0.,0.,1.));
#1993 = DIRECTION('',(1.,0.,0.));
#1994 = ADVANCED_FACE('',(#1995),#2006,.F.);
#1995 = FACE_BOUND('',#1996,.F.);
#1996 = EDGE_LOOP('',(#1997,#1998,#2005));
#1997 = ORIENTED_EDGE('',*,*,#1676,.F.);
#1998 = ORIENTED_EDGE('',*,*,#1999,.F.);
#1999 = EDGE_CURVE('',#2000,#1670,#2002,.T.);
#2000 = VERTEX_POINT('',#2001);
#2001 = CARTESIAN_POINT('',(15.,16.,-12.75107577378));
#2002 = B_SPLINE_CURVE_WITH_KNOTS('',1,(#2003,#2004),.UNSPECIFIED.,.F.,
  .F.,(2,2),(0.,1.458291746519),.PIECEWISE_BEZIER_KNOTS.);
#2003 = CARTESIAN_POINT('',(15.,16.,-12.75107577378));
#2004 = CARTESIAN_POINT('',(16.25,16.,-12.));
#2005 = ORIENTED_EDGE('',*,*,#1999,.T.);
#2006 = CONICAL_SURFACE('',#2007,0.,1.029744258677);
#2007 = AXIS2_PLACEMENT_3D('',#2008,#2009,#2010);
#2008 = CARTESIAN_POINT('',(15.,16.,-12.75107577378));
#2009 = DIRECTION('',(0.,0.,1.));
#2010 = DIRECTION('',(1.,0.,0.));
#2011 = ADVANCED_FACE('',(#2012),#2044,.T.);
#2012 = FACE_BOUND('',#2013,.T.);
#2013 = EDGE_LOOP('',(#2014,#2015,#2027,#2036,#2043));
#2014 = ORIENTED_EDGE('',*,*,#1703,.T.);
#2015 = ORIENTED_EDGE('',*,*,#2016,.F.);
#2016 = EDGE_CURVE('',#2017,#1693,#2019,.T.);
#2017 = VERTEX_POINT('',#2018);
#2018 = CARTESIAN_POINT('',(38.5,-9.E-15,-2.908545257383));
#2019 = ( BOUNDED_CURVE() B_SPLINE_CURVE(6,(#2020,#2021,#2022,#2023,
#2024,#2025,#2026),.UNSPECIFIED.,.F.,.F.) B_SPLINE_CURVE_WITH_KNOTS((7,7
),(0.,0.967105158836),.PIECEWISE_BEZIER_KNOTS.) CURVE() 
GEOMETRIC_REPRESENTATION_ITEM() RATIONAL_B_SPLINE_CURVE((1.011769658598,
    1.003861588971,0.999216306221,0.997681621427,0.999216306221,
1.003861588971,1.011769658598)) REPRESENTATION_ITEM('') );
#2020 = CARTESIAN_POINT('',(38.5,1.414E-14,-2.908545257383));
#2021 = CARTESIAN_POINT('',(38.5,1.414E-14,-3.558360876422));
#2022 = CARTESIAN_POINT('',(38.373727710072,1.41E-14,-4.201972816357));
#2023 = CARTESIAN_POINT('',(38.12504801525,1.401E-14,-4.812183705749));
#2024 = CARTESIAN_POINT('',(37.763866209734,1.387E-14,-5.363315834656));
#2025 = CARTESIAN_POINT('',(37.305698272912,1.371E-14,-5.832637858537));
#2026 = CARTESIAN_POINT('',(36.770740289242,1.351E-14,-6.20152848522));
#2027 = ORIENTED_EDGE('',*,*,#2028,.T.);
#2028 = EDGE_CURVE('',#2017,#2029,#2031,.T.);
#2029 = VERTEX_POINT('',#2030);
#2030 = CARTESIAN_POINT('',(-38.5,0.,-2.908545257383));
#2031 = CIRCLE('',#2032,38.5);
#2032 = AXIS2_PLACEMENT_3D('',#2033,#2034,#2035);
#2033 = CARTESIAN_POINT('',(0.,0.,-2.908545257383));
#2034 = DIRECTION('',(0.,0.,-1.));
#2035 = DIRECTION('',(-1.,0.,0.));
#2036 = ORIENTED_EDGE('',*,*,#2037,.T.);
#2037 = EDGE_CURVE('',#2029,#2017,#2038,.T.);
#2038 = CIRCLE('',#2039,38.5);
#2039 = AXIS2_PLACEMENT_3D('',#2040,#2041,#2042);
#2040 = CARTESIAN_POINT('',(0.,0.,-2.908545257383));
#2041 = DIRECTION('',(0.,0.,-1.));
#2042 = DIRECTION('',(-1.,0.,0.));
#2043 = ORIENTED_EDGE('',*,*,#2016,.T.);
#2044 = TOROIDAL_SURFACE('',#2045,34.5,4.);
#2045 = AXIS2_PLACEMENT_3D('',#2046,#2047,#2048);
#2046 = CARTESIAN_POINT('',(0.,0.,-2.908545257383));
#2047 = DIRECTION('',(0.,0.,-1.));
#2048 = DIRECTION('',(-1.,0.,0.));
#2049 = ADVANCED_FACE('',(#2050,#2061),#2064,.F.);
#2050 = FACE_BOUND('',#2051,.T.);
#2051 = EDGE_LOOP('',(#2052));
#2052 = ORIENTED_EDGE('',*,*,#2053,.T.);
#2053 = EDGE_CURVE('',#2054,#2054,#2056,.T.);
#2054 = VERTEX_POINT('',#2055);
#2055 = CARTESIAN_POINT('',(7.2,0.,-37.2));
#2056 = CIRCLE('',#2057,7.2);
#2057 = AXIS2_PLACEMENT_3D('',#2058,#2059,#2060);
#2058 = CARTESIAN_POINT('',(0.,0.,-37.2));
#2059 = DIRECTION('',(0.,0.,1.));
#2060 = DIRECTION('',(1.,0.,0.));
#2061 = FACE_BOUND('',#2062,.T.);
#2062 = EDGE_LOOP('',(#2063));
#2063 = ORIENTED_EDGE('',*,*,#1711,.F.);
#2064 = PLANE('',#2065);
#2065 = AXIS2_PLACEMENT_3D('',#2066,#2067,#2068);
#2066 = CARTESIAN_POINT('',(9.5,0.,-37.2));
#2067 = DIRECTION('',(0.,0.,1.));
#2068 = DIRECTION('',(1.,0.,0.));
#2069 = ADVANCED_FACE('',(#2070,#2081),#2084,.F.);
#2070 = FACE_BOUND('',#2071,.T.);
#2071 = EDGE_LOOP('',(#2072));
#2072 = ORIENTED_EDGE('',*,*,#2073,.T.);
#2073 = EDGE_CURVE('',#2074,#2074,#2076,.T.);
#2074 = VERTEX_POINT('',#2075);
#2075 = CARTESIAN_POINT('',(-8.7,0.,-16.2));
#2076 = CIRCLE('',#2077,8.7);
#2077 = AXIS2_PLACEMENT_3D('',#2078,#2079,#2080);
#2078 = CARTESIAN_POINT('',(0.,0.,-16.2));
#2079 = DIRECTION('',(0.,0.,-1.));
#2080 = DIRECTION('',(-1.,0.,0.));
#2081 = FACE_BOUND('',#2082,.T.);
#2082 = EDGE_LOOP('',(#2083));
#2083 = ORIENTED_EDGE('',*,*,#1841,.T.);
#2084 = PLANE('',#2085);
#2085 = AXIS2_PLACEMENT_3D('',#2086,#2087,#2088);
#2086 = CARTESIAN_POINT('',(11.542838688591,0.,-16.2));
#2087 = DIRECTION('',(0.,0.,-1.));
#2088 = DIRECTION('',(-1.,0.,0.));
#2089 = ADVANCED_FACE('',(#2090),#2326,.F.);
#2090 = FACE_BOUND('',#2091,.F.);
#2091 = EDGE_LOOP('',(#2092,#2182,#2203,#2293,#2325));
#2092 = ORIENTED_EDGE('',*,*,#2093,.F.);
#2093 = EDGE_CURVE('',#2094,#1868,#2096,.T.);
#2094 = VERTEX_POINT('',#2095);
#2095 = CARTESIAN_POINT('',(31.051432645041,-13.06509442406,0.));
#2096 = ( BOUNDED_CURVE() B_SPLINE_CURVE(2,(#2097,#2098,#2099,#2100,
    #2101,#2102,#2103,#2104,#2105,#2106,#2107,#2108,#2109,#2110,#2111,
    #2112,#2113,#2114,#2115,#2116,#2117,#2118,#2119,#2120,#2121,#2122,
    #2123,#2124,#2125,#2126,#2127,#2128,#2129,#2130,#2131,#2132,#2133,
    #2134,#2135,#2136,#2137,#2138,#2139,#2140,#2141,#2142,#2143,#2144,
    #2145,#2146,#2147,#2148,#2149,#2150,#2151,#2152,#2153,#2154,#2155,
    #2156,#2157,#2158,#2159,#2160,#2161,#2162,#2163,#2164,#2165,#2166,
    #2167,#2168,#2169,#2170,#2171,#2172,#2173,#2174,#2175,#2176,#2177,
    #2178,#2179,#2180,#2181),.UNSPECIFIED.,.F.,.F.) 
B_SPLINE_CURVE_WITH_KNOTS((3,2,2,2,2,2,2,2,2,2,2,2,2,2,2,2,2,2,2,2,2,2,2
    ,2,2,2,2,2,2,2,2,2,2,2,2,2,2,2,2,2,2,2,3),(0.,2.380952380952E-02,
    4.761904761905E-02,7.142857142857E-02,9.52380952381E-02,
    0.119047619048,0.142857142857,0.166666666667,0.190476190476,
    0.214285714286,0.238095238095,0.261904761905,0.285714285714,
    0.309523809524,0.333333333333,0.357142857143,0.380952380952,
    0.404761904762,0.428571428571,0.452380952381,0.47619047619,0.5,
    0.52380952381,0.547619047619,0.571428571429,0.595238095238,
    0.619047619048,0.642857142857,0.666666666667,0.690476190476,
    0.714285714286,0.738095238095,0.761904761905,0.785714285714,
    0.809523809524,0.833333333333,0.857142857143,0.880952380952,
    0.904761904762,0.928571428571,0.952380952381,0.97619047619,1.),
.UNSPECIFIED.) CURVE() GEOMETRIC_REPRESENTATION_ITEM() 
RATIONAL_B_SPLINE_CURVE((1.,0.866025403784,1.,0.866025403784,1.,
    0.866025403784,1.,0.866025403784,1.,0.866025403784,1.,0.866025403784
    ,1.,0.866025403784,1.,0.866025403784,1.,0.866025403784,1.,
    0.866025403784,1.,0.866025403784,1.,0.866025403784,1.,0.866025403784
    ,1.,0.866025403784,1.,0.866025403784,1.,0.866025403784,1.,
    0.866025403784,1.,0.866025403784,1.,0.866025403784,1.,0.866025403784
    ,1.,0.866025403784,1.,0.866025403784,1.,0.866025403784,1.,
    0.866025403784,1.,0.866025403784,1.,0.866025403784,1.,0.866025403784
    ,1.,0.866025403784,1.,0.866025403784,1.,0.866025403784,1.,
    0.866025403784,1.,0.866025403784,1.,0.866025403784,1.,0.866025403784
    ,1.,0.866025403784,1.,0.866025403784,1.,0.866025403784,1.,
    0.866025403784,1.,0.866025403784,1.,0.866025403784,1.,0.866025403784
,1.,0.866025403784,1.)) REPRESENTATION_ITEM('') );
#2097 = CARTESIAN_POINT('',(-33.6881011875,2.11E-15,-2.15625));
#2098 = CARTESIAN_POINT('',(-33.6881011875,-19.44983428909,-2.03125));
#2099 = CARTESIAN_POINT('',(-16.84405059375,-29.17475143363,-1.90625));
#2100 = CARTESIAN_POINT('',(-2.38E-15,-38.89966857818,-1.78125));
#2101 = CARTESIAN_POINT('',(16.84405059375,-29.17475143363,-1.65625));
#2102 = CARTESIAN_POINT('',(33.6881011875,-19.44983428909,-1.53125));
#2103 = CARTESIAN_POINT('',(33.6881011875,-2.01E-15,-1.40625));
#2104 = CARTESIAN_POINT('',(33.6881011875,19.449834289091,-1.28125));
#2105 = CARTESIAN_POINT('',(16.84405059375,29.174751433636,-1.15625));
#2106 = CARTESIAN_POINT('',(7.15E-15,38.899668578181,-1.03125));
#2107 = CARTESIAN_POINT('',(-16.84405059375,29.174751433636,-0.90625));
#2108 = CARTESIAN_POINT('',(-33.6881011875,19.449834289091,-0.78125));
#2109 = CARTESIAN_POINT('',(-33.6881011875,1.036E-14,-0.65625));
#2110 = CARTESIAN_POINT('',(-33.6881011875,-19.44983428909,-0.53125));
#2111 = CARTESIAN_POINT('',(-16.84405059375,-29.17475143363,-0.40625));
#2112 = CARTESIAN_POINT('',(-4.646E-14,-38.89966857818,-0.28125));
#2113 = CARTESIAN_POINT('',(16.84405059375,-29.17475143363,-0.15625));
#2114 = CARTESIAN_POINT('',(33.6881011875,-19.44983428909,-3.125E-02));
#2115 = CARTESIAN_POINT('',(33.6881011875,-1.026E-14,9.375E-02));
#2116 = CARTESIAN_POINT('',(33.6881011875,19.449834289091,0.21875));
#2117 = CARTESIAN_POINT('',(16.84405059375,29.174751433636,0.34375));
#2118 = CARTESIAN_POINT('',(1.667E-14,38.899668578181,0.46875));
#2119 = CARTESIAN_POINT('',(-16.84405059375,29.174751433636,0.59375));
#2120 = CARTESIAN_POINT('',(-33.6881011875,19.449834289091,0.71875));
#2121 = CARTESIAN_POINT('',(-33.6881011875,1.861E-14,0.84375));
#2122 = CARTESIAN_POINT('',(-33.6881011875,-19.44983428909,0.96875));
#2123 = CARTESIAN_POINT('',(-16.84405059375,-29.17475143363,1.09375));
#2124 = CARTESIAN_POINT('',(-9.054E-14,-38.89966857818,1.21875));
#2125 = CARTESIAN_POINT('',(16.84405059375,-29.17475143363,1.34375));
#2126 = CARTESIAN_POINT('',(33.6881011875,-19.44983428909,1.46875));
#2127 = CARTESIAN_POINT('',(33.6881011875,-7.836E-14,1.59375));
#2128 = CARTESIAN_POINT('',(33.6881011875,19.44983428909,1.71875));
#2129 = CARTESIAN_POINT('',(16.84405059375,29.174751433636,1.84375));
#2130 = CARTESIAN_POINT('',(9.53E-14,38.899668578181,1.96875));
#2131 = CARTESIAN_POINT('',(-16.84405059375,29.174751433636,2.09375));
#2132 = CARTESIAN_POINT('',(-33.6881011875,19.449834289091,2.21875));
#2133 = CARTESIAN_POINT('',(-33.6881011875,2.687E-14,2.34375));
#2134 = CARTESIAN_POINT('',(-33.6881011875,-19.44983428909,2.46875));
#2135 = CARTESIAN_POINT('',(-16.84405059375,-29.17475143363,2.59375));
#2136 = CARTESIAN_POINT('',(-1.0006E-13,-38.89966857818,2.71875));
#2137 = CARTESIAN_POINT('',(16.84405059375,-29.17475143363,2.84375));
#2138 = CARTESIAN_POINT('',(33.6881011875,-19.44983428909,2.96875));
#2139 = CARTESIAN_POINT('',(33.6881011875,-2.677E-14,3.09375));
#2140 = CARTESIAN_POINT('',(33.6881011875,19.44983428909,3.21875));
#2141 = CARTESIAN_POINT('',(16.84405059375,29.174751433636,3.34375));
#2142 = CARTESIAN_POINT('',(1.0483E-13,38.899668578181,3.46875));
#2143 = CARTESIAN_POINT('',(-16.84405059375,29.174751433636,3.59375));
#2144 = CARTESIAN_POINT('',(-33.6881011875,19.449834289091,3.71875));
#2145 = CARTESIAN_POINT('',(-33.6881011875,3.512E-14,3.84375));
#2146 = CARTESIAN_POINT('',(-33.6881011875,-19.44983428909,3.96875));
#2147 = CARTESIAN_POINT('',(-16.84405059375,-29.17475143363,4.09375));
#2148 = CARTESIAN_POINT('',(-1.0959E-13,-38.89966857818,4.21875));
#2149 = CARTESIAN_POINT('',(16.84405059375,-29.17475143363,4.34375));
#2150 = CARTESIAN_POINT('',(33.6881011875,-19.44983428909,4.46875));
#2151 = CARTESIAN_POINT('',(33.6881011875,-1.547E-13,4.59375));
#2152 = CARTESIAN_POINT('',(33.6881011875,19.44983428909,4.71875));
#2153 = CARTESIAN_POINT('',(16.84405059375,29.174751433636,4.84375));
#2154 = CARTESIAN_POINT('',(1.1436E-13,38.899668578181,4.96875));
#2155 = CARTESIAN_POINT('',(-16.84405059375,29.174751433636,5.09375));
#2156 = CARTESIAN_POINT('',(-33.6881011875,19.449834289091,5.21875));
#2157 = CARTESIAN_POINT('',(-33.6881011875,1.6305E-13,5.34375));
#2158 = CARTESIAN_POINT('',(-33.6881011875,-19.44983428909,5.46875));
#2159 = CARTESIAN_POINT('',(-16.84405059375,-29.17475143363,5.59375));
#2160 = CARTESIAN_POINT('',(-2.5732E-13,-38.89966857818,5.71875));
#2161 = CARTESIAN_POINT('',(16.84405059375,-29.17475143363,5.84375));
#2162 = CARTESIAN_POINT('',(33.6881011875,-19.44983428909,5.96875));
#2163 = CARTESIAN_POINT('',(33.6881011875,-1.6295E-13,6.09375));
#2164 = CARTESIAN_POINT('',(33.6881011875,19.44983428909,6.21875));
#2165 = CARTESIAN_POINT('',(16.84405059375,29.174751433636,6.34375));
#2166 = CARTESIAN_POINT('',(1.2388E-13,38.899668578181,6.46875));
#2167 = CARTESIAN_POINT('',(-16.84405059375,29.174751433636,6.59375));
#2168 = CARTESIAN_POINT('',(-33.6881011875,19.449834289091,6.71875));
#2169 = CARTESIAN_POINT('',(-33.6881011875,5.162E-14,6.84375));
#2170 = CARTESIAN_POINT('',(-33.6881011875,-19.44983428909,6.96875));
#2171 = CARTESIAN_POINT('',(-16.84405059375,-29.17475143363,7.09375));
#2172 = CARTESIAN_POINT('',(-2.6685E-13,-38.89966857818,7.21875));
#2173 = CARTESIAN_POINT('',(16.84405059375,-29.17475143363,7.34375));
#2174 = CARTESIAN_POINT('',(33.6881011875,-19.44983428909,7.46875));
#2175 = CARTESIAN_POINT('',(33.6881011875,-1.712E-13,7.59375));
#2176 = CARTESIAN_POINT('',(33.6881011875,19.44983428909,7.71875));
#2177 = CARTESIAN_POINT('',(16.84405059375,29.174751433636,7.84375));
#2178 = CARTESIAN_POINT('',(1.3341E-13,38.899668578181,7.96875));
#2179 = CARTESIAN_POINT('',(-16.84405059375,29.174751433636,8.09375));
#2180 = CARTESIAN_POINT('',(-33.6881011875,19.449834289091,8.21875));
#2181 = CARTESIAN_POINT('',(-33.6881011875,5.987E-14,8.34375));
#2182 = ORIENTED_EDGE('',*,*,#2183,.F.);
#2183 = EDGE_CURVE('',#2184,#2094,#2186,.T.);
#2184 = VERTEX_POINT('',#2185);
#2185 = CARTESIAN_POINT('',(-24.6166294589,-24.17170978816,0.));
#2186 = B_SPLINE_CURVE_WITH_KNOTS('',3,(#2187,#2188,#2189,#2190,#2191,
    #2192,#2193,#2194,#2195,#2196,#2197,#2198,#2199,#2200,#2201,#2202),
  .UNSPECIFIED.,.F.,.F.,(4,1,1,1,1,1,1,1,1,1,1,1,1,4),(0.126072227772,
    0.130251278275,0.134430328777,0.138609379279,0.142788429781,
    0.151146530786,0.155325581288,0.15950463179,0.167862732795,
    0.172041783297,0.176220833799,0.184578934804,0.188757985306,
    0.192937035808),.UNSPECIFIED.);
#2187 = CARTESIAN_POINT('',(-24.6166294589,-24.17170978816,-1.11E-15));
#2188 = CARTESIAN_POINT('',(-23.62704830674,-25.15530664314,-1.11E-15));
#2189 = CARTESIAN_POINT('',(-21.50265227363,-27.02424384497,1.69E-15));
#2190 = CARTESIAN_POINT('',(-18.05477272811,-29.38108402943,-3.54E-15));
#2191 = CARTESIAN_POINT('',(-14.35270854517,-31.30968534459,3.97E-15));
#2192 = CARTESIAN_POINT('',(-9.056886781379,-33.27966479754,-1.85E-15));
#2193 = CARTESIAN_POINT('',(-3.575723981914,-34.23574753887,1.48E-15));
#2194 = CARTESIAN_POINT('',(2.070802855943,-34.17193143866,-4.1E-16));
#2195 = CARTESIAN_POINT('',(7.565805584034,-33.43285444191,1.28E-15));
#2196 = CARTESIAN_POINT('',(12.965692403302,-31.65677574369,-1.2E-16));
#2197 = CARTESIAN_POINT('',(17.827577898537,-28.99223987698,6.4E-16));
#2198 = CARTESIAN_POINT('',(22.411266595805,-25.68402452044,1.78E-15));
#2199 = CARTESIAN_POINT('',(26.239282711415,-21.64902771672,3.8E-16));
#2200 = CARTESIAN_POINT('',(29.306326087017,-16.90093087246,7.6E-16));
#2201 = CARTESIAN_POINT('',(30.521205813733,-14.37163107151,-1.E-16));
#2202 = CARTESIAN_POINT('',(31.051432645041,-13.06509442406,-1.E-16));
#2203 = ORIENTED_EDGE('',*,*,#2204,.T.);
#2204 = EDGE_CURVE('',#2184,#2205,#2207,.T.);
#2205 = VERTEX_POINT('',#2206);
#2206 = CARTESIAN_POINT('',(18.919296814498,28.849786967063,3.8));
#2207 = ( BOUNDED_CURVE() B_SPLINE_CURVE(2,(#2208,#2209,#2210,#2211,
    #2212,#2213,#2214,#2215,#2216,#2217,#2218,#2219,#2220,#2221,#2222,
    #2223,#2224,#2225,#2226,#2227,#2228,#2229,#2230,#2231,#2232,#2233,
    #2234,#2235,#2236,#2237,#2238,#2239,#2240,#2241,#2242,#2243,#2244,
    #2245,#2246,#2247,#2248,#2249,#2250,#2251,#2252,#2253,#2254,#2255,
    #2256,#2257,#2258,#2259,#2260,#2261,#2262,#2263,#2264,#2265,#2266,
    #2267,#2268,#2269,#2270,#2271,#2272,#2273,#2274,#2275,#2276,#2277,
    #2278,#2279,#2280,#2281,#2282,#2283,#2284,#2285,#2286,#2287,#2288,
    #2289,#2290,#2291,#2292),.UNSPECIFIED.,.F.,.F.) 
B_SPLINE_CURVE_WITH_KNOTS((3,2,2,2,2,2,2,2,2,2,2,2,2,2,2,2,2,2,2,2,2,2,2
    ,2,2,2,2,2,2,2,2,2,2,2,2,2,2,2,2,2,2,2,3),(0.,2.380952380952E-02,
    4.761904761905E-02,7.142857142857E-02,9.52380952381E-02,
    0.119047619048,0.142857142857,0.166666666667,0.190476190476,
    0.214285714286,0.238095238095,0.261904761905,0.285714285714,
    0.309523809524,0.333333333333,0.357142857143,0.380952380952,
    0.404761904762,0.428571428571,0.452380952381,0.47619047619,0.5,
    0.52380952381,0.547619047619,0.571428571429,0.595238095238,
    0.619047619048,0.642857142857,0.666666666667,0.690476190476,
    0.714285714286,0.738095238095,0.761904761905,0.785714285714,
    0.809523809524,0.833333333333,0.857142857143,0.880952380952,
    0.904761904762,0.928571428571,0.952380952381,0.97619047619,1.),
.UNSPECIFIED.) CURVE() GEOMETRIC_REPRESENTATION_ITEM() 
RATIONAL_B_SPLINE_CURVE((1.,0.866025403784,1.,0.866025403784,1.,
    0.866025403784,1.,0.866025403784,1.,0.866025403784,1.,0.866025403784
    ,1.,0.866025403784,1.,0.866025403784,1.,0.866025403784,1.,
    0.866025403784,1.,0.866025403784,1.,0.866025403784,1.,0.866025403784
    ,1.,0.866025403784,1.,0.866025403784,1.,0.866025403784,1.,
    0.866025403784,1.,0.866025403784,1.,0.866025403784,1.,0.866025403784
    ,1.,0.866025403784,1.,0.866025403784,1.,0.866025403784,1.,
    0.866025403784,1.,0.866025403784,1.,0.866025403784,1.,0.866025403784
    ,1.,0.866025403784,1.,0.866025403784,1.,0.866025403784,1.,
    0.866025403784,1.,0.866025403784,1.,0.866025403784,1.,0.866025403784
    ,1.,0.866025403784,1.,0.866025403784,1.,0.866025403784,1.,
    0.866025403784,1.,0.866025403784,1.,0.866025403784,1.,0.866025403784
,1.,0.866025403784,1.)) REPRESENTATION_ITEM('') );
#2208 = CARTESIAN_POINT('',(-34.5,2.11E-15,-1.6875));
#2209 = CARTESIAN_POINT('',(-34.5,-19.91858428704,-1.5625));
#2210 = CARTESIAN_POINT('',(-17.25,-29.87787643056,-1.4375));
#2211 = CARTESIAN_POINT('',(-2.44E-15,-39.83716857408,-1.3125));
#2212 = CARTESIAN_POINT('',(17.25,-29.87787643056,-1.1875));
#2213 = CARTESIAN_POINT('',(34.5,-19.91858428704,-1.0625));
#2214 = CARTESIAN_POINT('',(34.5,-2.11E-15,-0.9375));
#2215 = CARTESIAN_POINT('',(34.5,19.918584287042,-0.8125));
#2216 = CARTESIAN_POINT('',(17.25,29.877876430563,-0.6875));
#2217 = CARTESIAN_POINT('',(7.32E-15,39.837168574084,-0.5625));
#2218 = CARTESIAN_POINT('',(-17.25,29.877876430563,-0.4375));
#2219 = CARTESIAN_POINT('',(-34.5,19.918584287042,-0.3125));
#2220 = CARTESIAN_POINT('',(-34.5,1.056E-14,-0.1875));
#2221 = CARTESIAN_POINT('',(-34.5,-19.91858428704,-6.25E-02));
#2222 = CARTESIAN_POINT('',(-17.25,-29.87787643056,6.25E-02));
#2223 = CARTESIAN_POINT('',(-4.758E-14,-39.83716857408,0.1875));
#2224 = CARTESIAN_POINT('',(17.25,-29.87787643056,0.3125));
#2225 = CARTESIAN_POINT('',(34.5,-19.91858428704,0.4375));
#2226 = CARTESIAN_POINT('',(34.5,-1.056E-14,0.5625));
#2227 = CARTESIAN_POINT('',(34.5,19.918584287042,0.6875));
#2228 = CARTESIAN_POINT('',(17.25,29.877876430563,0.8125));
#2229 = CARTESIAN_POINT('',(1.708E-14,39.837168574084,0.9375));
#2230 = CARTESIAN_POINT('',(-17.25,29.877876430563,1.0625));
#2231 = CARTESIAN_POINT('',(-34.5,19.918584287042,1.1875));
#2232 = CARTESIAN_POINT('',(-34.5,1.901E-14,1.3125));
#2233 = CARTESIAN_POINT('',(-34.5,-19.91858428704,1.4375));
#2234 = CARTESIAN_POINT('',(-17.25,-29.87787643056,1.5625));
#2235 = CARTESIAN_POINT('',(-9.272E-14,-39.83716857408,1.6875));
#2236 = CARTESIAN_POINT('',(17.25,-29.87787643056,1.8125));
#2237 = CARTESIAN_POINT('',(34.5,-19.91858428704,1.9375));
#2238 = CARTESIAN_POINT('',(34.5,-8.03E-14,2.0625));
#2239 = CARTESIAN_POINT('',(34.5,19.918584287042,2.1875));
#2240 = CARTESIAN_POINT('',(17.25,29.877876430563,2.3125));
#2241 = CARTESIAN_POINT('',(9.76E-14,39.837168574084,2.4375));
#2242 = CARTESIAN_POINT('',(-17.25,29.877876430563,2.5625));
#2243 = CARTESIAN_POINT('',(-34.5,19.918584287042,2.6875));
#2244 = CARTESIAN_POINT('',(-34.5,2.746E-14,2.8125));
#2245 = CARTESIAN_POINT('',(-34.5,-19.91858428704,2.9375));
#2246 = CARTESIAN_POINT('',(-17.25,-29.87787643056,3.0625));
#2247 = CARTESIAN_POINT('',(-1.0248E-13,-39.83716857408,3.1875));
#2248 = CARTESIAN_POINT('',(17.25,-29.87787643056,3.3125));
#2249 = CARTESIAN_POINT('',(34.5,-19.91858428704,3.4375));
#2250 = CARTESIAN_POINT('',(34.5,-2.746E-14,3.5625));
#2251 = CARTESIAN_POINT('',(34.5,19.918584287042,3.6875));
#2252 = CARTESIAN_POINT('',(17.25,29.877876430563,3.8125));
#2253 = CARTESIAN_POINT('',(1.0735E-13,39.837168574084,3.9375));
#2254 = CARTESIAN_POINT('',(-17.25,29.877876430563,4.0625));
#2255 = CARTESIAN_POINT('',(-34.5,19.918584287042,4.1875));
#2256 = CARTESIAN_POINT('',(-34.5,3.591E-14,4.3125));
#2257 = CARTESIAN_POINT('',(-34.5,-19.91858428704,4.4375));
#2258 = CARTESIAN_POINT('',(-17.25,-29.87787643056,4.5625));
#2259 = CARTESIAN_POINT('',(-1.1223E-13,-39.83716857408,4.6875));
#2260 = CARTESIAN_POINT('',(17.25,-29.87787643056,4.8125));
#2261 = CARTESIAN_POINT('',(34.5,-19.91858428704,4.9375));
#2262 = CARTESIAN_POINT('',(34.5,-1.5848E-13,5.0625));
#2263 = CARTESIAN_POINT('',(34.5,19.918584287042,5.1875));
#2264 = CARTESIAN_POINT('',(17.25,29.877876430563,5.3125));
#2265 = CARTESIAN_POINT('',(1.1711E-13,39.837168574084,5.4375));
#2266 = CARTESIAN_POINT('',(-17.25,29.877876430563,5.5625));
#2267 = CARTESIAN_POINT('',(-34.5,19.918584287042,5.6875));
#2268 = CARTESIAN_POINT('',(-34.5,1.6693E-13,5.8125));
#2269 = CARTESIAN_POINT('',(-34.5,-19.91858428704,5.9375));
#2270 = CARTESIAN_POINT('',(-17.25,-29.87787643056,6.0625));
#2271 = CARTESIAN_POINT('',(-2.6352E-13,-39.83716857408,6.1875));
#2272 = CARTESIAN_POINT('',(17.25,-29.87787643056,6.3125));
#2273 = CARTESIAN_POINT('',(34.5,-19.91858428704,6.4375));
#2274 = CARTESIAN_POINT('',(34.5,-1.6693E-13,6.5625));
#2275 = CARTESIAN_POINT('',(34.5,19.918584287042,6.6875));
#2276 = CARTESIAN_POINT('',(17.25,29.877876430563,6.8125));
#2277 = CARTESIAN_POINT('',(1.2687E-13,39.837168574084,6.9375));
#2278 = CARTESIAN_POINT('',(-17.25,29.877876430563,7.0625));
#2279 = CARTESIAN_POINT('',(-34.5,19.918584287042,7.1875));
#2280 = CARTESIAN_POINT('',(-34.5,5.281E-14,7.3125));
#2281 = CARTESIAN_POINT('',(-34.5,-19.91858428704,7.4375));
#2282 = CARTESIAN_POINT('',(-17.25,-29.87787643056,7.5625));
#2283 = CARTESIAN_POINT('',(-2.7328E-13,-39.83716857408,7.6875));
#2284 = CARTESIAN_POINT('',(17.25,-29.87787643056,7.8125));
#2285 = CARTESIAN_POINT('',(34.5,-19.91858428704,7.9375));
#2286 = CARTESIAN_POINT('',(34.5,-1.7538E-13,8.0625));
#2287 = CARTESIAN_POINT('',(34.5,19.918584287042,8.1875));
#2288 = CARTESIAN_POINT('',(17.25,29.877876430563,8.3125));
#2289 = CARTESIAN_POINT('',(1.3663E-13,39.837168574084,8.4375));
#2290 = CARTESIAN_POINT('',(-17.25,29.877876430563,8.5625));
#2291 = CARTESIAN_POINT('',(-34.5,19.918584287042,8.6875));
#2292 = CARTESIAN_POINT('',(-34.5,6.126E-14,8.8125));
#2293 = ORIENTED_EDGE('',*,*,#2294,.T.);
#2294 = EDGE_CURVE('',#2205,#1866,#2295,.T.);
#2295 = B_SPLINE_CURVE_WITH_KNOTS('',3,(#2296,#2297,#2298,#2299,#2300,
    #2301,#2302,#2303,#2304,#2305,#2306,#2307,#2308,#2309,#2310,#2311,
    #2312,#2313,#2314,#2315,#2316,#2317,#2318,#2319,#2320,#2321,#2322,
    #2323,#2324),.UNSPECIFIED.,.F.,.F.,(4,1,1,1,1,1,1,1,1,1,1,1,1,1,1,1,
    1,1,1,1,1,1,1,1,1,1,4),(2.E-17,8.535960809153E-03,1.280394121373E-02
    ,1.707192161831E-02,2.133990202288E-02,2.560788242746E-02,
    2.987586283204E-02,3.414384323661E-02,3.841182364119E-02,
    4.267980404576E-02,4.694778445034E-02,5.121576485492E-02,
    5.548374525949E-02,5.975172566407E-02,6.828768647322E-02,
    7.25556668778E-02,7.682364728238E-02,8.535960809153E-02,
    8.962758849611E-02,9.389556890068E-02,0.10243152971,0.106699510114,
    0.110967490519,0.119503451328,0.123771431733,0.128039412137,
    0.136575372946),.UNSPECIFIED.);
#2296 = CARTESIAN_POINT('',(18.919296814498,28.849786967063,3.8));
#2297 = CARTESIAN_POINT('',(16.532507326816,30.401045400674,
    3.811678359729));
#2298 = CARTESIAN_POINT('',(12.701330040577,32.266724191391,
    3.82865531313));
#2299 = CARTESIAN_POINT('',(7.201673323252,33.773815829349,
    3.854051996135));
#2300 = CARTESIAN_POINT('',(3.035692937323,34.378181919947,3.87318700221
    ));
#2301 = CARTESIAN_POINT('',(-1.191670659863,34.474809827015,
    3.892657427951));
#2302 = CARTESIAN_POINT('',(-5.444464644485,34.041759003771,
    3.912265292274));
#2303 = CARTESIAN_POINT('',(-9.536997183114,33.108535492114,
    3.931133034662));
#2304 = CARTESIAN_POINT('',(-13.54106747571,31.664875524666,
    3.949705154839));
#2305 = CARTESIAN_POINT('',(-17.32959849904,29.737856892956,
    3.966952673088));
#2306 = CARTESIAN_POINT('',(-20.81267678889,27.393300389187,
    3.984107497332));
#2307 = CARTESIAN_POINT('',(-24.03996516404,24.585373091179,
    4.002828769911));
#2308 = CARTESIAN_POINT('',(-26.85676217785,21.437352236138,
    4.021906405788));
#2309 = CARTESIAN_POINT('',(-29.26422532032,17.980805794152,
    4.041314386027));
#2310 = CARTESIAN_POINT('',(-31.91777851231,12.929748571662,
    4.067702874198));
#2311 = CARTESIAN_POINT('',(-33.57212382615,7.557617092564,
    4.093095030331));
#2312 = CARTESIAN_POINT('',(-34.21737054379,1.894386033325,
    4.117404539065));
#2313 = CARTESIAN_POINT('',(-34.1625634524,-3.703613813224,
    4.139674424406));
#2314 = CARTESIAN_POINT('',(-33.04471949162,-9.33326188993,
    4.164982311645));
#2315 = CARTESIAN_POINT('',(-30.95713870027,-14.52874138913,4.1906923952
    ));
#2316 = CARTESIAN_POINT('',(-28.18948194442,-19.5217115856,
    4.217233670727));
#2317 = CARTESIAN_POINT('',(-24.60547499348,-23.84456023967,
    4.242949141483));
#2318 = CARTESIAN_POINT('',(-20.21125817089,-27.48936372899,
    4.268044247255));
#2319 = CARTESIAN_POINT('',(-15.49199353967,-30.50396075216,
    4.290727602792));
#2320 = CARTESIAN_POINT('',(-10.16583363528,-32.64215487657,
    4.315189456374));
#2321 = CARTESIAN_POINT('',(-4.671308212021,-33.72466872518,
    4.340855092548));
#2322 = CARTESIAN_POINT('',(1.010785647374,-34.12557335386,
    4.367359577485));
#2323 = CARTESIAN_POINT('',(5.224313140645,-33.62885583462,
    4.387063583292));
#2324 = CARTESIAN_POINT('',(7.988218106533,-32.94538467649,4.4));
#2325 = ORIENTED_EDGE('',*,*,#1865,.T.);
#2326 = ( BOUNDED_SURFACE() B_SPLINE_SURFACE(1,2,(
    (#2327,#2328,#2329,#2330,#2331,#2332,#2333,#2334,#2335,#2336,#2337
      ,#2338,#2339,#2340,#2341,#2342,#2343,#2344,#2345,#2346,#2347,#2348
      ,#2349,#2350,#2351,#2352,#2353,#2354,#2355,#2356,#2357,#2358,#2359
      ,#2360,#2361,#2362,#2363,#2364,#2365,#2366,#2367,#2368,#2369)
    ,(#2370,#2371,#2372,#2373,#2374,#2375,#2376,#2377,#2378,#2379,#2380
      ,#2381,#2382,#2383,#2384,#2385,#2386,#2387,#2388,#2389,#2390,#2391
      ,#2392,#2393,#2394,#2395,#2396,#2397,#2398,#2399,#2400,#2401,#2402
      ,#2403,#2404,#2405,#2406,#2407,#2408,#2409,#2410,#2411,#2412
)),.UNSPECIFIED.,.F.,.F.,.F.) B_SPLINE_SURFACE_WITH_KNOTS((2,2),(3,2,2,2
    ,2,2,2,2,2,2,2,2,2,2,2,2,2,2,2,2,2,3),(0.,1.),(0.157619241252,
    0.166666666667,0.190476190476,0.214285714286,0.238095238095,
    0.261904761905,0.285714285714,0.309523809524,0.333333333333,
    0.357142857143,0.380952380952,0.404761904762,0.428571428571,
    0.452380952381,0.47619047619,0.5,0.52380952381,0.547619047619,
    0.571428571429,0.595238095238,0.619047619048,0.627509194226),
.UNSPECIFIED.) GEOMETRIC_REPRESENTATION_ITEM() RATIONAL_B_SPLINE_SURFACE
((
    (0.936871693269,0.949090742996,1.,0.866025403784,1.,0.866025403784
      ,1.,0.866025403784,1.,0.866025403784,1.,0.866025403784,1.
      ,0.866025403784,1.,0.866025403784,1.,0.866025403784,1.
      ,0.866025403784,1.,0.866025403784,1.,0.866025403784,1.
      ,0.866025403784,1.,0.866025403784,1.,0.866025403784,1.
      ,0.866025403784,1.,0.866025403784,1.,0.866025403784,1.
      ,0.866025403784,1.,0.866025403784,1.,0.952387283047,0.938616367147
      )
    ,(0.936871693269,0.949090742996,1.,0.866025403784,1.,0.866025403784
      ,1.,0.866025403784,1.,0.866025403784,1.,0.866025403784,1.
      ,0.866025403784,1.,0.866025403784,1.,0.866025403784,1.
      ,0.866025403784,1.,0.866025403784,1.,0.866025403784,1.
      ,0.866025403784,1.,0.866025403784,1.,0.866025403784,1.
      ,0.866025403784,1.,0.866025403784,1.,0.866025403784,1.
      ,0.866025403784,1.,0.866025403784,1.,0.952387283047,0.938616367147
))) REPRESENTATION_ITEM('') SURFACE() );
#2327 = CARTESIAN_POINT('',(-26.77677815592,-20.44241456403,
    -0.499226369274));
#2328 = CARTESIAN_POINT('',(-22.68446593907,-25.80278606183,
    -0.449591826487));
#2329 = CARTESIAN_POINT('',(-16.84405059375,-29.17475143363,-0.40625));
#2330 = CARTESIAN_POINT('',(-2.38E-15,-38.89966857818,-0.28125));
#2331 = CARTESIAN_POINT('',(16.84405059375,-29.17475143363,-0.15625));
#2332 = CARTESIAN_POINT('',(33.6881011875,-19.44983428909,-3.125E-02));
#2333 = CARTESIAN_POINT('',(33.6881011875,-2.01E-15,9.375E-02));
#2334 = CARTESIAN_POINT('',(33.6881011875,19.449834289091,0.21875));
#2335 = CARTESIAN_POINT('',(16.84405059375,29.174751433636,0.34375));
#2336 = CARTESIAN_POINT('',(7.15E-15,38.899668578181,0.46875));
#2337 = CARTESIAN_POINT('',(-16.84405059375,29.174751433636,0.59375));
#2338 = CARTESIAN_POINT('',(-33.6881011875,19.449834289091,0.71875));
#2339 = CARTESIAN_POINT('',(-33.6881011875,2.11E-15,0.84375));
#2340 = CARTESIAN_POINT('',(-33.6881011875,-19.44983428909,0.96875));
#2341 = CARTESIAN_POINT('',(-16.84405059375,-29.17475143363,1.09375));
#2342 = CARTESIAN_POINT('',(-2.38E-15,-38.89966857818,1.21875));
#2343 = CARTESIAN_POINT('',(16.84405059375,-29.17475143363,1.34375));
#2344 = CARTESIAN_POINT('',(33.6881011875,-19.44983428909,1.46875));
#2345 = CARTESIAN_POINT('',(33.6881011875,-2.01E-15,1.59375));
#2346 = CARTESIAN_POINT('',(33.6881011875,19.449834289091,1.71875));
#2347 = CARTESIAN_POINT('',(16.84405059375,29.174751433636,1.84375));
#2348 = CARTESIAN_POINT('',(7.15E-15,38.899668578181,1.96875));
#2349 = CARTESIAN_POINT('',(-16.84405059375,29.174751433636,2.09375));
#2350 = CARTESIAN_POINT('',(-33.6881011875,19.449834289091,2.21875));
#2351 = CARTESIAN_POINT('',(-33.6881011875,2.11E-15,2.34375));
#2352 = CARTESIAN_POINT('',(-33.6881011875,-19.44983428909,2.46875));
#2353 = CARTESIAN_POINT('',(-16.84405059375,-29.17475143363,2.59375));
#2354 = CARTESIAN_POINT('',(-2.38E-15,-38.89966857818,2.71875));
#2355 = CARTESIAN_POINT('',(16.84405059375,-29.17475143363,2.84375));
#2356 = CARTESIAN_POINT('',(33.6881011875,-19.44983428909,2.96875));
#2357 = CARTESIAN_POINT('',(33.6881011875,-2.01E-15,3.09375));
#2358 = CARTESIAN_POINT('',(33.6881011875,19.449834289091,3.21875));
#2359 = CARTESIAN_POINT('',(16.84405059375,29.174751433636,3.34375));
#2360 = CARTESIAN_POINT('',(7.15E-15,38.899668578181,3.46875));
#2361 = CARTESIAN_POINT('',(-16.84405059375,29.174751433636,3.59375));
#2362 = CARTESIAN_POINT('',(-33.6881011875,19.449834289091,3.71875));
#2363 = CARTESIAN_POINT('',(-33.6881011875,2.11E-15,3.84375));
#2364 = CARTESIAN_POINT('',(-33.6881011875,-19.44983428909,3.96875));
#2365 = CARTESIAN_POINT('',(-16.84405059375,-29.17475143363,4.09375));
#2366 = CARTESIAN_POINT('',(-2.38E-15,-38.89966857818,4.21875));
#2367 = CARTESIAN_POINT('',(16.84405059375,-29.17475143363,4.34375));
#2368 = CARTESIAN_POINT('',(22.287373385295,-26.03204755465,
    4.38414499556));
#2369 = CARTESIAN_POINT('',(26.231212349968,-21.13791996082,
    4.430232175373));
#2370 = CARTESIAN_POINT('',(-27.42211088828,-20.93508620547,
    -3.047636927379E-02));
#2371 = CARTESIAN_POINT('',(-23.23117205515,-26.42464513445,
    1.91581735134E-02));
#2372 = CARTESIAN_POINT('',(-17.25,-29.87787643056,6.25E-02));
#2373 = CARTESIAN_POINT('',(-2.44E-15,-39.83716857408,0.1875));
#2374 = CARTESIAN_POINT('',(17.25,-29.87787643056,0.3125));
#2375 = CARTESIAN_POINT('',(34.5,-19.91858428704,0.4375));
#2376 = CARTESIAN_POINT('',(34.5,-2.11E-15,0.5625));
#2377 = CARTESIAN_POINT('',(34.5,19.918584287042,0.6875));
#2378 = CARTESIAN_POINT('',(17.25,29.877876430563,0.8125));
#2379 = CARTESIAN_POINT('',(7.32E-15,39.837168574084,0.9375));
#2380 = CARTESIAN_POINT('',(-17.25,29.877876430563,1.0625));
#2381 = CARTESIAN_POINT('',(-34.5,19.918584287042,1.1875));
#2382 = CARTESIAN_POINT('',(-34.5,2.11E-15,1.3125));
#2383 = CARTESIAN_POINT('',(-34.5,-19.91858428704,1.4375));
#2384 = CARTESIAN_POINT('',(-17.25,-29.87787643056,1.5625));
#2385 = CARTESIAN_POINT('',(-2.44E-15,-39.83716857408,1.6875));
#2386 = CARTESIAN_POINT('',(17.25,-29.87787643056,1.8125));
#2387 = CARTESIAN_POINT('',(34.5,-19.91858428704,1.9375));
#2388 = CARTESIAN_POINT('',(34.5,-2.11E-15,2.0625));
#2389 = CARTESIAN_POINT('',(34.5,19.918584287042,2.1875));
#2390 = CARTESIAN_POINT('',(17.25,29.877876430563,2.3125));
#2391 = CARTESIAN_POINT('',(7.32E-15,39.837168574084,2.4375));
#2392 = CARTESIAN_POINT('',(-17.25,29.877876430563,2.5625));
#2393 = CARTESIAN_POINT('',(-34.5,19.918584287042,2.6875));
#2394 = CARTESIAN_POINT('',(-34.5,2.11E-15,2.8125));
#2395 = CARTESIAN_POINT('',(-34.5,-19.91858428704,2.9375));
#2396 = CARTESIAN_POINT('',(-17.25,-29.87787643056,3.0625));
#2397 = CARTESIAN_POINT('',(-2.44E-15,-39.83716857408,3.1875));
#2398 = CARTESIAN_POINT('',(17.25,-29.87787643056,3.3125));
#2399 = CARTESIAN_POINT('',(34.5,-19.91858428704,3.4375));
#2400 = CARTESIAN_POINT('',(34.5,-2.11E-15,3.5625));
#2401 = CARTESIAN_POINT('',(34.5,19.918584287042,3.6875));
#2402 = CARTESIAN_POINT('',(17.25,29.877876430563,3.8125));
#2403 = CARTESIAN_POINT('',(7.32E-15,39.837168574084,3.9375));
#2404 = CARTESIAN_POINT('',(-17.25,29.877876430563,4.0625));
#2405 = CARTESIAN_POINT('',(-34.5,19.918584287042,4.1875));
#2406 = CARTESIAN_POINT('',(-34.5,2.11E-15,4.3125));
#2407 = CARTESIAN_POINT('',(-34.5,-19.91858428704,4.4375));
#2408 = CARTESIAN_POINT('',(-17.25,-29.87787643056,4.5625));
#2409 = CARTESIAN_POINT('',(-2.44E-15,-39.83716857408,4.6875));
#2410 = CARTESIAN_POINT('',(17.25,-29.87787643056,4.8125));
#2411 = CARTESIAN_POINT('',(22.824509387249,-26.65943193523,
    4.85289499556));
#2412 = CARTESIAN_POINT('',(26.863396694192,-21.64735360385,
    4.898982175373));
#2413 = ADVANCED_FACE('',(#2414),#2439,.T.);
#2414 = FACE_BOUND('',#2415,.T.);
#2415 = EDGE_LOOP('',(#2416,#2417,#2418,#2432));
#2416 = ORIENTED_EDGE('',*,*,#2294,.T.);
#2417 = ORIENTED_EDGE('',*,*,#1903,.F.);
#2418 = ORIENTED_EDGE('',*,*,#2419,.T.);
#2419 = EDGE_CURVE('',#1895,#2420,#2422,.T.);
#2420 = VERTEX_POINT('',#2421);
#2421 = CARTESIAN_POINT('',(33.676677582206,7.49208829527,3.8));
#2422 = B_SPLINE_CURVE_WITH_KNOTS('',3,(#2423,#2424,#2425,#2426,#2427,
    #2428,#2429,#2430,#2431),.UNSPECIFIED.,.F.,.F.,(4,1,1,1,1,1,4),(
    2.E-17,9.146590010094E-03,1.371988501514E-02,1.829318002019E-02,
    2.743977003028E-02,3.201306503533E-02,3.658636004038E-02),
  .UNSPECIFIED.);
#2423 = CARTESIAN_POINT('',(9.68321810654,32.487617442669,4.4));
#2424 = CARTESIAN_POINT('',(12.620217069422,31.665428385586,
    4.349007729079));
#2425 = CARTESIAN_POINT('',(16.816300456229,29.84793482838,
    4.279731602363));
#2426 = CARTESIAN_POINT('',(21.821616834573,26.354062013185,
    4.184096459302));
#2427 = CARTESIAN_POINT('',(26.251812301143,22.304499306297,
    4.084243255735));
#2428 = CARTESIAN_POINT('',(29.883536292051,17.345906076044,
    3.978711110822));
#2429 = CARTESIAN_POINT('',(32.408494649155,11.896393308202,
    3.875984047175));
#2430 = CARTESIAN_POINT('',(33.321256036366,8.974873002319,
    3.824935155274));
#2431 = CARTESIAN_POINT('',(33.676677582206,7.49208829527,3.8));
#2432 = ORIENTED_EDGE('',*,*,#2433,.T.);
#2433 = EDGE_CURVE('',#2420,#2205,#2434,.T.);
#2434 = CIRCLE('',#2435,34.5);
#2435 = AXIS2_PLACEMENT_3D('',#2436,#2437,#2438);
#2436 = CARTESIAN_POINT('',(0.,0.,3.8));
#2437 = DIRECTION('',(0.,0.,1.));
#2438 = DIRECTION('',(1.,0.,0.));
#2439 = CONICAL_SURFACE('',#2440,33.9,0.785398163397);
#2440 = AXIS2_PLACEMENT_3D('',#2441,#2442,#2443);
#2441 = CARTESIAN_POINT('',(0.,0.,4.4));
#2442 = DIRECTION('',(0.,0.,-1.));
#2443 = DIRECTION('',(-1.,0.,0.));
#2444 = ADVANCED_FACE('',(#2445),#2556,.F.);
#2445 = FACE_BOUND('',#2446,.F.);
#2446 = EDGE_LOOP('',(#2447,#2537,#2554,#2555));
#2447 = ORIENTED_EDGE('',*,*,#2448,.F.);
#2448 = EDGE_CURVE('',#2449,#1877,#2451,.T.);
#2449 = VERTEX_POINT('',#2450);
#2450 = CARTESIAN_POINT('',(12.633037945313,31.229705632483,0.));
#2451 = ( BOUNDED_CURVE() B_SPLINE_CURVE(2,(#2452,#2453,#2454,#2455,
    #2456,#2457,#2458,#2459,#2460,#2461,#2462,#2463,#2464,#2465,#2466,
    #2467,#2468,#2469,#2470,#2471,#2472,#2473,#2474,#2475,#2476,#2477,
    #2478,#2479,#2480,#2481,#2482,#2483,#2484,#2485,#2486,#2487,#2488,
    #2489,#2490,#2491,#2492,#2493,#2494,#2495,#2496,#2497,#2498,#2499,
    #2500,#2501,#2502,#2503,#2504,#2505,#2506,#2507,#2508,#2509,#2510,
    #2511,#2512,#2513,#2514,#2515,#2516,#2517,#2518,#2519,#2520,#2521,
    #2522,#2523,#2524,#2525,#2526,#2527,#2528,#2529,#2530,#2531,#2532,
    #2533,#2534,#2535,#2536),.UNSPECIFIED.,.F.,.F.) 
B_SPLINE_CURVE_WITH_KNOTS((3,2,2,2,2,2,2,2,2,2,2,2,2,2,2,2,2,2,2,2,2,2,2
    ,2,2,2,2,2,2,2,2,2,2,2,2,2,2,2,2,2,2,2,3),(0.,2.380952380952E-02,
    4.761904761905E-02,7.142857142857E-02,9.52380952381E-02,
    0.119047619048,0.142857142857,0.166666666667,0.190476190476,
    0.214285714286,0.238095238095,0.261904761905,0.285714285714,
    0.309523809524,0.333333333333,0.357142857143,0.380952380952,
    0.404761904762,0.428571428571,0.452380952381,0.47619047619,0.5,
    0.52380952381,0.547619047619,0.571428571429,0.595238095238,
    0.619047619048,0.642857142857,0.666666666667,0.690476190476,
    0.714285714286,0.738095238095,0.761904761905,0.785714285714,
    0.809523809524,0.833333333333,0.857142857143,0.880952380952,
    0.904761904762,0.928571428571,0.952380952381,0.97619047619,1.),
.UNSPECIFIED.) CURVE() GEOMETRIC_REPRESENTATION_ITEM() 
RATIONAL_B_SPLINE_CURVE((1.,0.866025403784,1.,0.866025403784,1.,
    0.866025403784,1.,0.866025403784,1.,0.866025403784,1.,0.866025403784
    ,1.,0.866025403784,1.,0.866025403784,1.,0.866025403784,1.,
    0.866025403784,1.,0.866025403784,1.,0.866025403784,1.,0.866025403784
    ,1.,0.866025403784,1.,0.866025403784,1.,0.866025403784,1.,
    0.866025403784,1.,0.866025403784,1.,0.866025403784,1.,0.866025403784
    ,1.,0.866025403784,1.,0.866025403784,1.,0.866025403784,1.,
    0.866025403784,1.,0.866025403784,1.,0.866025403784,1.,0.866025403784
    ,1.,0.866025403784,1.,0.866025403784,1.,0.866025403784,1.,
    0.866025403784,1.,0.866025403784,1.,0.866025403784,1.,0.866025403784
    ,1.,0.866025403784,1.,0.866025403784,1.,0.866025403784,1.,
    0.866025403784,1.,0.866025403784,1.,0.866025403784,1.,0.866025403784
,1.,0.866025403784,1.)) REPRESENTATION_ITEM('') );
#2452 = CARTESIAN_POINT('',(-33.6881011875,2.11E-15,-2.53125));
#2453 = CARTESIAN_POINT('',(-33.6881011875,-19.44983428909,-2.40625));
#2454 = CARTESIAN_POINT('',(-16.84405059375,-29.17475143363,-2.28125));
#2455 = CARTESIAN_POINT('',(-2.38E-15,-38.89966857818,-2.15625));
#2456 = CARTESIAN_POINT('',(16.84405059375,-29.17475143363,-2.03125));
#2457 = CARTESIAN_POINT('',(33.6881011875,-19.44983428909,-1.90625));
#2458 = CARTESIAN_POINT('',(33.6881011875,-2.01E-15,-1.78125));
#2459 = CARTESIAN_POINT('',(33.6881011875,19.449834289091,-1.65625));
#2460 = CARTESIAN_POINT('',(16.84405059375,29.174751433636,-1.53125));
#2461 = CARTESIAN_POINT('',(7.15E-15,38.899668578181,-1.40625));
#2462 = CARTESIAN_POINT('',(-16.84405059375,29.174751433636,-1.28125));
#2463 = CARTESIAN_POINT('',(-33.6881011875,19.449834289091,-1.15625));
#2464 = CARTESIAN_POINT('',(-33.6881011875,1.036E-14,-1.03125));
#2465 = CARTESIAN_POINT('',(-33.6881011875,-19.44983428909,-0.90625));
#2466 = CARTESIAN_POINT('',(-16.84405059375,-29.17475143363,-0.78125));
#2467 = CARTESIAN_POINT('',(-4.646E-14,-38.89966857818,-0.65625));
#2468 = CARTESIAN_POINT('',(16.84405059375,-29.17475143363,-0.53125));
#2469 = CARTESIAN_POINT('',(33.6881011875,-19.44983428909,-0.40625));
#2470 = CARTESIAN_POINT('',(33.6881011875,-1.026E-14,-0.28125));
#2471 = CARTESIAN_POINT('',(33.6881011875,19.449834289091,-0.15625));
#2472 = CARTESIAN_POINT('',(16.84405059375,29.174751433636,-3.125E-02));
#2473 = CARTESIAN_POINT('',(1.667E-14,38.899668578181,9.375E-02));
#2474 = CARTESIAN_POINT('',(-16.84405059375,29.174751433636,0.21875));
#2475 = CARTESIAN_POINT('',(-33.6881011875,19.449834289091,0.34375));
#2476 = CARTESIAN_POINT('',(-33.6881011875,1.861E-14,0.46875));
#2477 = CARTESIAN_POINT('',(-33.6881011875,-19.44983428909,0.59375));
#2478 = CARTESIAN_POINT('',(-16.84405059375,-29.17475143363,0.71875));
#2479 = CARTESIAN_POINT('',(-9.054E-14,-38.89966857818,0.84375));
#2480 = CARTESIAN_POINT('',(16.84405059375,-29.17475143363,0.96875));
#2481 = CARTESIAN_POINT('',(33.6881011875,-19.44983428909,1.09375));
#2482 = CARTESIAN_POINT('',(33.6881011875,-7.836E-14,1.21875));
#2483 = CARTESIAN_POINT('',(33.6881011875,19.44983428909,1.34375));
#2484 = CARTESIAN_POINT('',(16.84405059375,29.174751433636,1.46875));
#2485 = CARTESIAN_POINT('',(9.53E-14,38.899668578181,1.59375));
#2486 = CARTESIAN_POINT('',(-16.84405059375,29.174751433636,1.71875));
#2487 = CARTESIAN_POINT('',(-33.6881011875,19.449834289091,1.84375));
#2488 = CARTESIAN_POINT('',(-33.6881011875,2.687E-14,1.96875));
#2489 = CARTESIAN_POINT('',(-33.6881011875,-19.44983428909,2.09375));
#2490 = CARTESIAN_POINT('',(-16.84405059375,-29.17475143363,2.21875));
#2491 = CARTESIAN_POINT('',(-1.0006E-13,-38.89966857818,2.34375));
#2492 = CARTESIAN_POINT('',(16.84405059375,-29.17475143363,2.46875));
#2493 = CARTESIAN_POINT('',(33.6881011875,-19.44983428909,2.59375));
#2494 = CARTESIAN_POINT('',(33.6881011875,-2.677E-14,2.71875));
#2495 = CARTESIAN_POINT('',(33.6881011875,19.44983428909,2.84375));
#2496 = CARTESIAN_POINT('',(16.84405059375,29.174751433636,2.96875));
#2497 = CARTESIAN_POINT('',(1.0483E-13,38.899668578181,3.09375));
#2498 = CARTESIAN_POINT('',(-16.84405059375,29.174751433636,3.21875));
#2499 = CARTESIAN_POINT('',(-33.6881011875,19.449834289091,3.34375));
#2500 = CARTESIAN_POINT('',(-33.6881011875,3.512E-14,3.46875));
#2501 = CARTESIAN_POINT('',(-33.6881011875,-19.44983428909,3.59375));
#2502 = CARTESIAN_POINT('',(-16.84405059375,-29.17475143363,3.71875));
#2503 = CARTESIAN_POINT('',(-1.0959E-13,-38.89966857818,3.84375));
#2504 = CARTESIAN_POINT('',(16.84405059375,-29.17475143363,3.96875));
#2505 = CARTESIAN_POINT('',(33.6881011875,-19.44983428909,4.09375));
#2506 = CARTESIAN_POINT('',(33.6881011875,-1.547E-13,4.21875));
#2507 = CARTESIAN_POINT('',(33.6881011875,19.44983428909,4.34375));
#2508 = CARTESIAN_POINT('',(16.84405059375,29.174751433636,4.46875));
#2509 = CARTESIAN_POINT('',(1.1436E-13,38.899668578181,4.59375));
#2510 = CARTESIAN_POINT('',(-16.84405059375,29.174751433636,4.71875));
#2511 = CARTESIAN_POINT('',(-33.6881011875,19.449834289091,4.84375));
#2512 = CARTESIAN_POINT('',(-33.6881011875,1.6305E-13,4.96875));
#2513 = CARTESIAN_POINT('',(-33.6881011875,-19.44983428909,5.09375));
#2514 = CARTESIAN_POINT('',(-16.84405059375,-29.17475143363,5.21875));
#2515 = CARTESIAN_POINT('',(-2.5732E-13,-38.89966857818,5.34375));
#2516 = CARTESIAN_POINT('',(16.84405059375,-29.17475143363,5.46875));
#2517 = CARTESIAN_POINT('',(33.6881011875,-19.44983428909,5.59375));
#2518 = CARTESIAN_POINT('',(33.6881011875,-1.6295E-13,5.71875));
#2519 = CARTESIAN_POINT('',(33.6881011875,19.44983428909,5.84375));
#2520 = CARTESIAN_POINT('',(16.84405059375,29.174751433636,5.96875));
#2521 = CARTESIAN_POINT('',(1.2388E-13,38.899668578181,6.09375));
#2522 = CARTESIAN_POINT('',(-16.84405059375,29.174751433636,6.21875));
#2523 = CARTESIAN_POINT('',(-33.6881011875,19.449834289091,6.34375));
#2524 = CARTESIAN_POINT('',(-33.6881011875,5.162E-14,6.46875));
#2525 = CARTESIAN_POINT('',(-33.6881011875,-19.44983428909,6.59375));
#2526 = CARTESIAN_POINT('',(-16.84405059375,-29.17475143363,6.71875));
#2527 = CARTESIAN_POINT('',(-2.6685E-13,-38.89966857818,6.84375));
#2528 = CARTESIAN_POINT('',(16.84405059375,-29.17475143363,6.96875));
#2529 = CARTESIAN_POINT('',(33.6881011875,-19.44983428909,7.09375));
#2530 = CARTESIAN_POINT('',(33.6881011875,-1.712E-13,7.21875));
#2531 = CARTESIAN_POINT('',(33.6881011875,19.44983428909,7.34375));
#2532 = CARTESIAN_POINT('',(16.84405059375,29.174751433636,7.46875));
#2533 = CARTESIAN_POINT('',(1.3341E-13,38.899668578181,7.59375));
#2534 = CARTESIAN_POINT('',(-16.84405059375,29.174751433636,7.71875));
#2535 = CARTESIAN_POINT('',(-33.6881011875,19.449834289091,7.84375));
#2536 = CARTESIAN_POINT('',(-33.6881011875,5.987E-14,7.96875));
#2537 = ORIENTED_EDGE('',*,*,#2538,.F.);
#2538 = EDGE_CURVE('',#2094,#2449,#2539,.T.);
#2539 = B_SPLINE_CURVE_WITH_KNOTS('',3,(#2540,#2541,#2542,#2543,#2544,
    #2545,#2546,#2547,#2548,#2549,#2550,#2551,#2552,#2553),
  .UNSPECIFIED.,.F.,.F.,(4,1,1,1,1,1,1,1,1,1,1,4),(0.117793984548,
    0.124497018105,0.127848534884,0.131200051663,0.134551568442,
    0.13790308522,0.144606118778,0.151309152336,0.158012185893,
    0.161363702672,0.164715219451,0.171418253009),.UNSPECIFIED.);
#2540 = CARTESIAN_POINT('',(31.051432645041,-13.06509442406,-1.4443E-13)
  );
#2541 = CARTESIAN_POINT('',(31.893790217897,-11.01830046855,-1.4443E-13)
  );
#2542 = CARTESIAN_POINT('',(32.862095522224,-7.829123731324,1.9106E-13)
  );
#2543 = CARTESIAN_POINT('',(33.518091448992,-3.393627880726,-2.816E-13)
  );
#2544 = CARTESIAN_POINT('',(33.678200428584,-8.339248239709E-02,7.61E-14
    ));
#2545 = CARTESIAN_POINT('',(33.517432634305,3.232377236789,-1.912E-14));
#2546 = CARTESIAN_POINT('',(32.853504109706,7.678134002998,1.189E-14));
#2547 = CARTESIAN_POINT('',(31.245547014793,12.958920904422,9.47E-15));
#2548 = CARTESIAN_POINT('',(28.048970833001,18.914932534894,-4.922E-14)
  );
#2549 = CARTESIAN_POINT('',(24.538213730264,23.173689141743,3.4811E-13)
  );
#2550 = CARTESIAN_POINT('',(21.201137281161,26.185837046931,-6.1444E-13)
  );
#2551 = CARTESIAN_POINT('',(17.638192375108,28.80991082606,4.11443E-12)
  );
#2552 = CARTESIAN_POINT('',(14.705375386998,30.373668911348,-2.7E-16));
#2553 = CARTESIAN_POINT('',(12.633037945313,31.229705632483,-2.7E-16));
#2554 = ORIENTED_EDGE('',*,*,#2093,.T.);
#2555 = ORIENTED_EDGE('',*,*,#1876,.T.);
#2556 = ( BOUNDED_SURFACE() B_SPLINE_SURFACE(3,2,(
    (#2557,#2558,#2559,#2560,#2561,#2562,#2563,#2564,#2565,#2566,#2567
      ,#2568,#2569,#2570,#2571,#2572,#2573,#2574,#2575,#2576,#2577,#2578
      ,#2579,#2580,#2581,#2582,#2583,#2584,#2585,#2586,#2587,#2588,#2589
      ,#2590,#2591,#2592,#2593,#2594,#2595,#2596,#2597)
    ,(#2598,#2599,#2600,#2601,#2602,#2603,#2604,#2605,#2606,#2607,#2608
      ,#2609,#2610,#2611,#2612,#2613,#2614,#2615,#2616,#2617,#2618,#2619
      ,#2620,#2621,#2622,#2623,#2624,#2625,#2626,#2627,#2628,#2629,#2630
      ,#2631,#2632,#2633,#2634,#2635,#2636,#2637,#2638)
    ,(#2639,#2640,#2641,#2642,#2643,#2644,#2645,#2646,#2647,#2648,#2649
      ,#2650,#2651,#2652,#2653,#2654,#2655,#2656,#2657,#2658,#2659,#2660
      ,#2661,#2662,#2663,#2664,#2665,#2666,#2667,#2668,#2669,#2670,#2671
      ,#2672,#2673,#2674,#2675,#2676,#2677,#2678,#2679)
    ,(#2680,#2681,#2682,#2683,#2684,#2685,#2686,#2687,#2688,#2689,#2690
      ,#2691,#2692,#2693,#2694,#2695,#2696,#2697,#2698,#2699,#2700,#2701
      ,#2702,#2703,#2704,#2705,#2706,#2707,#2708,#2709,#2710,#2711,#2712
      ,#2713,#2714,#2715,#2716,#2717,#2718,#2719,#2720
)),.UNSPECIFIED.,.F.,.F.,.F.) B_SPLINE_SURFACE_WITH_KNOTS((4,4),(3,2,2,2
    ,2,2,2,2,2,2,2,2,2,2,2,2,2,2,2,2,3),(0.,1.),(0.202440770092,
    0.214285714286,0.238095238095,0.261904761905,0.285714285714,
    0.309523809524,0.333333333333,0.357142857143,0.380952380952,
    0.404761904762,0.428571428571,0.452380952381,0.47619047619,0.5,
    0.52380952381,0.547619047619,0.571428571429,0.595238095238,
    0.619047619048,0.642857142857,0.662553038743),.UNSPECIFIED.) 
GEOMETRIC_REPRESENTATION_ITEM() RATIONAL_B_SPLINE_SURFACE((
    (0.933014393153,0.933349292149,1.,0.866025403784,1.,0.866025403784
      ,1.,0.866025403784,1.,0.866025403784,1.,0.866025403784,1.
      ,0.866025403784,1.,0.866025403784,1.,0.866025403784,1.
      ,0.866025403784,1.,0.866025403784,1.,0.866025403784,1.
      ,0.866025403784,1.,0.866025403784,1.,0.866025403784,1.
      ,0.866025403784,1.,0.866025403784,1.,0.866025403784,1.
      ,0.866025403784,1.,0.889172512664,0.961704144089)
    ,(0.73659031183,0.736854705774,0.78947368576,0.683704267487
      ,0.78947368576,0.683704267487,0.78947368576,0.683704267487
      ,0.78947368576,0.683704267487,0.78947368576,0.683704267487
      ,0.78947368576,0.683704267487,0.78947368576,0.683704267487
      ,0.78947368576,0.683704267487,0.78947368576,0.683704267487
      ,0.78947368576,0.683704267487,0.78947368576,0.683704267487
      ,0.78947368576,0.683704267487,0.78947368576,0.683704267487
      ,0.78947368576,0.683704267487,0.78947368576,0.683704267487
      ,0.78947368576,0.683704267487,0.78947368576,0.683704267487
      ,0.78947368576,0.683704267487,0.78947368576,0.701978300849
      ,0.759240115244)
    ,(0.73659031183,0.736854705774,0.78947368576,0.683704267487
      ,0.78947368576,0.683704267487,0.78947368576,0.683704267487
      ,0.78947368576,0.683704267487,0.78947368576,0.683704267487
      ,0.78947368576,0.683704267487,0.78947368576,0.683704267487
      ,0.78947368576,0.683704267487,0.78947368576,0.683704267487
      ,0.78947368576,0.683704267487,0.78947368576,0.683704267487
      ,0.78947368576,0.683704267487,0.78947368576,0.683704267487
      ,0.78947368576,0.683704267487,0.78947368576,0.683704267487
      ,0.78947368576,0.683704267487,0.78947368576,0.683704267487
      ,0.78947368576,0.683704267487,0.78947368576,0.701978300849
      ,0.759240115244)
    ,(0.933014393153,0.933349292149,1.,0.866025403784,1.,0.866025403784
      ,1.,0.866025403784,1.,0.866025403784,1.,0.866025403784,1.
      ,0.866025403784,1.,0.866025403784,1.,0.866025403784,1.
      ,0.866025403784,1.,0.866025403784,1.,0.866025403784,1.
      ,0.866025403784,1.,0.866025403784,1.,0.866025403784,1.
      ,0.866025403784,1.,0.866025403784,1.,0.866025403784,1.
      ,0.866025403784,1.,0.889172512664,0.961704144089
))) REPRESENTATION_ITEM('') SURFACE() );
#2557 = CARTESIAN_POINT('',(29.220001928644,-16.7654301737,
    -0.405576820707));
#2558 = CARTESIAN_POINT('',(33.6881011875,-8.978104253134,
    -0.338950390397));
#2559 = CARTESIAN_POINT('',(33.6881011875,-2.01E-15,-0.28125));
#2560 = CARTESIAN_POINT('',(33.6881011875,19.449834289091,-0.15625));
#2561 = CARTESIAN_POINT('',(16.84405059375,29.174751433636,-3.125E-02));
#2562 = CARTESIAN_POINT('',(7.15E-15,38.899668578181,9.375E-02));
#2563 = CARTESIAN_POINT('',(-16.84405059375,29.174751433636,0.21875));
#2564 = CARTESIAN_POINT('',(-33.6881011875,19.449834289091,0.34375));
#2565 = CARTESIAN_POINT('',(-33.6881011875,2.11E-15,0.46875));
#2566 = CARTESIAN_POINT('',(-33.6881011875,-19.44983428909,0.59375));
#2567 = CARTESIAN_POINT('',(-16.84405059375,-29.17475143363,0.71875));
#2568 = CARTESIAN_POINT('',(-2.38E-15,-38.89966857818,0.84375));
#2569 = CARTESIAN_POINT('',(16.84405059375,-29.17475143363,0.96875));
#2570 = CARTESIAN_POINT('',(33.6881011875,-19.44983428909,1.09375));
#2571 = CARTESIAN_POINT('',(33.6881011875,-2.01E-15,1.21875));
#2572 = CARTESIAN_POINT('',(33.6881011875,19.449834289091,1.34375));
#2573 = CARTESIAN_POINT('',(16.84405059375,29.174751433636,1.46875));
#2574 = CARTESIAN_POINT('',(7.15E-15,38.899668578181,1.59375));
#2575 = CARTESIAN_POINT('',(-16.84405059375,29.174751433636,1.71875));
#2576 = CARTESIAN_POINT('',(-33.6881011875,19.449834289091,1.84375));
#2577 = CARTESIAN_POINT('',(-33.6881011875,2.11E-15,1.96875));
#2578 = CARTESIAN_POINT('',(-33.6881011875,-19.44983428909,2.09375));
#2579 = CARTESIAN_POINT('',(-16.84405059375,-29.17475143363,2.21875));
#2580 = CARTESIAN_POINT('',(-2.38E-15,-38.89966857818,2.34375));
#2581 = CARTESIAN_POINT('',(16.84405059375,-29.17475143363,2.46875));
#2582 = CARTESIAN_POINT('',(33.6881011875,-19.44983428909,2.59375));
#2583 = CARTESIAN_POINT('',(33.6881011875,-2.01E-15,2.71875));
#2584 = CARTESIAN_POINT('',(33.6881011875,19.449834289091,2.84375));
#2585 = CARTESIAN_POINT('',(16.84405059375,29.174751433636,2.96875));
#2586 = CARTESIAN_POINT('',(7.15E-15,38.899668578181,3.09375));
#2587 = CARTESIAN_POINT('',(-16.84405059375,29.174751433636,3.21875));
#2588 = CARTESIAN_POINT('',(-33.6881011875,19.449834289091,3.34375));
#2589 = CARTESIAN_POINT('',(-33.6881011875,2.11E-15,3.46875));
#2590 = CARTESIAN_POINT('',(-33.6881011875,-19.44983428909,3.59375));
#2591 = CARTESIAN_POINT('',(-16.84405059375,-29.17475143363,3.71875));
#2592 = CARTESIAN_POINT('',(-2.38E-15,-38.89966857818,3.84375));
#2593 = CARTESIAN_POINT('',(16.84405059375,-29.17475143363,3.96875));
#2594 = CARTESIAN_POINT('',(33.6881011875,-19.44983428909,4.09375));
#2595 = CARTESIAN_POINT('',(33.6881011875,-2.01E-15,4.21875));
#2596 = CARTESIAN_POINT('',(33.6881011875,15.670596883145,4.319461634931
    ));
#2597 = CARTESIAN_POINT('',(21.702630052506,25.765946720881,
    4.428814525623));
#2598 = CARTESIAN_POINT('',(29.119846827579,-16.70796462809,
    -0.297243487219));
#2599 = CARTESIAN_POINT('',(33.572631134234,-8.947330711741,
    -0.230617056909));
#2600 = CARTESIAN_POINT('',(33.572631134234,-2.E-15,-0.172916666511));
#2601 = CARTESIAN_POINT('',(33.572631134234,19.383167622754,
    -4.791666651129E-02));
#2602 = CARTESIAN_POINT('',(16.786315567117,29.074751434131,
    7.708333348871E-02));
#2603 = CARTESIAN_POINT('',(7.12E-15,38.766335245508,0.202083333489));
#2604 = CARTESIAN_POINT('',(-16.78631556711,29.074751434131,
    0.327083333489));
#2605 = CARTESIAN_POINT('',(-33.57263113423,19.383167622754,
    0.452083333489));
#2606 = CARTESIAN_POINT('',(-33.57263113423,2.11E-15,0.577083333489));
#2607 = CARTESIAN_POINT('',(-33.57263113423,-19.38316762275,
    0.702083333489));
#2608 = CARTESIAN_POINT('',(-16.78631556711,-29.07475143413,
    0.827083333489));
#2609 = CARTESIAN_POINT('',(-2.37E-15,-38.7663352455,0.952083333489));
#2610 = CARTESIAN_POINT('',(16.786315567117,-29.07475143413,
    1.077083333489));
#2611 = CARTESIAN_POINT('',(33.572631134234,-19.38316762275,
    1.202083333489));
#2612 = CARTESIAN_POINT('',(33.572631134234,-2.E-15,1.327083333489));
#2613 = CARTESIAN_POINT('',(33.572631134234,19.383167622754,
    1.452083333489));
#2614 = CARTESIAN_POINT('',(16.786315567117,29.074751434131,
    1.577083333489));
#2615 = CARTESIAN_POINT('',(7.12E-15,38.766335245508,1.702083333489));
#2616 = CARTESIAN_POINT('',(-16.78631556711,29.074751434131,
    1.827083333489));
#2617 = CARTESIAN_POINT('',(-33.57263113423,19.383167622754,
    1.952083333489));
#2618 = CARTESIAN_POINT('',(-33.57263113423,2.11E-15,2.077083333489));
#2619 = CARTESIAN_POINT('',(-33.57263113423,-19.38316762275,
    2.202083333489));
#2620 = CARTESIAN_POINT('',(-16.78631556711,-29.07475143413,
    2.327083333489));
#2621 = CARTESIAN_POINT('',(-2.37E-15,-38.7663352455,2.452083333489));
#2622 = CARTESIAN_POINT('',(16.786315567117,-29.07475143413,
    2.577083333489));
#2623 = CARTESIAN_POINT('',(33.572631134234,-19.38316762275,
    2.702083333489));
#2624 = CARTESIAN_POINT('',(33.572631134234,-2.E-15,2.827083333489));
#2625 = CARTESIAN_POINT('',(33.572631134234,19.383167622754,
    2.952083333489));
#2626 = CARTESIAN_POINT('',(16.786315567117,29.074751434131,
    3.077083333489));
#2627 = CARTESIAN_POINT('',(7.12E-15,38.766335245508,3.202083333489));
#2628 = CARTESIAN_POINT('',(-16.78631556711,29.074751434131,
    3.327083333489));
#2629 = CARTESIAN_POINT('',(-33.57263113423,19.383167622754,
    3.452083333489));
#2630 = CARTESIAN_POINT('',(-33.57263113423,2.11E-15,3.577083333489));
#2631 = CARTESIAN_POINT('',(-33.57263113423,-19.38316762275,
    3.702083333489));
#2632 = CARTESIAN_POINT('',(-16.78631556711,-29.07475143413,
    3.827083333489));
#2633 = CARTESIAN_POINT('',(-2.37E-15,-38.7663352455,3.952083333489));
#2634 = CARTESIAN_POINT('',(16.786315567117,-29.07475143413,
    4.077083333489));
#2635 = CARTESIAN_POINT('',(33.572631134234,-19.38316762275,
    4.202083333489));
#2636 = CARTESIAN_POINT('',(33.572631134234,-2.E-15,4.327083333489));
#2637 = CARTESIAN_POINT('',(33.572631134234,15.616884011448,
    4.42779496842));
#2638 = CARTESIAN_POINT('',(21.628241655421,25.677630813025,
    4.537147859111));
#2639 = CARTESIAN_POINT('',(29.119846827579,-16.70796462809,
    -0.138910154196));
#2640 = CARTESIAN_POINT('',(33.572631134234,-8.947330711741,
    -7.228372388592E-02));
#2641 = CARTESIAN_POINT('',(33.572631134234,-2.E-15,-1.458333348871E-02)
  );
#2642 = CARTESIAN_POINT('',(33.572631134234,19.383167622754,
    0.110416666511));
#2643 = CARTESIAN_POINT('',(16.786315567117,29.074751434131,
    0.235416666511));
#2644 = CARTESIAN_POINT('',(7.12E-15,38.766335245508,0.360416666511));
#2645 = CARTESIAN_POINT('',(-16.78631556711,29.074751434131,
    0.485416666511));
#2646 = CARTESIAN_POINT('',(-33.57263113423,19.383167622754,
    0.610416666511));
#2647 = CARTESIAN_POINT('',(-33.57263113423,2.11E-15,0.735416666511));
#2648 = CARTESIAN_POINT('',(-33.57263113423,-19.38316762275,
    0.860416666511));
#2649 = CARTESIAN_POINT('',(-16.78631556711,-29.07475143413,
    0.985416666511));
#2650 = CARTESIAN_POINT('',(-2.37E-15,-38.7663352455,1.110416666511));
#2651 = CARTESIAN_POINT('',(16.786315567117,-29.07475143413,
    1.235416666511));
#2652 = CARTESIAN_POINT('',(33.572631134234,-19.38316762275,
    1.360416666511));
#2653 = CARTESIAN_POINT('',(33.572631134234,-2.E-15,1.485416666511));
#2654 = CARTESIAN_POINT('',(33.572631134234,19.383167622754,
    1.610416666511));
#2655 = CARTESIAN_POINT('',(16.786315567117,29.074751434131,
    1.735416666511));
#2656 = CARTESIAN_POINT('',(7.12E-15,38.766335245508,1.860416666511));
#2657 = CARTESIAN_POINT('',(-16.78631556711,29.074751434131,
    1.985416666511));
#2658 = CARTESIAN_POINT('',(-33.57263113423,19.383167622754,
    2.110416666511));
#2659 = CARTESIAN_POINT('',(-33.57263113423,2.11E-15,2.235416666511));
#2660 = CARTESIAN_POINT('',(-33.57263113423,-19.38316762275,
    2.360416666511));
#2661 = CARTESIAN_POINT('',(-16.78631556711,-29.07475143413,
    2.485416666511));
#2662 = CARTESIAN_POINT('',(-2.37E-15,-38.7663352455,2.610416666511));
#2663 = CARTESIAN_POINT('',(16.786315567117,-29.07475143413,
    2.735416666511));
#2664 = CARTESIAN_POINT('',(33.572631134234,-19.38316762275,
    2.860416666511));
#2665 = CARTESIAN_POINT('',(33.572631134234,-2.E-15,2.985416666511));
#2666 = CARTESIAN_POINT('',(33.572631134234,19.383167622754,
    3.110416666511));
#2667 = CARTESIAN_POINT('',(16.786315567117,29.074751434131,
    3.235416666511));
#2668 = CARTESIAN_POINT('',(7.12E-15,38.766335245508,3.360416666511));
#2669 = CARTESIAN_POINT('',(-16.78631556711,29.074751434131,
    3.485416666511));
#2670 = CARTESIAN_POINT('',(-33.57263113423,19.383167622754,
    3.610416666511));
#2671 = CARTESIAN_POINT('',(-33.57263113423,2.11E-15,3.735416666511));
#2672 = CARTESIAN_POINT('',(-33.57263113423,-19.38316762275,
    3.860416666511));
#2673 = CARTESIAN_POINT('',(-16.78631556711,-29.07475143413,
    3.985416666511));
#2674 = CARTESIAN_POINT('',(-2.37E-15,-38.7663352455,4.110416666511));
#2675 = CARTESIAN_POINT('',(16.786315567117,-29.07475143413,
    4.235416666511));
#2676 = CARTESIAN_POINT('',(33.572631134234,-19.38316762275,
    4.360416666511));
#2677 = CARTESIAN_POINT('',(33.572631134234,-2.E-15,4.485416666511));
#2678 = CARTESIAN_POINT('',(33.572631134234,15.616884011448,
    4.586128301442));
#2679 = CARTESIAN_POINT('',(21.628241655421,25.677630813025,
    4.695481192134));
#2680 = CARTESIAN_POINT('',(29.220001928644,-16.7654301737,
    -3.057682070728E-02));
#2681 = CARTESIAN_POINT('',(33.6881011875,-8.978104253134,
    3.604960960278E-02));
#2682 = CARTESIAN_POINT('',(33.6881011875,-2.01E-15,9.375E-02));
#2683 = CARTESIAN_POINT('',(33.6881011875,19.449834289091,0.21875));
#2684 = CARTESIAN_POINT('',(16.84405059375,29.174751433636,0.34375));
#2685 = CARTESIAN_POINT('',(7.15E-15,38.899668578181,0.46875));
#2686 = CARTESIAN_POINT('',(-16.84405059375,29.174751433636,0.59375));
#2687 = CARTESIAN_POINT('',(-33.6881011875,19.449834289091,0.71875));
#2688 = CARTESIAN_POINT('',(-33.6881011875,2.11E-15,0.84375));
#2689 = CARTESIAN_POINT('',(-33.6881011875,-19.44983428909,0.96875));
#2690 = CARTESIAN_POINT('',(-16.84405059375,-29.17475143363,1.09375));
#2691 = CARTESIAN_POINT('',(-2.38E-15,-38.89966857818,1.21875));
#2692 = CARTESIAN_POINT('',(16.84405059375,-29.17475143363,1.34375));
#2693 = CARTESIAN_POINT('',(33.6881011875,-19.44983428909,1.46875));
#2694 = CARTESIAN_POINT('',(33.6881011875,-2.01E-15,1.59375));
#2695 = CARTESIAN_POINT('',(33.6881011875,19.449834289091,1.71875));
#2696 = CARTESIAN_POINT('',(16.84405059375,29.174751433636,1.84375));
#2697 = CARTESIAN_POINT('',(7.15E-15,38.899668578181,1.96875));
#2698 = CARTESIAN_POINT('',(-16.84405059375,29.174751433636,2.09375));
#2699 = CARTESIAN_POINT('',(-33.6881011875,19.449834289091,2.21875));
#2700 = CARTESIAN_POINT('',(-33.6881011875,2.11E-15,2.34375));
#2701 = CARTESIAN_POINT('',(-33.6881011875,-19.44983428909,2.46875));
#2702 = CARTESIAN_POINT('',(-16.84405059375,-29.17475143363,2.59375));
#2703 = CARTESIAN_POINT('',(-2.38E-15,-38.89966857818,2.71875));
#2704 = CARTESIAN_POINT('',(16.84405059375,-29.17475143363,2.84375));
#2705 = CARTESIAN_POINT('',(33.6881011875,-19.44983428909,2.96875));
#2706 = CARTESIAN_POINT('',(33.6881011875,-2.01E-15,3.09375));
#2707 = CARTESIAN_POINT('',(33.6881011875,19.449834289091,3.21875));
#2708 = CARTESIAN_POINT('',(16.84405059375,29.174751433636,3.34375));
#2709 = CARTESIAN_POINT('',(7.15E-15,38.899668578181,3.46875));
#2710 = CARTESIAN_POINT('',(-16.84405059375,29.174751433636,3.59375));
#2711 = CARTESIAN_POINT('',(-33.6881011875,19.449834289091,3.71875));
#2712 = CARTESIAN_POINT('',(-33.6881011875,2.11E-15,3.84375));
#2713 = CARTESIAN_POINT('',(-33.6881011875,-19.44983428909,3.96875));
#2714 = CARTESIAN_POINT('',(-16.84405059375,-29.17475143363,4.09375));
#2715 = CARTESIAN_POINT('',(-2.38E-15,-38.89966857818,4.21875));
#2716 = CARTESIAN_POINT('',(16.84405059375,-29.17475143363,4.34375));
#2717 = CARTESIAN_POINT('',(33.6881011875,-19.44983428909,4.46875));
#2718 = CARTESIAN_POINT('',(33.6881011875,-2.01E-15,4.59375));
#2719 = CARTESIAN_POINT('',(33.6881011875,15.670596883145,4.694461634931
    ));
#2720 = CARTESIAN_POINT('',(21.702630052506,25.765946720881,
    4.803814525623));
#2721 = ADVANCED_FACE('',(#2722),#2837,.F.);
#2722 = FACE_BOUND('',#2723,.F.);
#2723 = EDGE_LOOP('',(#2724,#2725,#2815,#2835,#2836));
#2724 = ORIENTED_EDGE('',*,*,#2419,.T.);
#2725 = ORIENTED_EDGE('',*,*,#2726,.F.);
#2726 = EDGE_CURVE('',#2727,#2420,#2729,.T.);
#2727 = VERTEX_POINT('',#2728);
#2728 = CARTESIAN_POINT('',(-34.5,2.E-15,0.));
#2729 = ( BOUNDED_CURVE() B_SPLINE_CURVE(2,(#2730,#2731,#2732,#2733,
    #2734,#2735,#2736,#2737,#2738,#2739,#2740,#2741,#2742,#2743,#2744,
    #2745,#2746,#2747,#2748,#2749,#2750,#2751,#2752,#2753,#2754,#2755,
    #2756,#2757,#2758,#2759,#2760,#2761,#2762,#2763,#2764,#2765,#2766,
    #2767,#2768,#2769,#2770,#2771,#2772,#2773,#2774,#2775,#2776,#2777,
    #2778,#2779,#2780,#2781,#2782,#2783,#2784,#2785,#2786,#2787,#2788,
    #2789,#2790,#2791,#2792,#2793,#2794,#2795,#2796,#2797,#2798,#2799,
    #2800,#2801,#2802,#2803,#2804,#2805,#2806,#2807,#2808,#2809,#2810,
    #2811,#2812,#2813,#2814),.UNSPECIFIED.,.F.,.F.) 
B_SPLINE_CURVE_WITH_KNOTS((3,2,2,2,2,2,2,2,2,2,2,2,2,2,2,2,2,2,2,2,2,2,2
    ,2,2,2,2,2,2,2,2,2,2,2,2,2,2,2,2,2,2,2,3),(0.,2.380952380952E-02,
    4.761904761905E-02,7.142857142857E-02,9.52380952381E-02,
    0.119047619048,0.142857142857,0.166666666667,0.190476190476,
    0.214285714286,0.238095238095,0.261904761905,0.285714285714,
    0.309523809524,0.333333333333,0.357142857143,0.380952380952,
    0.404761904762,0.428571428571,0.452380952381,0.47619047619,0.5,
    0.52380952381,0.547619047619,0.571428571429,0.595238095238,
    0.619047619048,0.642857142857,0.666666666667,0.690476190476,
    0.714285714286,0.738095238095,0.761904761905,0.785714285714,
    0.809523809524,0.833333333333,0.857142857143,0.880952380952,
    0.904761904762,0.928571428571,0.952380952381,0.97619047619,1.),
.UNSPECIFIED.) CURVE() GEOMETRIC_REPRESENTATION_ITEM() 
RATIONAL_B_SPLINE_CURVE((1.,0.866025403784,1.,0.866025403784,1.,
    0.866025403784,1.,0.866025403784,1.,0.866025403784,1.,0.866025403784
    ,1.,0.866025403784,1.,0.866025403784,1.,0.866025403784,1.,
    0.866025403784,1.,0.866025403784,1.,0.866025403784,1.,0.866025403784
    ,1.,0.866025403784,1.,0.866025403784,1.,0.866025403784,1.,
    0.866025403784,1.,0.866025403784,1.,0.866025403784,1.,0.866025403784
    ,1.,0.866025403784,1.,0.866025403784,1.,0.866025403784,1.,
    0.866025403784,1.,0.866025403784,1.,0.866025403784,1.,0.866025403784
    ,1.,0.866025403784,1.,0.866025403784,1.,0.866025403784,1.,
    0.866025403784,1.,0.866025403784,1.,0.866025403784,1.,0.866025403784
    ,1.,0.866025403784,1.,0.866025403784,1.,0.866025403784,1.,
    0.866025403784,1.,0.866025403784,1.,0.866025403784,1.,0.866025403784
,1.,0.866025403784,1.)) REPRESENTATION_ITEM('') );
#2730 = CARTESIAN_POINT('',(-34.5,2.11E-15,-3.));
#2731 = CARTESIAN_POINT('',(-34.5,-19.91858428704,-2.875));
#2732 = CARTESIAN_POINT('',(-17.25,-29.87787643056,-2.75));
#2733 = CARTESIAN_POINT('',(-2.44E-15,-39.83716857408,-2.625));
#2734 = CARTESIAN_POINT('',(17.25,-29.87787643056,-2.5));
#2735 = CARTESIAN_POINT('',(34.5,-19.91858428704,-2.375));
#2736 = CARTESIAN_POINT('',(34.5,-2.11E-15,-2.25));
#2737 = CARTESIAN_POINT('',(34.5,19.918584287042,-2.125));
#2738 = CARTESIAN_POINT('',(17.25,29.877876430563,-2.));
#2739 = CARTESIAN_POINT('',(7.32E-15,39.837168574084,-1.875));
#2740 = CARTESIAN_POINT('',(-17.25,29.877876430563,-1.75));
#2741 = CARTESIAN_POINT('',(-34.5,19.918584287042,-1.625));
#2742 = CARTESIAN_POINT('',(-34.5,1.056E-14,-1.5));
#2743 = CARTESIAN_POINT('',(-34.5,-19.91858428704,-1.375));
#2744 = CARTESIAN_POINT('',(-17.25,-29.87787643056,-1.25));
#2745 = CARTESIAN_POINT('',(-4.758E-14,-39.83716857408,-1.125));
#2746 = CARTESIAN_POINT('',(17.25,-29.87787643056,-1.));
#2747 = CARTESIAN_POINT('',(34.5,-19.91858428704,-0.875));
#2748 = CARTESIAN_POINT('',(34.5,-1.056E-14,-0.75));
#2749 = CARTESIAN_POINT('',(34.5,19.918584287042,-0.625));
#2750 = CARTESIAN_POINT('',(17.25,29.877876430563,-0.5));
#2751 = CARTESIAN_POINT('',(1.708E-14,39.837168574084,-0.375));
#2752 = CARTESIAN_POINT('',(-17.25,29.877876430563,-0.25));
#2753 = CARTESIAN_POINT('',(-34.5,19.918584287042,-0.125));
#2754 = CARTESIAN_POINT('',(-34.5,1.901E-14,0.));
#2755 = CARTESIAN_POINT('',(-34.5,-19.91858428704,0.125));
#2756 = CARTESIAN_POINT('',(-17.25,-29.87787643056,0.25));
#2757 = CARTESIAN_POINT('',(-9.272E-14,-39.83716857408,0.375));
#2758 = CARTESIAN_POINT('',(17.25,-29.87787643056,0.5));
#2759 = CARTESIAN_POINT('',(34.5,-19.91858428704,0.625));
#2760 = CARTESIAN_POINT('',(34.5,-8.03E-14,0.75));
#2761 = CARTESIAN_POINT('',(34.5,19.918584287042,0.875));
#2762 = CARTESIAN_POINT('',(17.25,29.877876430563,1.));
#2763 = CARTESIAN_POINT('',(9.76E-14,39.837168574084,1.125));
#2764 = CARTESIAN_POINT('',(-17.25,29.877876430563,1.25));
#2765 = CARTESIAN_POINT('',(-34.5,19.918584287042,1.375));
#2766 = CARTESIAN_POINT('',(-34.5,2.746E-14,1.5));
#2767 = CARTESIAN_POINT('',(-34.5,-19.91858428704,1.625));
#2768 = CARTESIAN_POINT('',(-17.25,-29.87787643056,1.75));
#2769 = CARTESIAN_POINT('',(-1.0248E-13,-39.83716857408,1.875));
#2770 = CARTESIAN_POINT('',(17.25,-29.87787643056,2.));
#2771 = CARTESIAN_POINT('',(34.5,-19.91858428704,2.125));
#2772 = CARTESIAN_POINT('',(34.5,-2.746E-14,2.25));
#2773 = CARTESIAN_POINT('',(34.5,19.918584287042,2.375));
#2774 = CARTESIAN_POINT('',(17.25,29.877876430563,2.5));
#2775 = CARTESIAN_POINT('',(1.0735E-13,39.837168574084,2.625));
#2776 = CARTESIAN_POINT('',(-17.25,29.877876430563,2.75));
#2777 = CARTESIAN_POINT('',(-34.5,19.918584287042,2.875));
#2778 = CARTESIAN_POINT('',(-34.5,3.591E-14,3.));
#2779 = CARTESIAN_POINT('',(-34.5,-19.91858428704,3.125));
#2780 = CARTESIAN_POINT('',(-17.25,-29.87787643056,3.25));
#2781 = CARTESIAN_POINT('',(-1.1223E-13,-39.83716857408,3.375));
#2782 = CARTESIAN_POINT('',(17.25,-29.87787643056,3.5));
#2783 = CARTESIAN_POINT('',(34.5,-19.91858428704,3.625));
#2784 = CARTESIAN_POINT('',(34.5,-1.5848E-13,3.75));
#2785 = CARTESIAN_POINT('',(34.5,19.918584287042,3.875));
#2786 = CARTESIAN_POINT('',(17.25,29.877876430563,4.));
#2787 = CARTESIAN_POINT('',(1.1711E-13,39.837168574084,4.125));
#2788 = CARTESIAN_POINT('',(-17.25,29.877876430563,4.25));
#2789 = CARTESIAN_POINT('',(-34.5,19.918584287042,4.375));
#2790 = CARTESIAN_POINT('',(-34.5,1.6693E-13,4.5));
#2791 = CARTESIAN_POINT('',(-34.5,-19.91858428704,4.625));
#2792 = CARTESIAN_POINT('',(-17.25,-29.87787643056,4.75));
#2793 = CARTESIAN_POINT('',(-2.6352E-13,-39.83716857408,4.875));
#2794 = CARTESIAN_POINT('',(17.25,-29.87787643056,5.));
#2795 = CARTESIAN_POINT('',(34.5,-19.91858428704,5.125));
#2796 = CARTESIAN_POINT('',(34.5,-1.6693E-13,5.25));
#2797 = CARTESIAN_POINT('',(34.5,19.918584287042,5.375));
#2798 = CARTESIAN_POINT('',(17.25,29.877876430563,5.5));
#2799 = CARTESIAN_POINT('',(1.2687E-13,39.837168574084,5.625));
#2800 = CARTESIAN_POINT('',(-17.25,29.877876430563,5.75));
#2801 = CARTESIAN_POINT('',(-34.5,19.918584287042,5.875));
#2802 = CARTESIAN_POINT('',(-34.5,5.281E-14,6.));
#2803 = CARTESIAN_POINT('',(-34.5,-19.91858428704,6.125));
#2804 = CARTESIAN_POINT('',(-17.25,-29.87787643056,6.25));
#2805 = CARTESIAN_POINT('',(-2.7328E-13,-39.83716857408,6.375));
#2806 = CARTESIAN_POINT('',(17.25,-29.87787643056,6.5));
#2807 = CARTESIAN_POINT('',(34.5,-19.91858428704,6.625));
#2808 = CARTESIAN_POINT('',(34.5,-1.7538E-13,6.75));
#2809 = CARTESIAN_POINT('',(34.5,19.918584287042,6.875));
#2810 = CARTESIAN_POINT('',(17.25,29.877876430563,7.));
#2811 = CARTESIAN_POINT('',(1.3663E-13,39.837168574084,7.125));
#2812 = CARTESIAN_POINT('',(-17.25,29.877876430563,7.25));
#2813 = CARTESIAN_POINT('',(-34.5,19.918584287042,7.375));
#2814 = CARTESIAN_POINT('',(-34.5,6.126E-14,7.5));
#2815 = ORIENTED_EDGE('',*,*,#2816,.T.);
#2816 = EDGE_CURVE('',#2727,#2449,#2817,.T.);
#2817 = B_SPLINE_CURVE_WITH_KNOTS('',3,(#2818,#2819,#2820,#2821,#2822,
    #2823,#2824,#2825,#2826,#2827,#2828,#2829,#2830,#2831,#2832,#2833,
    #2834),.UNSPECIFIED.,.F.,.F.,(4,1,1,1,1,1,1,1,1,1,1,1,1,1,4),(
    0.106083478497,0.114485706994,0.118686821242,0.12288793549,
    0.127089049739,0.131290163987,0.135491278236,0.139692392484,
    0.143893506733,0.148094620981,0.15229573523,0.156496849478,
    0.160697963727,0.164899077975,0.173301306472),.UNSPECIFIED.);
#2818 = CARTESIAN_POINT('',(-34.5,2.11E-15,-4.4E-16));
#2819 = CARTESIAN_POINT('',(-34.46953979564,2.802338813181,-4.4E-16));
#2820 = CARTESIAN_POINT('',(-33.91339761046,6.95969906601,2.31E-15));
#2821 = CARTESIAN_POINT('',(-32.16714077164,12.295171482495,-1.8E-15));
#2822 = CARTESIAN_POINT('',(-30.40661395814,16.050197834075,1.21E-15));
#2823 = CARTESIAN_POINT('',(-28.20486043074,19.576700052325,3.5E-16));
#2824 = CARTESIAN_POINT('',(-25.55347977949,22.849571095133,8.5E-16));
#2825 = CARTESIAN_POINT('',(-22.57970785849,25.723320688518,8.8E-16));
#2826 = CARTESIAN_POINT('',(-19.24861648731,28.246197955372,3.5E-16));
#2827 = CARTESIAN_POINT('',(-15.61824704115,30.350558856269,-7.E-16));
#2828 = CARTESIAN_POINT('',(-11.81866022192,31.971046216969,1.53E-15));
#2829 = CARTESIAN_POINT('',(-7.780953744793,33.135087275448,-2.8E-16));
#2830 = CARTESIAN_POINT('',(-3.659348527961,33.78345858987,7.4E-16));
#2831 = CARTESIAN_POINT('',(0.476660070351,33.927216577898,3.2E-16));
#2832 = CARTESIAN_POINT('',(6.074982339501,33.427105135621,9.4E-16));
#2833 = CARTESIAN_POINT('',(10.064010210125,32.304721671308,4.E-16));
#2834 = CARTESIAN_POINT('',(12.633037945313,31.229705632483,4.E-16));
#2835 = ORIENTED_EDGE('',*,*,#2448,.T.);
#2836 = ORIENTED_EDGE('',*,*,#1894,.T.);
#2837 = ( BOUNDED_SURFACE() B_SPLINE_SURFACE(1,2,(
    (#2838,#2839,#2840,#2841,#2842,#2843,#2844,#2845,#2846,#2847,#2848
      ,#2849,#2850,#2851,#2852,#2853,#2854,#2855,#2856,#2857,#2858,#2859
      ,#2860,#2861,#2862,#2863,#2864,#2865,#2866,#2867,#2868,#2869,#2870
      ,#2871,#2872,#2873,#2874,#2875,#2876)
    ,(#2877,#2878,#2879,#2880,#2881,#2882,#2883,#2884,#2885,#2886,#2887
      ,#2888,#2889,#2890,#2891,#2892,#2893,#2894,#2895,#2896,#2897,#2898
      ,#2899,#2900,#2901,#2902,#2903,#2904,#2905,#2906,#2907,#2908,#2909
      ,#2910,#2911,#2912,#2913,#2914,#2915
)),.UNSPECIFIED.,.F.,.F.,.F.) B_SPLINE_SURFACE_WITH_KNOTS((2,2),(3,2,2,2
    ,2,2,2,2,2,2,2,2,2,2,2,2,2,2,2,3),(0.,1.),(0.238769637996,
    0.261904761905,0.285714285714,0.309523809524,0.333333333333,
    0.357142857143,0.380952380952,0.404761904762,0.428571428571,
    0.452380952381,0.47619047619,0.5,0.52380952381,0.547619047619,
    0.571428571429,0.595238095238,0.619047619048,0.642857142857,
    0.666666666667,0.674675464201),.UNSPECIFIED.) 
GEOMETRIC_REPRESENTATION_ITEM() RATIONAL_B_SPLINE_SURFACE((
    (0.99262536788,0.869820206867,1.,0.866025403784,1.,0.866025403784,1.
      ,0.866025403784,1.,0.866025403784,1.,0.866025403784,1.
      ,0.866025403784,1.,0.866025403784,1.,0.866025403784,1.
      ,0.866025403784,1.,0.866025403784,1.,0.866025403784,1.
      ,0.866025403784,1.,0.866025403784,1.,0.866025403784,1.
      ,0.866025403784,1.,0.866025403784,1.,0.866025403784,1.
      ,0.954935032533,0.940187025896)
    ,(0.99262536788,0.869820206867,1.,0.866025403784,1.,0.866025403784
      ,1.,0.866025403784,1.,0.866025403784,1.,0.866025403784,1.
      ,0.866025403784,1.,0.866025403784,1.,0.866025403784,1.
      ,0.866025403784,1.,0.866025403784,1.,0.866025403784,1.
      ,0.866025403784,1.,0.866025403784,1.,0.866025403784,1.
      ,0.866025403784,1.,0.866025403784,1.,0.866025403784,1.
,0.954935032533,0.940187025896))) REPRESENTATION_ITEM('') SURFACE() );
#2838 = CARTESIAN_POINT('',(16.393691991896,30.356166801407,
    -0.493794869506));
#2839 = CARTESIAN_POINT('',(-0.561728416925,39.512854521361,
    -0.370929504225));
#2840 = CARTESIAN_POINT('',(-17.25,29.877876430563,-0.25));
#2841 = CARTESIAN_POINT('',(-34.5,19.918584287042,-0.125));
#2842 = CARTESIAN_POINT('',(-34.5,2.11E-15,0.));
#2843 = CARTESIAN_POINT('',(-34.5,-19.91858428704,0.125));
#2844 = CARTESIAN_POINT('',(-17.25,-29.87787643056,0.25));
#2845 = CARTESIAN_POINT('',(-2.44E-15,-39.83716857408,0.375));
#2846 = CARTESIAN_POINT('',(17.25,-29.87787643056,0.5));
#2847 = CARTESIAN_POINT('',(34.5,-19.91858428704,0.625));
#2848 = CARTESIAN_POINT('',(34.5,-2.11E-15,0.75));
#2849 = CARTESIAN_POINT('',(34.5,19.918584287042,0.875));
#2850 = CARTESIAN_POINT('',(17.25,29.877876430563,1.));
#2851 = CARTESIAN_POINT('',(7.32E-15,39.837168574084,1.125));
#2852 = CARTESIAN_POINT('',(-17.25,29.877876430563,1.25));
#2853 = CARTESIAN_POINT('',(-34.5,19.918584287042,1.375));
#2854 = CARTESIAN_POINT('',(-34.5,2.11E-15,1.5));
#2855 = CARTESIAN_POINT('',(-34.5,-19.91858428704,1.625));
#2856 = CARTESIAN_POINT('',(-17.25,-29.87787643056,1.75));
#2857 = CARTESIAN_POINT('',(-2.44E-15,-39.83716857408,1.875));
#2858 = CARTESIAN_POINT('',(17.25,-29.87787643056,2.));
#2859 = CARTESIAN_POINT('',(34.5,-19.91858428704,2.125));
#2860 = CARTESIAN_POINT('',(34.5,-2.11E-15,2.25));
#2861 = CARTESIAN_POINT('',(34.5,19.918584287042,2.375));
#2862 = CARTESIAN_POINT('',(17.25,29.877876430563,2.5));
#2863 = CARTESIAN_POINT('',(7.32E-15,39.837168574084,2.625));
#2864 = CARTESIAN_POINT('',(-17.25,29.877876430563,2.75));
#2865 = CARTESIAN_POINT('',(-34.5,19.918584287042,2.875));
#2866 = CARTESIAN_POINT('',(-34.5,2.11E-15,3.));
#2867 = CARTESIAN_POINT('',(-34.5,-19.91858428704,3.125));
#2868 = CARTESIAN_POINT('',(-17.25,-29.87787643056,3.25));
#2869 = CARTESIAN_POINT('',(-2.44E-15,-39.83716857408,3.375));
#2870 = CARTESIAN_POINT('',(17.25,-29.87787643056,3.5));
#2871 = CARTESIAN_POINT('',(34.5,-19.91858428704,3.625));
#2872 = CARTESIAN_POINT('',(34.5,-2.11E-15,3.75));
#2873 = CARTESIAN_POINT('',(34.5,19.918584287042,3.875));
#2874 = CARTESIAN_POINT('',(17.25,29.877876430563,4.));
#2875 = CARTESIAN_POINT('',(11.987858646057,32.915975157776,
    4.038131459087));
#2876 = CARTESIAN_POINT('',(6.004392973812,33.973478847714,
    4.081489905987));
#2877 = CARTESIAN_POINT('',(16.007894337962,29.641786054216,
    -2.504486950649E-02));
#2878 = CARTESIAN_POINT('',(-0.548509094182,38.582986705002,
    9.782049577482E-02));
#2879 = CARTESIAN_POINT('',(-16.84405059375,29.174751433636,0.21875));
#2880 = CARTESIAN_POINT('',(-33.6881011875,19.449834289091,0.34375));
#2881 = CARTESIAN_POINT('',(-33.6881011875,2.11E-15,0.46875));
#2882 = CARTESIAN_POINT('',(-33.6881011875,-19.44983428909,0.59375));
#2883 = CARTESIAN_POINT('',(-16.84405059375,-29.17475143363,0.71875));
#2884 = CARTESIAN_POINT('',(-2.38E-15,-38.89966857818,0.84375));
#2885 = CARTESIAN_POINT('',(16.84405059375,-29.17475143363,0.96875));
#2886 = CARTESIAN_POINT('',(33.6881011875,-19.44983428909,1.09375));
#2887 = CARTESIAN_POINT('',(33.6881011875,-2.01E-15,1.21875));
#2888 = CARTESIAN_POINT('',(33.6881011875,19.449834289091,1.34375));
#2889 = CARTESIAN_POINT('',(16.84405059375,29.174751433636,1.46875));
#2890 = CARTESIAN_POINT('',(7.15E-15,38.899668578181,1.59375));
#2891 = CARTESIAN_POINT('',(-16.84405059375,29.174751433636,1.71875));
#2892 = CARTESIAN_POINT('',(-33.6881011875,19.449834289091,1.84375));
#2893 = CARTESIAN_POINT('',(-33.6881011875,2.11E-15,1.96875));
#2894 = CARTESIAN_POINT('',(-33.6881011875,-19.44983428909,2.09375));
#2895 = CARTESIAN_POINT('',(-16.84405059375,-29.17475143363,2.21875));
#2896 = CARTESIAN_POINT('',(-2.38E-15,-38.89966857818,2.34375));
#2897 = CARTESIAN_POINT('',(16.84405059375,-29.17475143363,2.46875));
#2898 = CARTESIAN_POINT('',(33.6881011875,-19.44983428909,2.59375));
#2899 = CARTESIAN_POINT('',(33.6881011875,-2.01E-15,2.71875));
#2900 = CARTESIAN_POINT('',(33.6881011875,19.449834289091,2.84375));
#2901 = CARTESIAN_POINT('',(16.84405059375,29.174751433636,2.96875));
#2902 = CARTESIAN_POINT('',(7.15E-15,38.899668578181,3.09375));
#2903 = CARTESIAN_POINT('',(-16.84405059375,29.174751433636,3.21875));
#2904 = CARTESIAN_POINT('',(-33.6881011875,19.449834289091,3.34375));
#2905 = CARTESIAN_POINT('',(-33.6881011875,2.11E-15,3.46875));
#2906 = CARTESIAN_POINT('',(-33.6881011875,-19.44983428909,3.59375));
#2907 = CARTESIAN_POINT('',(-16.84405059375,-29.17475143363,3.71875));
#2908 = CARTESIAN_POINT('',(-2.38E-15,-38.89966857818,3.84375));
#2909 = CARTESIAN_POINT('',(16.84405059375,-29.17475143363,3.96875));
#2910 = CARTESIAN_POINT('',(33.6881011875,-19.44983428909,4.09375));
#2911 = CARTESIAN_POINT('',(33.6881011875,-2.01E-15,4.21875));
#2912 = CARTESIAN_POINT('',(33.6881011875,19.449834289091,4.34375));
#2913 = CARTESIAN_POINT('',(16.84405059375,29.174751433636,4.46875));
#2914 = CARTESIAN_POINT('',(11.705744785212,32.141353675374,
    4.506881459087));
#2915 = CARTESIAN_POINT('',(5.863089799168,33.173970814874,
    4.550239905987));
#2916 = ADVANCED_FACE('',(#2917),#2936,.T.);
#2917 = FACE_BOUND('',#2918,.T.);
#2918 = EDGE_LOOP('',(#2919,#2920,#2927,#2934,#2935));
#2919 = ORIENTED_EDGE('',*,*,#2028,.F.);
#2920 = ORIENTED_EDGE('',*,*,#2921,.T.);
#2921 = EDGE_CURVE('',#2017,#2922,#2924,.T.);
#2922 = VERTEX_POINT('',#2923);
#2923 = CARTESIAN_POINT('',(38.5,0.,0.));
#2924 = B_SPLINE_CURVE_WITH_KNOTS('',1,(#2925,#2926),.UNSPECIFIED.,.F.,
  .F.,(2,2),(-4.620717840128,-1.712172582746),.PIECEWISE_BEZIER_KNOTS.);
#2925 = CARTESIAN_POINT('',(38.5,0.,-2.908545257383));
#2926 = CARTESIAN_POINT('',(38.5,0.,-2.2E-16));
#2927 = ORIENTED_EDGE('',*,*,#2928,.F.);
#2928 = EDGE_CURVE('',#2922,#2922,#2929,.T.);
#2929 = CIRCLE('',#2930,38.5);
#2930 = AXIS2_PLACEMENT_3D('',#2931,#2932,#2933);
#2931 = CARTESIAN_POINT('',(0.,0.,0.));
#2932 = DIRECTION('',(0.,0.,1.));
#2933 = DIRECTION('',(1.,0.,0.));
#2934 = ORIENTED_EDGE('',*,*,#2921,.F.);
#2935 = ORIENTED_EDGE('',*,*,#2037,.F.);
#2936 = CYLINDRICAL_SURFACE('',#2937,38.5);
#2937 = AXIS2_PLACEMENT_3D('',#2938,#2939,#2940);
#2938 = CARTESIAN_POINT('',(0.,0.,1.712172582746));
#2939 = DIRECTION('',(0.,0.,1.));
#2940 = DIRECTION('',(1.,0.,0.));
#2941 = ADVANCED_FACE('',(#2942),#2960,.F.);
#2942 = FACE_BOUND('',#2943,.F.);
#2943 = EDGE_LOOP('',(#2944,#2953,#2958,#2959));
#2944 = ORIENTED_EDGE('',*,*,#2945,.F.);
#2945 = EDGE_CURVE('',#2946,#2946,#2948,.T.);
#2946 = VERTEX_POINT('',#2947);
#2947 = CARTESIAN_POINT('',(6.6,0.,-36.6));
#2948 = CIRCLE('',#2949,6.6);
#2949 = AXIS2_PLACEMENT_3D('',#2950,#2951,#2952);
#2950 = CARTESIAN_POINT('',(0.,0.,-36.6));
#2951 = DIRECTION('',(0.,0.,1.));
#2952 = DIRECTION('',(1.,0.,0.));
#2953 = ORIENTED_EDGE('',*,*,#2954,.T.);
#2954 = EDGE_CURVE('',#2946,#2054,#2955,.T.);
#2955 = B_SPLINE_CURVE_WITH_KNOTS('',1,(#2956,#2957),.UNSPECIFIED.,.F.,
  .F.,(2,2),(-0.848528137424,0.),.PIECEWISE_BEZIER_KNOTS.);
#2956 = CARTESIAN_POINT('',(6.6,8.1E-16,-36.6));
#2957 = CARTESIAN_POINT('',(7.2,8.8E-16,-37.2));
#2958 = ORIENTED_EDGE('',*,*,#2053,.T.);
#2959 = ORIENTED_EDGE('',*,*,#2954,.F.);
#2960 = CONICAL_SURFACE('',#2961,7.2,0.785398163397);
#2961 = AXIS2_PLACEMENT_3D('',#2962,#2963,#2964);
#2962 = CARTESIAN_POINT('',(0.,0.,-37.2));
#2963 = DIRECTION('',(0.,0.,-1.));
#2964 = DIRECTION('',(-1.,0.,0.));
#2965 = ADVANCED_FACE('',(#2966),#2993,.F.);
#2966 = FACE_BOUND('',#2967,.F.);
#2967 = EDGE_LOOP('',(#2968,#2969,#2976,#2985,#2992));
#2968 = ORIENTED_EDGE('',*,*,#2073,.T.);
#2969 = ORIENTED_EDGE('',*,*,#2970,.F.);
#2970 = EDGE_CURVE('',#2971,#2074,#2973,.T.);
#2971 = VERTEX_POINT('',#2972);
#2972 = CARTESIAN_POINT('',(-8.1,0.,-16.8));
#2973 = B_SPLINE_CURVE_WITH_KNOTS('',1,(#2974,#2975),.UNSPECIFIED.,.F.,
  .F.,(2,2),(0.,0.848528137424),.PIECEWISE_BEZIER_KNOTS.);
#2974 = CARTESIAN_POINT('',(-8.1,2.98E-15,-16.8));
#2975 = CARTESIAN_POINT('',(-8.7,3.2E-15,-16.2));
#2976 = ORIENTED_EDGE('',*,*,#2977,.F.);
#2977 = EDGE_CURVE('',#2978,#2971,#2980,.T.);
#2978 = VERTEX_POINT('',#2979);
#2979 = CARTESIAN_POINT('',(8.1,0.,-16.8));
#2980 = CIRCLE('',#2981,8.1);
#2981 = AXIS2_PLACEMENT_3D('',#2982,#2983,#2984);
#2982 = CARTESIAN_POINT('',(0.,0.,-16.8));
#2983 = DIRECTION('',(0.,0.,-1.));
#2984 = DIRECTION('',(-1.,0.,0.));
#2985 = ORIENTED_EDGE('',*,*,#2986,.F.);
#2986 = EDGE_CURVE('',#2971,#2978,#2987,.T.);
#2987 = CIRCLE('',#2988,8.1);
#2988 = AXIS2_PLACEMENT_3D('',#2989,#2990,#2991);
#2989 = CARTESIAN_POINT('',(0.,0.,-16.8));
#2990 = DIRECTION('',(0.,0.,-1.));
#2991 = DIRECTION('',(-1.,0.,0.));
#2992 = ORIENTED_EDGE('',*,*,#2970,.T.);
#2993 = CONICAL_SURFACE('',#2994,8.1,0.785398163397);
#2994 = AXIS2_PLACEMENT_3D('',#2995,#2996,#2997);
#2995 = CARTESIAN_POINT('',(0.,0.,-16.8));
#2996 = DIRECTION('',(0.,0.,1.));
#2997 = DIRECTION('',(1.,0.,0.));
#2998 = ADVANCED_FACE('',(#2999,#3011),#3022,.T.);
#2999 = FACE_BOUND('',#3000,.T.);
#3000 = EDGE_LOOP('',(#3001,#3008,#3009,#3010));
#3001 = ORIENTED_EDGE('',*,*,#3002,.F.);
#3002 = EDGE_CURVE('',#2727,#2184,#3003,.T.);
#3003 = CIRCLE('',#3004,34.5);
#3004 = AXIS2_PLACEMENT_3D('',#3005,#3006,#3007);
#3005 = CARTESIAN_POINT('',(0.,2.11E-15,4.3E-16));
#3006 = DIRECTION('',(0.,0.,1.));
#3007 = DIRECTION('',(1.,0.,0.));
#3008 = ORIENTED_EDGE('',*,*,#2816,.T.);
#3009 = ORIENTED_EDGE('',*,*,#2538,.F.);
#3010 = ORIENTED_EDGE('',*,*,#2183,.F.);
#3011 = FACE_BOUND('',#3012,.T.);
#3012 = EDGE_LOOP('',(#3013));
#3013 = ORIENTED_EDGE('',*,*,#3014,.T.);
#3014 = EDGE_CURVE('',#3015,#3015,#3017,.T.);
#3015 = VERTEX_POINT('',#3016);
#3016 = CARTESIAN_POINT('',(35.,2.E-15,0.));
#3017 = CIRCLE('',#3018,35.);
#3018 = AXIS2_PLACEMENT_3D('',#3019,#3020,#3021);
#3019 = CARTESIAN_POINT('',(0.,2.14E-15,4.4E-16));
#3020 = DIRECTION('',(0.,0.,1.));
#3021 = DIRECTION('',(1.,0.,0.));
#3022 = PLANE('',#3023);
#3023 = AXIS2_PLACEMENT_3D('',#3024,#3025,#3026);
#3024 = CARTESIAN_POINT('',(33.25,0.,4.4E-16));
#3025 = DIRECTION('',(0.,0.,1.));
#3026 = DIRECTION('',(1.,0.,0.));
#3027 = ADVANCED_FACE('',(#3028),#3034,.T.);
#3028 = FACE_BOUND('',#3029,.T.);
#3029 = EDGE_LOOP('',(#3030,#3031,#3032,#3033));
#3030 = ORIENTED_EDGE('',*,*,#2433,.F.);
#3031 = ORIENTED_EDGE('',*,*,#2726,.F.);
#3032 = ORIENTED_EDGE('',*,*,#3002,.T.);
#3033 = ORIENTED_EDGE('',*,*,#2204,.T.);
#3034 = CYLINDRICAL_SURFACE('',#3035,34.5);
#3035 = AXIS2_PLACEMENT_3D('',#3036,#3037,#3038);
#3036 = CARTESIAN_POINT('',(0.,2.11E-15,298.67640311723));
#3037 = DIRECTION('',(0.,0.,-1.));
#3038 = DIRECTION('',(-1.,0.,0.));
#3039 = ADVANCED_FACE('',(#3040,#3051),#3054,.T.);
#3040 = FACE_BOUND('',#3041,.T.);
#3041 = EDGE_LOOP('',(#3042));
#3042 = ORIENTED_EDGE('',*,*,#3043,.F.);
#3043 = EDGE_CURVE('',#3044,#3044,#3046,.T.);
#3044 = VERTEX_POINT('',#3045);
#3045 = CARTESIAN_POINT('',(36.9,2.E-15,0.));
#3046 = CIRCLE('',#3047,36.9);
#3047 = AXIS2_PLACEMENT_3D('',#3048,#3049,#3050);
#3048 = CARTESIAN_POINT('',(0.,2.26E-15,4.4E-16));
#3049 = DIRECTION('',(0.,0.,1.));
#3050 = DIRECTION('',(1.,0.,0.));
#3051 = FACE_BOUND('',#3052,.T.);
#3052 = EDGE_LOOP('',(#3053));
#3053 = ORIENTED_EDGE('',*,*,#2928,.T.);
#3054 = PLANE('',#3055);
#3055 = AXIS2_PLACEMENT_3D('',#3056,#3057,#3058);
#3056 = CARTESIAN_POINT('',(33.25,0.,4.4E-16));
#3057 = DIRECTION('',(0.,0.,1.));
#3058 = DIRECTION('',(1.,0.,0.));
#3059 = ADVANCED_FACE('',(#3060),#3087,.F.);
#3060 = FACE_BOUND('',#3061,.F.);
#3061 = EDGE_LOOP('',(#3062,#3063,#3070,#3079,#3086));
#3062 = ORIENTED_EDGE('',*,*,#2945,.T.);
#3063 = ORIENTED_EDGE('',*,*,#3064,.T.);
#3064 = EDGE_CURVE('',#2946,#3065,#3067,.T.);
#3065 = VERTEX_POINT('',#3066);
#3066 = CARTESIAN_POINT('',(6.6,0.,-30.7));
#3067 = B_SPLINE_CURVE_WITH_KNOTS('',1,(#3068,#3069),.UNSPECIFIED.,.F.,
  .F.,(2,2),(-38.31217258274,-32.41217258274),.PIECEWISE_BEZIER_KNOTS.);
#3068 = CARTESIAN_POINT('',(6.6,0.,-36.6));
#3069 = CARTESIAN_POINT('',(6.6,0.,-30.7));
#3070 = ORIENTED_EDGE('',*,*,#3071,.T.);
#3071 = EDGE_CURVE('',#3065,#3072,#3074,.T.);
#3072 = VERTEX_POINT('',#3073);
#3073 = CARTESIAN_POINT('',(-6.6,0.,-30.7));
#3074 = CIRCLE('',#3075,6.6);
#3075 = AXIS2_PLACEMENT_3D('',#3076,#3077,#3078);
#3076 = CARTESIAN_POINT('',(0.,0.,-30.7));
#3077 = DIRECTION('',(0.,0.,-1.));
#3078 = DIRECTION('',(-1.,0.,0.));
#3079 = ORIENTED_EDGE('',*,*,#3080,.T.);
#3080 = EDGE_CURVE('',#3072,#3065,#3081,.T.);
#3081 = CIRCLE('',#3082,6.6);
#3082 = AXIS2_PLACEMENT_3D('',#3083,#3084,#3085);
#3083 = CARTESIAN_POINT('',(0.,0.,-30.7));
#3084 = DIRECTION('',(0.,0.,-1.));
#3085 = DIRECTION('',(-1.,0.,0.));
#3086 = ORIENTED_EDGE('',*,*,#3064,.F.);
#3087 = CYLINDRICAL_SURFACE('',#3088,6.6);
#3088 = AXIS2_PLACEMENT_3D('',#3089,#3090,#3091);
#3089 = CARTESIAN_POINT('',(0.,0.,1.712172582746));
#3090 = DIRECTION('',(0.,0.,1.));
#3091 = DIRECTION('',(1.,0.,0.));
#3092 = ADVANCED_FACE('',(#3093),#3112,.F.);
#3093 = FACE_BOUND('',#3094,.F.);
#3094 = EDGE_LOOP('',(#3095,#3096,#3103,#3110,#3111));
#3095 = ORIENTED_EDGE('',*,*,#2986,.T.);
#3096 = ORIENTED_EDGE('',*,*,#3097,.F.);
#3097 = EDGE_CURVE('',#3098,#2978,#3100,.T.);
#3098 = VERTEX_POINT('',#3099);
#3099 = CARTESIAN_POINT('',(8.1,0.,-21.7));
#3100 = B_SPLINE_CURVE_WITH_KNOTS('',1,(#3101,#3102),.UNSPECIFIED.,.F.,
  .F.,(2,2),(-23.41217258274,-18.51217258274),.PIECEWISE_BEZIER_KNOTS.);
#3101 = CARTESIAN_POINT('',(8.1,-1.98E-15,-21.7));
#3102 = CARTESIAN_POINT('',(8.1,-1.98E-15,-16.8));
#3103 = ORIENTED_EDGE('',*,*,#3104,.T.);
#3104 = EDGE_CURVE('',#3098,#3098,#3105,.T.);
#3105 = CIRCLE('',#3106,8.1);
#3106 = AXIS2_PLACEMENT_3D('',#3107,#3108,#3109);
#3107 = CARTESIAN_POINT('',(0.,0.,-21.7));
#3108 = DIRECTION('',(0.,0.,1.));
#3109 = DIRECTION('',(1.,0.,0.));
#3110 = ORIENTED_EDGE('',*,*,#3097,.T.);
#3111 = ORIENTED_EDGE('',*,*,#2977,.T.);
#3112 = CYLINDRICAL_SURFACE('',#3113,8.1);
#3113 = AXIS2_PLACEMENT_3D('',#3114,#3115,#3116);
#3114 = CARTESIAN_POINT('',(0.,0.,1.712172582746));
#3115 = DIRECTION('',(0.,0.,1.));
#3116 = DIRECTION('',(1.,0.,0.));
#3117 = ADVANCED_FACE('',(#3118),#3136,.T.);
#3118 = FACE_BOUND('',#3119,.T.);
#3119 = EDGE_LOOP('',(#3120,#3129,#3134,#3135));
#3120 = ORIENTED_EDGE('',*,*,#3121,.T.);
#3121 = EDGE_CURVE('',#3122,#3122,#3124,.T.);
#3122 = VERTEX_POINT('',#3123);
#3123 = CARTESIAN_POINT('',(35.,2.E-15,-1.3));
#3124 = CIRCLE('',#3125,35.);
#3125 = AXIS2_PLACEMENT_3D('',#3126,#3127,#3128);
#3126 = CARTESIAN_POINT('',(0.,2.14E-15,-1.3));
#3127 = DIRECTION('',(0.,0.,1.));
#3128 = DIRECTION('',(1.,0.,0.));
#3129 = ORIENTED_EDGE('',*,*,#3130,.T.);
#3130 = EDGE_CURVE('',#3122,#3015,#3131,.T.);
#3131 = B_SPLINE_CURVE_WITH_KNOTS('',1,(#3132,#3133),.UNSPECIFIED.,.F.,
  .F.,(2,2),(0.,1.3),.PIECEWISE_BEZIER_KNOTS.);
#3132 = CARTESIAN_POINT('',(35.,2.14E-15,-1.3));
#3133 = CARTESIAN_POINT('',(35.,2.14E-15,4.4E-16));
#3134 = ORIENTED_EDGE('',*,*,#3014,.F.);
#3135 = ORIENTED_EDGE('',*,*,#3130,.F.);
#3136 = CYLINDRICAL_SURFACE('',#3137,35.);
#3137 = AXIS2_PLACEMENT_3D('',#3138,#3139,#3140);
#3138 = CARTESIAN_POINT('',(0.,2.14E-15,-1.3));
#3139 = DIRECTION('',(0.,0.,1.));
#3140 = DIRECTION('',(1.,0.,0.));
#3141 = ADVANCED_FACE('',(#3142),#3160,.F.);
#3142 = FACE_BOUND('',#3143,.F.);
#3143 = EDGE_LOOP('',(#3144,#3153,#3158,#3159));
#3144 = ORIENTED_EDGE('',*,*,#3145,.T.);
#3145 = EDGE_CURVE('',#3146,#3146,#3148,.T.);
#3146 = VERTEX_POINT('',#3147);
#3147 = CARTESIAN_POINT('',(36.9,2.E-15,-1.3));
#3148 = CIRCLE('',#3149,36.9);
#3149 = AXIS2_PLACEMENT_3D('',#3150,#3151,#3152);
#3150 = CARTESIAN_POINT('',(0.,2.26E-15,-1.3));
#3151 = DIRECTION('',(0.,0.,1.));
#3152 = DIRECTION('',(1.,0.,0.));
#3153 = ORIENTED_EDGE('',*,*,#3154,.T.);
#3154 = EDGE_CURVE('',#3146,#3044,#3155,.T.);
#3155 = B_SPLINE_CURVE_WITH_KNOTS('',1,(#3156,#3157),.UNSPECIFIED.,.F.,
  .F.,(2,2),(0.,1.3),.PIECEWISE_BEZIER_KNOTS.);
#3156 = CARTESIAN_POINT('',(36.9,2.26E-15,-1.3));
#3157 = CARTESIAN_POINT('',(36.9,2.26E-15,4.4E-16));
#3158 = ORIENTED_EDGE('',*,*,#3043,.F.);
#3159 = ORIENTED_EDGE('',*,*,#3154,.F.);
#3160 = CYLINDRICAL_SURFACE('',#3161,36.9);
#3161 = AXIS2_PLACEMENT_3D('',#3162,#3163,#3164);
#3162 = CARTESIAN_POINT('',(0.,2.26E-15,-1.3));
#3163 = DIRECTION('',(0.,0.,1.));
#3164 = DIRECTION('',(1.,0.,0.));
#3165 = ADVANCED_FACE('',(#3166,#3177),#3181,.T.);
#3166 = FACE_BOUND('',#3167,.T.);
#3167 = EDGE_LOOP('',(#3168));
#3168 = ORIENTED_EDGE('',*,*,#3169,.T.);
#3169 = EDGE_CURVE('',#3170,#3170,#3172,.T.);
#3170 = VERTEX_POINT('',#3171);
#3171 = CARTESIAN_POINT('',(5.5,0.,-30.7));
#3172 = CIRCLE('',#3173,5.5);
#3173 = AXIS2_PLACEMENT_3D('',#3174,#3175,#3176);
#3174 = CARTESIAN_POINT('',(0.,0.,-30.7));
#3175 = DIRECTION('',(0.,0.,1.));
#3176 = DIRECTION('',(1.,0.,0.));
#3177 = FACE_BOUND('',#3178,.T.);
#3178 = EDGE_LOOP('',(#3179,#3180));
#3179 = ORIENTED_EDGE('',*,*,#3080,.T.);
#3180 = ORIENTED_EDGE('',*,*,#3071,.T.);
#3181 = PLANE('',#3182);
#3182 = AXIS2_PLACEMENT_3D('',#3183,#3184,#3185);
#3183 = CARTESIAN_POINT('',(6.,0.,-30.7));
#3184 = DIRECTION('',(0.,0.,-1.));
#3185 = DIRECTION('',(-1.,0.,0.));
#3186 = ADVANCED_FACE('',(#3187,#3190),#3201,.T.);
#3187 = FACE_BOUND('',#3188,.T.);
#3188 = EDGE_LOOP('',(#3189));
#3189 = ORIENTED_EDGE('',*,*,#3104,.T.);
#3190 = FACE_BOUND('',#3191,.T.);
#3191 = EDGE_LOOP('',(#3192));
#3192 = ORIENTED_EDGE('',*,*,#3193,.F.);
#3193 = EDGE_CURVE('',#3194,#3194,#3196,.T.);
#3194 = VERTEX_POINT('',#3195);
#3195 = CARTESIAN_POINT('',(5.5,0.,-21.7));
#3196 = CIRCLE('',#3197,5.5);
#3197 = AXIS2_PLACEMENT_3D('',#3198,#3199,#3200);
#3198 = CARTESIAN_POINT('',(0.,0.,-21.7));
#3199 = DIRECTION('',(0.,0.,1.));
#3200 = DIRECTION('',(1.,0.,0.));
#3201 = PLANE('',#3202);
#3202 = AXIS2_PLACEMENT_3D('',#3203,#3204,#3205);
#3203 = CARTESIAN_POINT('',(6.75,0.,-21.7));
#3204 = DIRECTION('',(0.,0.,1.));
#3205 = DIRECTION('',(1.,0.,0.));
#3206 = ADVANCED_FACE('',(#3207,#3210),#3213,.T.);
#3207 = FACE_BOUND('',#3208,.T.);
#3208 = EDGE_LOOP('',(#3209));
#3209 = ORIENTED_EDGE('',*,*,#3121,.F.);
#3210 = FACE_BOUND('',#3211,.T.);
#3211 = EDGE_LOOP('',(#3212));
#3212 = ORIENTED_EDGE('',*,*,#3145,.T.);
#3213 = PLANE('',#3214);
#3214 = AXIS2_PLACEMENT_3D('',#3215,#3216,#3217);
#3215 = CARTESIAN_POINT('',(0.,0.,-1.3));
#3216 = DIRECTION('',(0.,0.,1.));
#3217 = DIRECTION('',(1.,0.,0.));
#3218 = ADVANCED_FACE('',(#3219),#3229,.F.);
#3219 = FACE_BOUND('',#3220,.F.);
#3220 = EDGE_LOOP('',(#3221,#3222,#3227,#3228));
#3221 = ORIENTED_EDGE('',*,*,#3193,.F.);
#3222 = ORIENTED_EDGE('',*,*,#3223,.F.);
#3223 = EDGE_CURVE('',#3170,#3194,#3224,.T.);
#3224 = B_SPLINE_CURVE_WITH_KNOTS('',1,(#3225,#3226),.UNSPECIFIED.,.F.,
  .F.,(2,2),(-32.41217258274,-23.41217258274),.PIECEWISE_BEZIER_KNOTS.);
#3225 = CARTESIAN_POINT('',(5.5,-1.35E-15,-30.7));
#3226 = CARTESIAN_POINT('',(5.5,-1.35E-15,-21.7));
#3227 = ORIENTED_EDGE('',*,*,#3169,.T.);
#3228 = ORIENTED_EDGE('',*,*,#3223,.T.);
#3229 = CYLINDRICAL_SURFACE('',#3230,5.5);
#3230 = AXIS2_PLACEMENT_3D('',#3231,#3232,#3233);
#3231 = CARTESIAN_POINT('',(0.,0.,1.712172582746));
#3232 = DIRECTION('',(0.,0.,1.));
#3233 = DIRECTION('',(1.,0.,0.));
#3234 = ( GEOMETRIC_REPRESENTATION_CONTEXT(3) 
GLOBAL_UNCERTAINTY_ASSIGNED_CONTEXT((#3238)) 
GLOBAL_UNIT_ASSIGNED_CONTEXT((#3235,#3236,#3237)) REPRESENTATION_CONTEXT
('Context #1','3D Context with UNIT and UNCERTAINTY') );
#3235 = ( LENGTH_UNIT() NAMED_UNIT(*) SI_UNIT(.MILLI.,.METRE.) );
#3236 = ( NAMED_UNIT(*) PLANE_ANGLE_UNIT() SI_UNIT($,.RADIAN.) );
#3237 = ( NAMED_UNIT(*) SI_UNIT($,.STERADIAN.) SOLID_ANGLE_UNIT() );
#3238 = UNCERTAINTY_MEASURE_WITH_UNIT(LENGTH_MEASURE(5.E-04),#3235,
  'distance_accuracy_value','confusion accuracy');
#3239 = CONTEXT_DEPENDENT_SHAPE_REPRESENTATION(#3240,#3242);
#3240 = ( REPRESENTATION_RELATIONSHIP('','',#32,#10) 
REPRESENTATION_RELATIONSHIP_WITH_TRANSFORMATION(#3241) 
SHAPE_REPRESENTATION_RELATIONSHIP() );
#3241 = ITEM_DEFINED_TRANSFORMATION('','',#11,#15);
#3242 = PRODUCT_DEFINITION_SHAPE('Placement','Placement of an item',
  #3243);
#3243 = NEXT_ASSEMBLY_USAGE_OCCURRENCE('3','Cut006','',#5,#27,$);
#3244 = PRODUCT_RELATED_PRODUCT_CATEGORY('part',$,(#29));
#3245 = MECHANICAL_DESIGN_GEOMETRIC_PRESENTATION_REPRESENTATION('',(
    #3246),#3234);
#3246 = STYLED_ITEM('color',(#3247),#33);
#3247 = PRESENTATION_STYLE_ASSIGNMENT((#3248,#3254));
#3248 = SURFACE_STYLE_USAGE(.BOTH.,#3249);
#3249 = SURFACE_SIDE_STYLE('',(#3250));
#3250 = SURFACE_STYLE_FILL_AREA(#3251);
#3251 = FILL_AREA_STYLE('',(#3252));
#3252 = FILL_AREA_STYLE_COLOUR('',#3253);
#3253 = COLOUR_RGB('',0.678431390124,0.709803936702,0.741176476869);
#3254 = CURVE_STYLE('',#3255,POSITIVE_LENGTH_MEASURE(0.1),#3256);
#3255 = DRAUGHTING_PRE_DEFINED_CURVE_FONT('continuous');
#3256 = COLOUR_RGB('',9.803921802644E-02,9.803921802644E-02,
  9.803921802644E-02);
ENDSEC;
END-ISO-10303-21;
