ISO-10303-21;
HEADER;
FILE_DESCRIPTION(('FreeCAD Model'),'2;1');
FILE_NAME('Open CASCADE Shape Model','2026-07-19T11:17:22',('Author'),(
    ''),'Open CASCADE STEP processor 7.8','FreeCAD','Unknown');
FILE_SCHEMA(('AUTOMOTIVE_DESIGN { 1 0 10303 214 1 1 1 1 }'));
ENDSEC;
DATA;
#1 = APPLICATION_PROTOCOL_DEFINITION('international standard',
  'automotive_design',2000,#2);
#2 = APPLICATION_CONTEXT(
  'core data for automotive mechanical design processes');
#3 = SHAPE_DEFINITION_REPRESENTATION(#4,#10);
#4 = PRODUCT_DEFINITION_SHAPE('','',#5);
#5 = PRODUCT_DEFINITION('design','',#6,#9);
#6 = PRODUCT_DEFINITION_FORMATION('','',#7);
#7 = PRODUCT('Upper Body - Scaled Threads','Upper Body - Scaled Threads'
  ,'',(#8));
#8 = PRODUCT_CONTEXT('',#2,'mechanical');
#9 = PRODUCT_DEFINITION_CONTEXT('part definition',#2,'design');
#10 = ADVANCED_BREP_SHAPE_REPRESENTATION('',(#11,#15),#3560);
#11 = AXIS2_PLACEMENT_3D('',#12,#13,#14);
#12 = CARTESIAN_POINT('',(0.,0.,0.));
#13 = DIRECTION('',(0.,0.,1.));
#14 = DIRECTION('',(1.,0.,-0.));
#15 = MANIFOLD_SOLID_BREP('',#16);
#16 = CLOSED_SHELL('',(#17,#58,#106,#181,#281,#576,#683,#883,#1072,#1123
    ,#1146,#1244,#1268,#1288,#1312,#2563,#2583,#2803,#3039,#3382,#3521,
    #3545));
#17 = ADVANCED_FACE('',(#18),#53,.T.);
#18 = FACE_BOUND('',#19,.T.);
#19 = EDGE_LOOP('',(#20,#31,#38,#45,#46));
#20 = ORIENTED_EDGE('',*,*,#21,.T.);
#21 = EDGE_CURVE('',#22,#24,#26,.T.);
#22 = VERTEX_POINT('',#23);
#23 = CARTESIAN_POINT('',(-38.5,0.,2.967286816557));
#24 = VERTEX_POINT('',#25);
#25 = CARTESIAN_POINT('',(-34.89284980091,16.270803077017,2.967286816557
    ));
#26 = CIRCLE('',#27,38.5);
#27 = AXIS2_PLACEMENT_3D('',#28,#29,#30);
#28 = CARTESIAN_POINT('',(0.,0.,2.967286816557));
#29 = DIRECTION('',(0.,0.,-1.));
#30 = DIRECTION('',(-1.,0.,0.));
#31 = ORIENTED_EDGE('',*,*,#32,.F.);
#32 = EDGE_CURVE('',#33,#24,#35,.T.);
#33 = VERTEX_POINT('',#34);
#34 = CARTESIAN_POINT('',(-34.89284980091,16.270803077017,0.));
#35 = B_SPLINE_CURVE_WITH_KNOTS('',1,(#36,#37),.UNSPECIFIED.,.F.,.F.,(2,
    2),(-1.712172582746,1.255114233811),.PIECEWISE_BEZIER_KNOTS.);
#36 = CARTESIAN_POINT('',(-34.89284980091,16.270803077017,0.));
#37 = CARTESIAN_POINT('',(-34.89284980091,16.270803077017,2.967286816557
    ));
#38 = ORIENTED_EDGE('',*,*,#39,.T.);
#39 = EDGE_CURVE('',#33,#33,#40,.T.);
#40 = CIRCLE('',#41,38.5);
#41 = AXIS2_PLACEMENT_3D('',#42,#43,#44);
#42 = CARTESIAN_POINT('',(0.,0.,0.));
#43 = DIRECTION('',(0.,0.,1.));
#44 = DIRECTION('',(-0.906307787037,0.422618261741,0.));
#45 = ORIENTED_EDGE('',*,*,#32,.T.);
#46 = ORIENTED_EDGE('',*,*,#47,.T.);
#47 = EDGE_CURVE('',#24,#22,#48,.T.);
#48 = CIRCLE('',#49,38.5);
#49 = AXIS2_PLACEMENT_3D('',#50,#51,#52);
#50 = CARTESIAN_POINT('',(0.,0.,2.967286816557));
#51 = DIRECTION('',(0.,0.,-1.));
#52 = DIRECTION('',(-1.,0.,0.));
#53 = CYLINDRICAL_SURFACE('',#54,38.5);
#54 = AXIS2_PLACEMENT_3D('',#55,#56,#57);
#55 = CARTESIAN_POINT('',(0.,0.,1.712172582746));
#56 = DIRECTION('',(0.,0.,1.));
#57 = DIRECTION('',(-0.906307787037,0.422618261741,0.));
#58 = ADVANCED_FACE('',(#59),#101,.T.);
#59 = FACE_BOUND('',#60,.T.);
#60 = EDGE_LOOP('',(#61,#62,#74,#83,#92,#99,#100));
#61 = ORIENTED_EDGE('',*,*,#21,.F.);
#62 = ORIENTED_EDGE('',*,*,#63,.F.);
#63 = EDGE_CURVE('',#64,#22,#66,.T.);
#64 = VERTEX_POINT('',#65);
#65 = CARTESIAN_POINT('',(-36.91766106673,0.,6.153964548367));
#66 = ( BOUNDED_CURVE() B_SPLINE_CURVE(6,(#67,#68,#69,#70,#71,#72,#73),
.UNSPECIFIED.,.F.,.F.) B_SPLINE_CURVE_WITH_KNOTS((7,7),(-0.921764636233,
0.),.PIECEWISE_BEZIER_KNOTS.) CURVE() GEOMETRIC_REPRESENTATION_ITEM() 
RATIONAL_B_SPLINE_CURVE((1.01068538047,1.003510999797,0.999288353378,
    0.997892332008,0.999288353378,1.003510999797,1.01068538047)) 
REPRESENTATION_ITEM('') );
#67 = CARTESIAN_POINT('',(-36.91766106673,-9.04E-15,6.153964548367));
#68 = CARTESIAN_POINT('',(-37.41072212301,-9.16E-15,5.779890161302));
#69 = CARTESIAN_POINT('',(-37.83026198021,-9.27E-15,5.317772550781));
#70 = CARTESIAN_POINT('',(-38.15944787789,-9.35E-15,4.784378891372));
#71 = CARTESIAN_POINT('',(-38.38542131994,-9.4E-15,4.199735278035));
#72 = CARTESIAN_POINT('',(-38.5,-9.43E-15,3.586189759095));
#73 = CARTESIAN_POINT('',(-38.5,-9.43E-15,2.967286816557));
#74 = ORIENTED_EDGE('',*,*,#75,.F.);
#75 = EDGE_CURVE('',#76,#64,#78,.T.);
#76 = VERTEX_POINT('',#77);
#77 = CARTESIAN_POINT('',(-33.45897540382,15.602176464825,6.15378733371)
  );
#78 = CIRCLE('',#79,36.917661066731);
#79 = AXIS2_PLACEMENT_3D('',#80,#81,#82);
#80 = CARTESIAN_POINT('',(0.,0.,6.153964548367));
#81 = DIRECTION('',(0.,0.,1.));
#82 = DIRECTION('',(1.,0.,0.));
#83 = ORIENTED_EDGE('',*,*,#84,.F.);
#84 = EDGE_CURVE('',#85,#76,#87,.T.);
#85 = VERTEX_POINT('',#86);
#86 = CARTESIAN_POINT('',(36.917661066731,0.,6.153964548367));
#87 = CIRCLE('',#88,36.917661066731);
#88 = AXIS2_PLACEMENT_3D('',#89,#90,#91);
#89 = CARTESIAN_POINT('',(0.,0.,6.153964548367));
#90 = DIRECTION('',(0.,0.,1.));
#91 = DIRECTION('',(1.,0.,0.));
#92 = ORIENTED_EDGE('',*,*,#93,.F.);
#93 = EDGE_CURVE('',#64,#85,#94,.T.);
#94 = CIRCLE('',#95,36.917661066731);
#95 = AXIS2_PLACEMENT_3D('',#96,#97,#98);
#96 = CARTESIAN_POINT('',(0.,0.,6.153964548367));
#97 = DIRECTION('',(0.,0.,1.));
#98 = DIRECTION('',(1.,0.,0.));
#99 = ORIENTED_EDGE('',*,*,#63,.T.);
#100 = ORIENTED_EDGE('',*,*,#47,.F.);
#101 = TOROIDAL_SURFACE('',#102,34.5,4.);
#102 = AXIS2_PLACEMENT_3D('',#103,#104,#105);
#103 = CARTESIAN_POINT('',(0.,0.,2.967286816557));
#104 = DIRECTION('',(0.,0.,-1.));
#105 = DIRECTION('',(-1.,0.,0.));
#106 = ADVANCED_FACE('',(#107,#110),#176,.T.);
#107 = FACE_BOUND('',#108,.T.);
#108 = EDGE_LOOP('',(#109));
#109 = ORIENTED_EDGE('',*,*,#39,.F.);
#110 = FACE_BOUND('',#111,.T.);
#111 = EDGE_LOOP('',(#112,#135,#147,#169));
#112 = ORIENTED_EDGE('',*,*,#113,.T.);
#113 = EDGE_CURVE('',#114,#116,#118,.T.);
#114 = VERTEX_POINT('',#115);
#115 = CARTESIAN_POINT('',(14.405999997086,30.893766690612,0.));
#116 = VERTEX_POINT('',#117);
#117 = CARTESIAN_POINT('',(-34.88223615479,1.32830713398,0.));
#118 = B_SPLINE_CURVE_WITH_KNOTS('',3,(#119,#120,#121,#122,#123,#124,
    #125,#126,#127,#128,#129,#130,#131,#132,#133,#134),.UNSPECIFIED.,.F.
  ,.F.,(4,1,1,1,1,1,1,1,1,1,1,1,1,4),(0.124175500565,0.132579091715,
    0.136780887289,0.140982682864,0.145184478439,0.149386274014,
    0.153588069589,0.157789865163,0.166193456313,0.170395251888,
    0.174597047463,0.178798843037,0.183000638612,0.191404229762),
  .UNSPECIFIED.);
#119 = CARTESIAN_POINT('',(14.405999997086,30.893766690612,-9.999E-16));
#120 = CARTESIAN_POINT('',(11.835280199676,32.132908822176,-9.999E-16));
#121 = CARTESIAN_POINT('',(7.786415198619,33.493151960403,2.0503E-15));
#122 = CARTESIAN_POINT('',(2.122381961528,34.270403805905,-1.7574E-15));
#123 = CARTESIAN_POINT('',(-2.098019252335,34.318369020841,1.4241E-15));
#124 = CARTESIAN_POINT('',(-6.311396358251,33.848461701664,5.151E-16));
#125 = CARTESIAN_POINT('',(-10.47763638853,32.851222577092,1.111E-15));
#126 = CARTESIAN_POINT('',(-14.4209876705,31.376736301983,2.929E-16));
#127 = CARTESIAN_POINT('',(-19.46421849335,28.757163928578,1.01E-15));
#128 = CARTESIAN_POINT('',(-23.99554557474,25.193410603603,3.333E-16));
#129 = CARTESIAN_POINT('',(-27.70211310999,20.971104154914,8.484E-16));
#130 = CARTESIAN_POINT('',(-30.10314570646,17.454631454939,5.05E-16));
#131 = CARTESIAN_POINT('',(-32.05235770889,13.658791924396,7.07E-16));
#132 = CARTESIAN_POINT('',(-33.99999510548,8.390084950247,8.08E-16));
#133 = CARTESIAN_POINT('',(-34.74025061486,4.138008756127,-1.111E-16));
#134 = CARTESIAN_POINT('',(-34.88223615479,1.32830713398,-1.111E-16));
#135 = ORIENTED_EDGE('',*,*,#136,.T.);
#136 = EDGE_CURVE('',#116,#137,#139,.T.);
#137 = VERTEX_POINT('',#138);
#138 = CARTESIAN_POINT('',(-25.53984224375,-23.79603448403,1.01E-15));
#139 = B_SPLINE_CURVE_WITH_KNOTS('',3,(#140,#141,#142,#143,#144,#145,
    #146),.UNSPECIFIED.,.F.,.F.,(4,1,1,1,4),(6.545060325773E-02,
    7.232346603354E-02,7.919632880936E-02,8.606919158517E-02,
    9.294205436098E-02),.QUASI_UNIFORM_KNOTS.);
#140 = CARTESIAN_POINT('',(-34.88223615479,1.32830713398,-5.959E-16));
#141 = CARTESIAN_POINT('',(-34.99239796698,-0.982811454579,-5.959E-16));
#142 = CARTESIAN_POINT('',(-34.71981350217,-5.638714541142,-1.833453E-12
    ));
#143 = CARTESIAN_POINT('',(-32.98073849206,-12.25593098713,4.954959E-13)
  );
#144 = CARTESIAN_POINT('',(-29.90664050501,-18.51189724633,-1.432988E-13
    ));
#145 = CARTESIAN_POINT('',(-27.12790022967,-22.1218648781,6.2822E-15));
#146 = CARTESIAN_POINT('',(-25.53984224375,-23.79603448403,6.2822E-15));
#147 = ORIENTED_EDGE('',*,*,#148,.T.);
#148 = EDGE_CURVE('',#137,#149,#151,.T.);
#149 = VERTEX_POINT('',#150);
#150 = CARTESIAN_POINT('',(30.893766690612,-14.40599999708,0.));
#151 = B_SPLINE_CURVE_WITH_KNOTS('',3,(#152,#153,#154,#155,#156,#157,
    #158,#159,#160,#161,#162,#163,#164,#165,#166,#167,#168),
  .UNSPECIFIED.,.F.,.F.,(4,1,1,1,1,1,1,1,1,1,1,1,1,1,4),(0.129841698551,
    0.13816571875,0.14232772885,0.146489738949,0.150651749049,
    0.154813759148,0.158975769248,0.163137779347,0.167299789447,
    0.171461799546,0.175623809646,0.179785819746,0.183947829845,
    0.188109839945,0.196433860144),.UNSPECIFIED.);
#152 = CARTESIAN_POINT('',(-25.53984224375,-23.79603448403,-4.242E-16));
#153 = CARTESIAN_POINT('',(-23.58309758147,-25.84786888687,-4.242E-16));
#154 = CARTESIAN_POINT('',(-20.30268095063,-28.53992629564,1.111E-15));
#155 = CARTESIAN_POINT('',(-15.32977794133,-31.28370522575,1.0302E-15));
#156 = CARTESIAN_POINT('',(-11.43703694015,-32.84883656218,-7.474E-16));
#157 = CARTESIAN_POINT('',(-7.375334319251,-33.94140104175,-8.08E-17));
#158 = CARTESIAN_POINT('',(-3.155839407005,-34.53707718155,1.0403E-15));
#159 = CARTESIAN_POINT('',(1.02720499476,-34.61562245085,8.08E-16));
#160 = CARTESIAN_POINT('',(5.232815785775,-34.18974623654,4.04E-17));
#161 = CARTESIAN_POINT('',(9.371512175955,-33.24016717782,1.0706E-15));
#162 = CARTESIAN_POINT('',(13.300963525425,-31.81694886772,6.06E-16));
#163 = CARTESIAN_POINT('',(17.091723475711,-29.8926113123,-6.06E-17));
#164 = CARTESIAN_POINT('',(20.589706177074,-27.52930093827,1.111E-15));
#165 = CARTESIAN_POINT('',(23.750731926799,-24.78319607867,3.535E-16));
#166 = CARTESIAN_POINT('',(27.550868730438,-20.55301748178,4.343E-16));
#167 = CARTESIAN_POINT('',(29.731569074348,-16.972406086,-3.535E-16));
#168 = CARTESIAN_POINT('',(30.893766690612,-14.40599999708,-3.535E-16));
#169 = ORIENTED_EDGE('',*,*,#170,.F.);
#170 = EDGE_CURVE('',#114,#149,#171,.T.);
#171 = CIRCLE('',#172,34.0875);
#172 = AXIS2_PLACEMENT_3D('',#173,#174,#175);
#173 = CARTESIAN_POINT('',(-8.989E-16,-1.9291E-15,0.));
#174 = DIRECTION('',(0.,0.,-1.));
#175 = DIRECTION('',(0.906307787037,-0.422618261741,0.));
#176 = PLANE('',#177);
#177 = AXIS2_PLACEMENT_3D('',#178,#179,#180);
#178 = CARTESIAN_POINT('',(3.409720849968E-15,-1.704860424984E-15,0.));
#179 = DIRECTION('',(-0.,-0.,-1.));
#180 = DIRECTION('',(-1.,0.,0.));
#181 = ADVANCED_FACE('',(#182),#204,.T.);
#182 = FACE_BOUND('',#183,.T.);
#183 = EDGE_LOOP('',(#184,#185,#194,#201,#202,#203));
#184 = ORIENTED_EDGE('',*,*,#84,.T.);
#185 = ORIENTED_EDGE('',*,*,#186,.F.);
#186 = EDGE_CURVE('',#187,#76,#189,.T.);
#187 = VERTEX_POINT('',#188);
#188 = CARTESIAN_POINT('',(-21.90013074431,10.212198680668,
    19.107124265955));
#189 = B_SPLINE_CURVE_WITH_KNOTS('',3,(#190,#191,#192,#193),
  .UNSPECIFIED.,.F.,.F.,(4,4),(0.725748040021,0.97383585778),
  .PIECEWISE_BEZIER_KNOTS.);
#190 = CARTESIAN_POINT('',(-21.90013074431,10.212198680668,
    19.107124265955));
#191 = CARTESIAN_POINT('',(-25.21243674972,11.756752337147,
    14.421981463189));
#192 = CARTESIAN_POINT('',(-28.99879178552,13.522358686833,
    9.887400107666));
#193 = CARTESIAN_POINT('',(-33.45897540382,15.602176464825,6.15378733371
    ));
#194 = ORIENTED_EDGE('',*,*,#195,.F.);
#195 = EDGE_CURVE('',#187,#187,#196,.T.);
#196 = CIRCLE('',#197,24.164120685663);
#197 = AXIS2_PLACEMENT_3D('',#198,#199,#200);
#198 = CARTESIAN_POINT('',(0.,0.,19.107124265955));
#199 = DIRECTION('',(0.,0.,1.));
#200 = DIRECTION('',(-0.906307787037,0.422618261741,0.));
#201 = ORIENTED_EDGE('',*,*,#186,.T.);
#202 = ORIENTED_EDGE('',*,*,#75,.T.);
#203 = ORIENTED_EDGE('',*,*,#93,.T.);
#204 = B_SPLINE_SURFACE_WITH_KNOTS('',3,3,(
    (#205,#206,#207,#208,#209,#210,#211,#212,#213,#214,#215,#216,#217
      ,#218,#219,#220,#221,#222,#223)
    ,(#224,#225,#226,#227,#228,#229,#230,#231,#232,#233,#234,#235,#236
      ,#237,#238,#239,#240,#241,#242)
    ,(#243,#244,#245,#246,#247,#248,#249,#250,#251,#252,#253,#254,#255
      ,#256,#257,#258,#259,#260,#261)
    ,(#262,#263,#264,#265,#266,#267,#268,#269,#270,#271,#272,#273,#274
      ,#275,#276,#277,#278,#279,#280
    )),.UNSPECIFIED.,.F.,.T.,.F.,(4,4),(1,1,1,1,1,1,1,1,1,1,1,1,1,1,1,1,
    1,1,1,1,1,1,1),(0.725748040021,0.973831932659),(-1.178097245096,
    -0.785398163397,-0.392699081699,0.,0.392699081699,0.785398163397,
    1.178097245096,1.570796326795,1.963495408494,2.356194490192,
    2.748893571891,3.14159265359,3.534291735289,3.926990816987,
    4.319689898686,4.712388980385,5.105088062083,5.497787143782,
    5.890486225481,6.28318530718,6.675884388878,7.068583470577,
    7.461282552276),.UNSPECIFIED.);
#205 = CARTESIAN_POINT('',(-16.75005053664,18.279472543983,
    19.107124265955));
#206 = CARTESIAN_POINT('',(-22.47028015429,10.478063716835,
    19.107124265955));
#207 = CARTESIAN_POINT('',(-24.76961331204,1.081464672683,
    19.107124265955));
#208 = CARTESIAN_POINT('',(-23.29799738014,-8.479777564383,
    19.107124265955));
#209 = CARTESIAN_POINT('',(-18.27947254398,-16.75005053664,
    19.107124265955));
#210 = CARTESIAN_POINT('',(-10.47806371683,-22.47028015429,
    19.107124265955));
#211 = CARTESIAN_POINT('',(-1.081464672683,-24.76961331204,
    19.107124265955));
#212 = CARTESIAN_POINT('',(8.479777564383,-23.29799738014,
    19.107124265955));
#213 = CARTESIAN_POINT('',(16.750050536647,-18.27947254398,
    19.107124265955));
#214 = CARTESIAN_POINT('',(22.470280154293,-10.47806371683,
    19.107124265955));
#215 = CARTESIAN_POINT('',(24.769613312044,-1.081464672683,
    19.107124265955));
#216 = CARTESIAN_POINT('',(23.297997380141,8.479777564383,
    19.107124265955));
#217 = CARTESIAN_POINT('',(18.279472543983,16.750050536647,
    19.107124265955));
#218 = CARTESIAN_POINT('',(10.478063716835,22.470280154293,
    19.107124265955));
#219 = CARTESIAN_POINT('',(1.081464672683,24.769613312044,
    19.107124265955));
#220 = CARTESIAN_POINT('',(-8.479777564383,23.297997380141,
    19.107124265955));
#221 = CARTESIAN_POINT('',(-16.75005053664,18.279472543983,
    19.107124265955));
#222 = CARTESIAN_POINT('',(-22.47028015429,10.478063716835,
    19.107124265955));
#223 = CARTESIAN_POINT('',(-24.76961331204,1.081464672683,
    19.107124265955));
#224 = CARTESIAN_POINT('',(-19.28338770408,21.044124930885,
    14.422055589172));
#225 = CARTESIAN_POINT('',(-25.86876517695,12.062803309028,
    14.422055589172));
#226 = CARTESIAN_POINT('',(-28.51585765257,1.245029232956,
    14.422055589172));
#227 = CARTESIAN_POINT('',(-26.82166929748,-9.762289257615,
    14.422055589172));
#228 = CARTESIAN_POINT('',(-21.04412493088,-19.28338770408,
    14.422055589172));
#229 = CARTESIAN_POINT('',(-12.06280330902,-25.86876517695,
    14.422055589172));
#230 = CARTESIAN_POINT('',(-1.245029232956,-28.51585765257,
    14.422055589172));
#231 = CARTESIAN_POINT('',(9.762289257615,-26.82166929748,
    14.422055589172));
#232 = CARTESIAN_POINT('',(19.283387704087,-21.04412493088,
    14.422055589172));
#233 = CARTESIAN_POINT('',(25.868765176956,-12.06280330902,
    14.422055589172));
#234 = CARTESIAN_POINT('',(28.515857652574,-1.245029232956,
    14.422055589172));
#235 = CARTESIAN_POINT('',(26.821669297481,9.762289257615,
    14.422055589172));
#236 = CARTESIAN_POINT('',(21.044124930885,19.283387704087,
    14.422055589172));
#237 = CARTESIAN_POINT('',(12.062803309028,25.868765176956,
    14.422055589172));
#238 = CARTESIAN_POINT('',(1.245029232956,28.515857652574,
    14.422055589172));
#239 = CARTESIAN_POINT('',(-9.762289257615,26.821669297481,
    14.422055589172));
#240 = CARTESIAN_POINT('',(-19.28338770408,21.044124930885,
    14.422055589172));
#241 = CARTESIAN_POINT('',(-25.86876517695,12.062803309028,
    14.422055589172));
#242 = CARTESIAN_POINT('',(-28.51585765257,1.245029232956,
    14.422055589172));
#243 = CARTESIAN_POINT('',(-22.17928407512,24.204441258815,
    9.887543595455));
#244 = CARTESIAN_POINT('',(-29.75362526216,13.874343317622,
    9.887543595455));
#245 = CARTESIAN_POINT('',(-32.79824672032,1.432002377555,9.887543595455
    ));
#246 = CARTESIAN_POINT('',(-30.84963243216,-11.22834794336,
    9.887543595455));
#247 = CARTESIAN_POINT('',(-24.20444125881,-22.17928407512,
    9.887543595455));
#248 = CARTESIAN_POINT('',(-13.87434331762,-29.75362526216,
    9.887543595455));
#249 = CARTESIAN_POINT('',(-1.432002377555,-32.79824672032,
    9.887543595455));
#250 = CARTESIAN_POINT('',(11.22834794336,-30.84963243216,9.887543595455
    ));
#251 = CARTESIAN_POINT('',(22.179284075126,-24.20444125881,
    9.887543595455));
#252 = CARTESIAN_POINT('',(29.753625262165,-13.87434331762,
    9.887543595455));
#253 = CARTESIAN_POINT('',(32.798246720324,-1.432002377555,
    9.887543595455));
#254 = CARTESIAN_POINT('',(30.849632432161,11.22834794336,9.887543595455
    ));
#255 = CARTESIAN_POINT('',(24.204441258815,22.179284075126,
    9.887543595455));
#256 = CARTESIAN_POINT('',(13.874343317622,29.753625262165,
    9.887543595455));
#257 = CARTESIAN_POINT('',(1.432002377555,32.798246720324,9.887543595455
    ));
#258 = CARTESIAN_POINT('',(-11.22834794336,30.849632432161,
    9.887543595455));
#259 = CARTESIAN_POINT('',(-22.17928407512,24.204441258815,
    9.887543595455));
#260 = CARTESIAN_POINT('',(-29.75362526216,13.874343317622,
    9.887543595455));
#261 = CARTESIAN_POINT('',(-32.79824672032,1.432002377555,9.887543595455
    ));
#262 = CARTESIAN_POINT('',(-25.59053137528,27.927164436724,
    6.153964548367));
#263 = CARTESIAN_POINT('',(-34.32983130658,16.008263241427,
    6.153964548367));
#264 = CARTESIAN_POINT('',(-37.84272562214,1.652249082891,6.153964548367
    ));
#265 = CARTESIAN_POINT('',(-35.5944080069,-12.95530502084,6.153964548367
    ));
#266 = CARTESIAN_POINT('',(-27.92716443672,-25.59053137528,
    6.153964548367));
#267 = CARTESIAN_POINT('',(-16.00826324142,-34.32983130658,
    6.153964548367));
#268 = CARTESIAN_POINT('',(-1.652249082891,-37.84272562214,
    6.153964548367));
#269 = CARTESIAN_POINT('',(12.95530502084,-35.5944080069,6.153964548367)
  );
#270 = CARTESIAN_POINT('',(25.590531375281,-27.92716443672,
    6.153964548367));
#271 = CARTESIAN_POINT('',(34.32983130658,-16.00826324142,6.153964548367
    ));
#272 = CARTESIAN_POINT('',(37.842725622148,-1.652249082891,
    6.153964548367));
#273 = CARTESIAN_POINT('',(35.594408006906,12.95530502084,6.153964548367
    ));
#274 = CARTESIAN_POINT('',(27.927164436724,25.590531375281,
    6.153964548367));
#275 = CARTESIAN_POINT('',(16.008263241427,34.32983130658,6.153964548367
    ));
#276 = CARTESIAN_POINT('',(1.652249082891,37.842725622148,6.153964548367
    ));
#277 = CARTESIAN_POINT('',(-12.95530502084,35.594408006906,
    6.153964548367));
#278 = CARTESIAN_POINT('',(-25.59053137528,27.927164436724,
    6.153964548367));
#279 = CARTESIAN_POINT('',(-34.32983130658,16.008263241427,
    6.153964548367));
#280 = CARTESIAN_POINT('',(-37.84272562214,1.652249082891,6.153964548367
    ));
#281 = ADVANCED_FACE('',(#282),#485,.F.);
#282 = FACE_BOUND('',#283,.F.);
#283 = EDGE_LOOP('',(#284,#374,#375,#465));
#284 = ORIENTED_EDGE('',*,*,#285,.F.);
#285 = EDGE_CURVE('',#114,#286,#288,.T.);
#286 = VERTEX_POINT('',#287);
#287 = CARTESIAN_POINT('',(-13.57219140057,31.269046624998,4.747));
#288 = ( BOUNDED_CURVE() B_SPLINE_CURVE(2,(#289,#290,#291,#292,#293,#294
    ,#295,#296,#297,#298,#299,#300,#301,#302,#303,#304,#305,#306,#307,
    #308,#309,#310,#311,#312,#313,#314,#315,#316,#317,#318,#319,#320,
    #321,#322,#323,#324,#325,#326,#327,#328,#329,#330,#331,#332,#333,
    #334,#335,#336,#337,#338,#339,#340,#341,#342,#343,#344,#345,#346,
    #347,#348,#349,#350,#351,#352,#353,#354,#355,#356,#357,#358,#359,
    #360,#361,#362,#363,#364,#365,#366,#367,#368,#369,#370,#371,#372,
#373),.UNSPECIFIED.,.F.,.F.) B_SPLINE_CURVE_WITH_KNOTS((3,2,2,2,2,2,2,2,
    2,2,2,2,2,2,2,2,2,2,2,2,2,2,2,2,2,2,2,2,2,2,2,2,2,2,2,2,2,2,2,2,2,2,
    3),(0.,2.380952380952E-02,4.761904761905E-02,7.142857142857E-02,
    9.52380952381E-02,0.119047619048,0.142857142857,0.166666666667,
    0.190476190476,0.214285714286,0.238095238095,0.261904761905,
    0.285714285714,0.309523809524,0.333333333333,0.357142857143,
    0.380952380952,0.404761904762,0.428571428571,0.452380952381,
    0.47619047619,0.5,0.52380952381,0.547619047619,0.571428571429,
    0.595238095238,0.619047619048,0.642857142857,0.666666666667,
    0.690476190476,0.714285714286,0.738095238095,0.761904761905,
    0.785714285714,0.809523809524,0.833333333333,0.857142857143,
    0.880952380952,0.904761904762,0.928571428571,0.952380952381,
0.97619047619,1.),.UNSPECIFIED.) CURVE() GEOMETRIC_REPRESENTATION_ITEM()
 RATIONAL_B_SPLINE_CURVE((1.,0.866025403784,1.,0.866025403784,1.,
    0.866025403784,1.,0.866025403784,1.,0.866025403784,1.,0.866025403784
    ,1.,0.866025403784,1.,0.866025403784,1.,0.866025403784,1.,
    0.866025403784,1.,0.866025403784,1.,0.866025403784,1.,0.866025403784
    ,1.,0.866025403784,1.,0.866025403784,1.,0.866025403784,1.,
    0.866025403784,1.,0.866025403784,1.,0.866025403784,1.,0.866025403784
    ,1.,0.866025403784,1.,0.866025403784,1.,0.866025403784,1.,
    0.866025403784,1.,0.866025403784,1.,0.866025403784,1.,0.866025403784
    ,1.,0.866025403784,1.,0.866025403784,1.,0.866025403784,1.,
    0.866025403784,1.,0.866025403784,1.,0.866025403784,1.,0.866025403784
    ,1.,0.866025403784,1.,0.866025403784,1.,0.866025403784,1.,
    0.866025403784,1.,0.866025403784,1.,0.866025403784,1.,0.866025403784
,1.,0.866025403784,1.)) REPRESENTATION_ITEM('') );
#289 = CARTESIAN_POINT('',(30.893766690612,-14.40599999708,-1.89375));
#290 = CARTESIAN_POINT('',(39.211074666875,3.43052451802,-1.7675));
#291 = CARTESIAN_POINT('',(27.922845309701,19.551786774116,-1.64125));
#292 = CARTESIAN_POINT('',(16.634615952527,35.673049030212,-1.515));
#293 = CARTESIAN_POINT('',(-2.970921380911,33.957786771202,-1.38875));
#294 = CARTESIAN_POINT('',(-22.57645871434,32.242524512192,-1.2625));
#295 = CARTESIAN_POINT('',(-30.89376669061,14.405999997086,-1.13625));
#296 = CARTESIAN_POINT('',(-39.21107466687,-3.43052451802,-1.01));
#297 = CARTESIAN_POINT('',(-27.9228453097,-19.55178677411,-0.88375));
#298 = CARTESIAN_POINT('',(-16.63461595252,-35.67304903021,-0.7575));
#299 = CARTESIAN_POINT('',(2.970921380911,-33.9577867712,-0.63125));
#300 = CARTESIAN_POINT('',(22.576458714348,-32.24252451219,-0.505));
#301 = CARTESIAN_POINT('',(30.893766690612,-14.40599999708,-0.37875));
#302 = CARTESIAN_POINT('',(39.211074666875,3.43052451802,-0.2525));
#303 = CARTESIAN_POINT('',(27.922845309701,19.551786774116,-0.12625));
#304 = CARTESIAN_POINT('',(16.634615952527,35.673049030212,0.));
#305 = CARTESIAN_POINT('',(-2.970921380911,33.957786771202,0.12625));
#306 = CARTESIAN_POINT('',(-22.57645871434,32.242524512192,0.2525));
#307 = CARTESIAN_POINT('',(-30.89376669061,14.405999997086,0.37875));
#308 = CARTESIAN_POINT('',(-39.21107466687,-3.43052451802,0.505));
#309 = CARTESIAN_POINT('',(-27.9228453097,-19.55178677411,0.63125));
#310 = CARTESIAN_POINT('',(-16.63461595252,-35.67304903021,0.7575));
#311 = CARTESIAN_POINT('',(2.970921380911,-33.9577867712,0.88375));
#312 = CARTESIAN_POINT('',(22.576458714348,-32.24252451219,1.01));
#313 = CARTESIAN_POINT('',(30.893766690612,-14.40599999708,1.13625));
#314 = CARTESIAN_POINT('',(39.211074666875,3.43052451802,1.2625));
#315 = CARTESIAN_POINT('',(27.922845309701,19.551786774116,1.38875));
#316 = CARTESIAN_POINT('',(16.634615952527,35.673049030212,1.515));
#317 = CARTESIAN_POINT('',(-2.970921380911,33.957786771202,1.64125));
#318 = CARTESIAN_POINT('',(-22.57645871434,32.242524512192,1.7675));
#319 = CARTESIAN_POINT('',(-30.89376669061,14.405999997086,1.89375));
#320 = CARTESIAN_POINT('',(-39.21107466687,-3.43052451802,2.02));
#321 = CARTESIAN_POINT('',(-27.9228453097,-19.55178677411,2.14625));
#322 = CARTESIAN_POINT('',(-16.63461595252,-35.67304903021,2.2725));
#323 = CARTESIAN_POINT('',(2.970921380911,-33.9577867712,2.39875));
#324 = CARTESIAN_POINT('',(22.576458714348,-32.24252451219,2.525));
#325 = CARTESIAN_POINT('',(30.893766690612,-14.40599999708,2.65125));
#326 = CARTESIAN_POINT('',(39.211074666875,3.43052451802,2.7775));
#327 = CARTESIAN_POINT('',(27.922845309701,19.551786774116,2.90375));
#328 = CARTESIAN_POINT('',(16.634615952527,35.673049030212,3.03));
#329 = CARTESIAN_POINT('',(-2.970921380911,33.957786771202,3.15625));
#330 = CARTESIAN_POINT('',(-22.57645871434,32.242524512192,3.2825));
#331 = CARTESIAN_POINT('',(-30.89376669061,14.405999997086,3.40875));
#332 = CARTESIAN_POINT('',(-39.21107466687,-3.43052451802,3.535));
#333 = CARTESIAN_POINT('',(-27.9228453097,-19.55178677411,3.66125));
#334 = CARTESIAN_POINT('',(-16.63461595252,-35.67304903021,3.7875));
#335 = CARTESIAN_POINT('',(2.970921380911,-33.9577867712,3.91375));
#336 = CARTESIAN_POINT('',(22.576458714348,-32.24252451219,4.04));
#337 = CARTESIAN_POINT('',(30.893766690612,-14.40599999708,4.16625));
#338 = CARTESIAN_POINT('',(39.211074666875,3.43052451802,4.2925));
#339 = CARTESIAN_POINT('',(27.922845309701,19.551786774116,4.41875));
#340 = CARTESIAN_POINT('',(16.634615952527,35.673049030212,4.545));
#341 = CARTESIAN_POINT('',(-2.970921380911,33.957786771202,4.67125));
#342 = CARTESIAN_POINT('',(-22.57645871434,32.242524512192,4.7975));
#343 = CARTESIAN_POINT('',(-30.89376669061,14.405999997086,4.92375));
#344 = CARTESIAN_POINT('',(-39.21107466687,-3.43052451802,5.05));
#345 = CARTESIAN_POINT('',(-27.9228453097,-19.55178677411,5.17625));
#346 = CARTESIAN_POINT('',(-16.63461595252,-35.67304903021,5.3025));
#347 = CARTESIAN_POINT('',(2.970921380911,-33.9577867712,5.42875));
#348 = CARTESIAN_POINT('',(22.576458714348,-32.24252451219,5.555));
#349 = CARTESIAN_POINT('',(30.893766690612,-14.40599999708,5.68125));
#350 = CARTESIAN_POINT('',(39.211074666875,3.43052451802,5.8075));
#351 = CARTESIAN_POINT('',(27.922845309701,19.551786774116,5.93375));
#352 = CARTESIAN_POINT('',(16.634615952527,35.673049030212,6.06));
#353 = CARTESIAN_POINT('',(-2.970921380911,33.957786771202,6.18625));
#354 = CARTESIAN_POINT('',(-22.57645871434,32.242524512192,6.3125));
#355 = CARTESIAN_POINT('',(-30.89376669061,14.405999997086,6.43875));
#356 = CARTESIAN_POINT('',(-39.21107466687,-3.43052451802,6.565));
#357 = CARTESIAN_POINT('',(-27.9228453097,-19.55178677411,6.69125));
#358 = CARTESIAN_POINT('',(-16.63461595252,-35.67304903021,6.8175));
#359 = CARTESIAN_POINT('',(2.970921380911,-33.9577867712,6.94375));
#360 = CARTESIAN_POINT('',(22.576458714348,-32.24252451219,7.07));
#361 = CARTESIAN_POINT('',(30.893766690612,-14.40599999708,7.19625));
#362 = CARTESIAN_POINT('',(39.211074666875,3.43052451802,7.3225));
#363 = CARTESIAN_POINT('',(27.922845309701,19.551786774116,7.44875));
#364 = CARTESIAN_POINT('',(16.634615952527,35.673049030212,7.575));
#365 = CARTESIAN_POINT('',(-2.970921380911,33.957786771202,7.70125));
#366 = CARTESIAN_POINT('',(-22.57645871434,32.242524512192,7.8275));
#367 = CARTESIAN_POINT('',(-30.89376669061,14.405999997086,7.95375));
#368 = CARTESIAN_POINT('',(-39.21107466687,-3.43052451802,8.08));
#369 = CARTESIAN_POINT('',(-27.9228453097,-19.55178677411,8.20625));
#370 = CARTESIAN_POINT('',(-16.63461595252,-35.67304903021,8.3325));
#371 = CARTESIAN_POINT('',(2.970921380911,-33.9577867712,8.45875));
#372 = CARTESIAN_POINT('',(22.576458714348,-32.24252451219,8.585));
#373 = CARTESIAN_POINT('',(30.893766690612,-14.40599999708,8.71125));
#374 = ORIENTED_EDGE('',*,*,#113,.T.);
#375 = ORIENTED_EDGE('',*,*,#376,.T.);
#376 = EDGE_CURVE('',#116,#377,#379,.T.);
#377 = VERTEX_POINT('',#378);
#378 = CARTESIAN_POINT('',(-24.23370799974,-25.12493175282,4.747));
#379 = ( BOUNDED_CURVE() B_SPLINE_CURVE(2,(#380,#381,#382,#383,#384,#385
    ,#386,#387,#388,#389,#390,#391,#392,#393,#394,#395,#396,#397,#398,
    #399,#400,#401,#402,#403,#404,#405,#406,#407,#408,#409,#410,#411,
    #412,#413,#414,#415,#416,#417,#418,#419,#420,#421,#422,#423,#424,
    #425,#426,#427,#428,#429,#430,#431,#432,#433,#434,#435,#436,#437,
    #438,#439,#440,#441,#442,#443,#444,#445,#446,#447,#448,#449,#450,
    #451,#452,#453,#454,#455,#456,#457,#458,#459,#460,#461,#462,#463,
#464),.UNSPECIFIED.,.F.,.F.) B_SPLINE_CURVE_WITH_KNOTS((3,2,2,2,2,2,2,2,
    2,2,2,2,2,2,2,2,2,2,2,2,2,2,2,2,2,2,2,2,2,2,2,2,2,2,2,2,2,2,2,2,2,2,
    3),(0.,2.380952380952E-02,4.761904761905E-02,7.142857142857E-02,
    9.52380952381E-02,0.119047619048,0.142857142857,0.166666666667,
    0.190476190476,0.214285714286,0.238095238095,0.261904761905,
    0.285714285714,0.309523809524,0.333333333333,0.357142857143,
    0.380952380952,0.404761904762,0.428571428571,0.452380952381,
    0.47619047619,0.5,0.52380952381,0.547619047619,0.571428571429,
    0.595238095238,0.619047619048,0.642857142857,0.666666666667,
    0.690476190476,0.714285714286,0.738095238095,0.761904761905,
    0.785714285714,0.809523809524,0.833333333333,0.857142857143,
    0.880952380952,0.904761904762,0.928571428571,0.952380952381,
0.97619047619,1.),.UNSPECIFIED.) CURVE() GEOMETRIC_REPRESENTATION_ITEM()
 RATIONAL_B_SPLINE_CURVE((1.,0.866025403784,1.,0.866025403784,1.,
    0.866025403784,1.,0.866025403784,1.,0.866025403784,1.,0.866025403784
    ,1.,0.866025403784,1.,0.866025403784,1.,0.866025403784,1.,
    0.866025403784,1.,0.866025403784,1.,0.866025403784,1.,0.866025403784
    ,1.,0.866025403784,1.,0.866025403784,1.,0.866025403784,1.,
    0.866025403784,1.,0.866025403784,1.,0.866025403784,1.,0.866025403784
    ,1.,0.866025403784,1.,0.866025403784,1.,0.866025403784,1.,
    0.866025403784,1.,0.866025403784,1.,0.866025403784,1.,0.866025403784
    ,1.,0.866025403784,1.,0.866025403784,1.,0.866025403784,1.,
    0.866025403784,1.,0.866025403784,1.,0.866025403784,1.,0.866025403784
    ,1.,0.866025403784,1.,0.866025403784,1.,0.866025403784,1.,
    0.866025403784,1.,0.866025403784,1.,0.866025403784,1.,0.866025403784
,1.,0.866025403784,1.)) REPRESENTATION_ITEM('') );
#380 = CARTESIAN_POINT('',(31.636955208827,-14.75255449458,-2.3671875));
#381 = CARTESIAN_POINT('',(40.154346517509,3.513050111574,-2.2409375));
#382 = CARTESIAN_POINT('',(28.594564567436,20.022129661943,-2.1146875));
#383 = CARTESIAN_POINT('',(17.034782617364,36.531209212313,-1.9884375));
#384 = CARTESIAN_POINT('',(-3.042390641391,34.774684156526,-1.8621875));
#385 = CARTESIAN_POINT('',(-23.11956390014,33.018159100739,-1.7359375));
#386 = CARTESIAN_POINT('',(-31.63695520882,14.752554494583,-1.6096875));
#387 = CARTESIAN_POINT('',(-40.1543465175,-3.513050111574,-1.4834375));
#388 = CARTESIAN_POINT('',(-28.59456456743,-20.02212966194,-1.3571875));
#389 = CARTESIAN_POINT('',(-17.03478261736,-36.53120921231,-1.2309375));
#390 = CARTESIAN_POINT('',(3.042390641391,-34.77468415652,-1.1046875));
#391 = CARTESIAN_POINT('',(23.119563900145,-33.01815910073,-0.9784375));
#392 = CARTESIAN_POINT('',(31.636955208827,-14.75255449458,-0.8521875));
#393 = CARTESIAN_POINT('',(40.154346517509,3.513050111574,-0.7259375));
#394 = CARTESIAN_POINT('',(28.594564567436,20.022129661943,-0.5996875));
#395 = CARTESIAN_POINT('',(17.034782617364,36.531209212313,-0.4734375));
#396 = CARTESIAN_POINT('',(-3.042390641391,34.774684156526,-0.3471875));
#397 = CARTESIAN_POINT('',(-23.11956390014,33.018159100739,-0.2209375));
#398 = CARTESIAN_POINT('',(-31.63695520882,14.752554494583,-9.46875E-02)
  );
#399 = CARTESIAN_POINT('',(-40.1543465175,-3.513050111574,3.15625E-02));
#400 = CARTESIAN_POINT('',(-28.59456456743,-20.02212966194,0.1578125));
#401 = CARTESIAN_POINT('',(-17.03478261736,-36.53120921231,0.2840625));
#402 = CARTESIAN_POINT('',(3.042390641391,-34.77468415652,0.4103125));
#403 = CARTESIAN_POINT('',(23.119563900145,-33.01815910073,0.5365625));
#404 = CARTESIAN_POINT('',(31.636955208827,-14.75255449458,0.6628125));
#405 = CARTESIAN_POINT('',(40.154346517509,3.513050111574,0.7890625));
#406 = CARTESIAN_POINT('',(28.594564567436,20.022129661943,0.9153125));
#407 = CARTESIAN_POINT('',(17.034782617364,36.531209212313,1.0415625));
#408 = CARTESIAN_POINT('',(-3.042390641391,34.774684156526,1.1678125));
#409 = CARTESIAN_POINT('',(-23.11956390014,33.018159100739,1.2940625));
#410 = CARTESIAN_POINT('',(-31.63695520882,14.752554494583,1.4203125));
#411 = CARTESIAN_POINT('',(-40.1543465175,-3.513050111574,1.5465625));
#412 = CARTESIAN_POINT('',(-28.59456456743,-20.02212966194,1.6728125));
#413 = CARTESIAN_POINT('',(-17.03478261736,-36.53120921231,1.7990625));
#414 = CARTESIAN_POINT('',(3.04239064139,-34.77468415652,1.9253125));
#415 = CARTESIAN_POINT('',(23.119563900145,-33.01815910073,2.0515625));
#416 = CARTESIAN_POINT('',(31.636955208827,-14.75255449458,2.1778125));
#417 = CARTESIAN_POINT('',(40.154346517509,3.513050111574,2.3040625));
#418 = CARTESIAN_POINT('',(28.594564567436,20.022129661943,2.4303125));
#419 = CARTESIAN_POINT('',(17.034782617364,36.531209212313,2.5565625));
#420 = CARTESIAN_POINT('',(-3.04239064139,34.774684156526,2.6828125));
#421 = CARTESIAN_POINT('',(-23.11956390014,33.018159100739,2.8090625));
#422 = CARTESIAN_POINT('',(-31.63695520882,14.752554494583,2.9353125));
#423 = CARTESIAN_POINT('',(-40.1543465175,-3.513050111574,3.0615625));
#424 = CARTESIAN_POINT('',(-28.59456456743,-20.02212966194,3.1878125));
#425 = CARTESIAN_POINT('',(-17.03478261736,-36.53120921231,3.3140625));
#426 = CARTESIAN_POINT('',(3.04239064139,-34.77468415652,3.4403125));
#427 = CARTESIAN_POINT('',(23.119563900145,-33.01815910073,3.5665625));
#428 = CARTESIAN_POINT('',(31.636955208827,-14.75255449458,3.6928125));
#429 = CARTESIAN_POINT('',(40.154346517509,3.513050111574,3.8190625));
#430 = CARTESIAN_POINT('',(28.594564567436,20.022129661943,3.9453125));
#431 = CARTESIAN_POINT('',(17.034782617364,36.531209212313,4.0715625));
#432 = CARTESIAN_POINT('',(-3.04239064139,34.774684156526,4.1978125));
#433 = CARTESIAN_POINT('',(-23.11956390014,33.018159100739,4.3240625));
#434 = CARTESIAN_POINT('',(-31.63695520882,14.752554494583,4.4503125));
#435 = CARTESIAN_POINT('',(-40.1543465175,-3.513050111574,4.5765625));
#436 = CARTESIAN_POINT('',(-28.59456456743,-20.02212966194,4.7028125));
#437 = CARTESIAN_POINT('',(-17.03478261736,-36.53120921231,4.8290625));
#438 = CARTESIAN_POINT('',(3.04239064139,-34.77468415652,4.9553125));
#439 = CARTESIAN_POINT('',(23.119563900145,-33.01815910073,5.0815625));
#440 = CARTESIAN_POINT('',(31.636955208827,-14.75255449458,5.2078125));
#441 = CARTESIAN_POINT('',(40.154346517509,3.513050111574,5.3340625));
#442 = CARTESIAN_POINT('',(28.594564567436,20.022129661943,5.4603125));
#443 = CARTESIAN_POINT('',(17.034782617364,36.531209212313,5.5865625));
#444 = CARTESIAN_POINT('',(-3.04239064139,34.774684156526,5.7128125));
#445 = CARTESIAN_POINT('',(-23.11956390014,33.018159100739,5.8390625));
#446 = CARTESIAN_POINT('',(-31.63695520882,14.752554494583,5.9653125));
#447 = CARTESIAN_POINT('',(-40.1543465175,-3.513050111574,6.0915625));
#448 = CARTESIAN_POINT('',(-28.59456456743,-20.02212966194,6.2178125));
#449 = CARTESIAN_POINT('',(-17.03478261736,-36.53120921231,6.3440625));
#450 = CARTESIAN_POINT('',(3.04239064139,-34.77468415652,6.4703125));
#451 = CARTESIAN_POINT('',(23.119563900145,-33.01815910073,6.5965625));
#452 = CARTESIAN_POINT('',(31.636955208827,-14.75255449458,6.7228125));
#453 = CARTESIAN_POINT('',(40.154346517509,3.513050111573,6.8490625));
#454 = CARTESIAN_POINT('',(28.594564567436,20.022129661943,6.9753125));
#455 = CARTESIAN_POINT('',(17.034782617364,36.531209212313,7.1015625));
#456 = CARTESIAN_POINT('',(-3.04239064139,34.774684156526,7.2278125));
#457 = CARTESIAN_POINT('',(-23.11956390014,33.018159100739,7.3540625));
#458 = CARTESIAN_POINT('',(-31.63695520882,14.752554494583,7.4803125));
#459 = CARTESIAN_POINT('',(-40.1543465175,-3.513050111574,7.6065625));
#460 = CARTESIAN_POINT('',(-28.59456456743,-20.02212966194,7.7328125));
#461 = CARTESIAN_POINT('',(-17.03478261736,-36.53120921231,7.8590625));
#462 = CARTESIAN_POINT('',(3.04239064139,-34.77468415652,7.9853125));
#463 = CARTESIAN_POINT('',(23.119563900145,-33.01815910073,8.1115625));
#464 = CARTESIAN_POINT('',(31.636955208827,-14.75255449458,8.2378125));
#465 = ORIENTED_EDGE('',*,*,#466,.T.);
#466 = EDGE_CURVE('',#377,#286,#467,.T.);
#467 = B_SPLINE_CURVE_WITH_KNOTS('',3,(#468,#469,#470,#471,#472,#473,
    #474,#475,#476,#477,#478,#479,#480,#481,#482,#483,#484),
  .UNSPECIFIED.,.F.,.F.,(4,1,1,1,1,1,1,1,1,1,1,1,1,1,4),(0.137658484888,
    0.141849020433,0.146039555977,0.154420627067,0.158611162612,
    0.162801698156,0.166992233701,0.171182769246,0.175373304791,
    0.179563840335,0.18375437588,0.187944911425,0.196325982514,
    0.200516518059,0.204707053604),.UNSPECIFIED.);
#468 = CARTESIAN_POINT('',(-24.23370799974,-25.12493175282,4.747));
#469 = CARTESIAN_POINT('',(-25.23491492677,-24.13607569449,4.747));
#470 = CARTESIAN_POINT('',(-27.10962245796,-22.04998741585,4.747));
#471 = CARTESIAN_POINT('',(-30.38325047283,-17.37155116872,4.747));
#472 = CARTESIAN_POINT('',(-32.71418154185,-12.25020635461,4.747));
#473 = CARTESIAN_POINT('',(-34.09345654118,-6.705724701342,4.747));
#474 = CARTESIAN_POINT('',(-34.59954666597,-2.512399017126,4.747));
#475 = CARTESIAN_POINT('',(-34.59794575282,1.713612254646,4.747));
#476 = CARTESIAN_POINT('',(-34.06754706176,5.968763400239,4.747));
#477 = CARTESIAN_POINT('',(-33.03931735916,10.050317468435,4.747));
#478 = CARTESIAN_POINT('',(-31.51251953965,14.015647257197,4.747));
#479 = CARTESIAN_POINT('',(-29.49469630534,17.779863817159,4.747));
#480 = CARTESIAN_POINT('',(-26.25763999428,22.360268101387,4.747));
#481 = CARTESIAN_POINT('',(-22.1301980241,26.358497735642,4.747));
#482 = CARTESIAN_POINT('',(-17.44552470168,29.449147581464,4.747));
#483 = CARTESIAN_POINT('',(-14.88715512633,30.717830163758,4.747));
#484 = CARTESIAN_POINT('',(-13.57219140057,31.269046624998,4.747));
#485 = ( BOUNDED_SURFACE() B_SPLINE_SURFACE(1,2,(
    (#486,#487,#488,#489,#490,#491,#492,#493,#494,#495,#496,#497,#498
      ,#499,#500,#501,#502,#503,#504,#505,#506,#507,#508,#509,#510,#511
      ,#512,#513,#514,#515,#516,#517,#518,#519,#520,#521,#522,#523,#524
      ,#525,#526,#527,#528,#529,#530)
    ,(#531,#532,#533,#534,#535,#536,#537,#538,#539,#540,#541,#542,#543
      ,#544,#545,#546,#547,#548,#549,#550,#551,#552,#553,#554,#555,#556
      ,#557,#558,#559,#560,#561,#562,#563,#564,#565,#566,#567,#568,#569
      ,#570,#571,#572,#573,#574,#575
)),.UNSPECIFIED.,.F.,.F.,.F.) B_SPLINE_SURFACE_WITH_KNOTS((2,2),(3,2,2,2
    ,2,2,2,2,2,2,2,2,2,2,2,2,2,2,2,2,2,2,3),(0.,1.),(0.175615955616,
    0.190476190476,0.214285714286,0.238095238095,0.261904761905,
    0.285714285714,0.309523809524,0.333333333333,0.357142857143,
    0.380952380952,0.404761904762,0.428571428571,0.452380952381,
    0.47619047619,0.5,0.52380952381,0.547619047619,0.571428571429,
    0.595238095238,0.619047619048,0.642857142857,0.666666666667,
0.674105727515),.UNSPECIFIED.) GEOMETRIC_REPRESENTATION_ITEM() 
RATIONAL_B_SPLINE_SURFACE((
    (0.937141322848,0.916382453465,1.,0.866025403784,1.,0.866025403784
      ,1.,0.866025403784,1.,0.866025403784,1.,0.866025403784,1.
      ,0.866025403784,1.,0.866025403784,1.,0.866025403784,1.
      ,0.866025403784,1.,0.866025403784,1.,0.866025403784,1.
      ,0.866025403784,1.,0.866025403784,1.,0.866025403784,1.
      ,0.866025403784,1.,0.866025403784,1.,0.866025403784,1.
      ,0.866025403784,1.,0.866025403784,1.,0.866025403784,1.
      ,0.958140902719,0.942438764663)
    ,(0.937141322848,0.916382453465,1.,0.866025403784,1.,0.866025403784
      ,1.,0.866025403784,1.,0.866025403784,1.,0.866025403784,1.
      ,0.866025403784,1.,0.866025403784,1.,0.866025403784,1.
      ,0.866025403784,1.,0.866025403784,1.,0.866025403784,1.
      ,0.866025403784,1.,0.866025403784,1.,0.866025403784,1.
      ,0.866025403784,1.,0.866025403784,1.,0.866025403784,1.
      ,0.866025403784,1.,0.866025403784,1.,0.866025403784,1.
,0.958140902719,0.942438764663))) REPRESENTATION_ITEM('') SURFACE() );
#486 = CARTESIAN_POINT('',(18.37112792901,28.713399569991,
    -3.344510580572E-02));
#487 = CARTESIAN_POINT('',(8.593065229798,34.969504504805,
    5.178362426277E-02));
#488 = CARTESIAN_POINT('',(-2.970921380911,33.957786771202,0.12625));
#489 = CARTESIAN_POINT('',(-22.57645871434,32.242524512192,0.2525));
#490 = CARTESIAN_POINT('',(-30.89376669061,14.405999997086,0.37875));
#491 = CARTESIAN_POINT('',(-39.21107466687,-3.43052451802,0.505));
#492 = CARTESIAN_POINT('',(-27.9228453097,-19.55178677411,0.63125));
#493 = CARTESIAN_POINT('',(-16.63461595252,-35.67304903021,0.7575));
#494 = CARTESIAN_POINT('',(2.970921380911,-33.9577867712,0.88375));
#495 = CARTESIAN_POINT('',(22.576458714348,-32.24252451219,1.01));
#496 = CARTESIAN_POINT('',(30.893766690612,-14.40599999708,1.13625));
#497 = CARTESIAN_POINT('',(39.211074666875,3.43052451802,1.2625));
#498 = CARTESIAN_POINT('',(27.922845309701,19.551786774116,1.38875));
#499 = CARTESIAN_POINT('',(16.634615952527,35.673049030212,1.515));
#500 = CARTESIAN_POINT('',(-2.970921380911,33.957786771202,1.64125));
#501 = CARTESIAN_POINT('',(-22.57645871434,32.242524512192,1.7675));
#502 = CARTESIAN_POINT('',(-30.89376669061,14.405999997086,1.89375));
#503 = CARTESIAN_POINT('',(-39.21107466687,-3.43052451802,2.02));
#504 = CARTESIAN_POINT('',(-27.9228453097,-19.55178677411,2.14625));
#505 = CARTESIAN_POINT('',(-16.63461595252,-35.67304903021,2.2725));
#506 = CARTESIAN_POINT('',(2.970921380911,-33.9577867712,2.39875));
#507 = CARTESIAN_POINT('',(22.576458714348,-32.24252451219,2.525));
#508 = CARTESIAN_POINT('',(30.893766690612,-14.40599999708,2.65125));
#509 = CARTESIAN_POINT('',(39.211074666875,3.43052451802,2.7775));
#510 = CARTESIAN_POINT('',(27.922845309701,19.551786774116,2.90375));
#511 = CARTESIAN_POINT('',(16.634615952527,35.673049030212,3.03));
#512 = CARTESIAN_POINT('',(-2.970921380911,33.957786771202,3.15625));
#513 = CARTESIAN_POINT('',(-22.57645871434,32.242524512192,3.2825));
#514 = CARTESIAN_POINT('',(-30.89376669061,14.405999997086,3.40875));
#515 = CARTESIAN_POINT('',(-39.21107466687,-3.43052451802,3.535));
#516 = CARTESIAN_POINT('',(-27.9228453097,-19.55178677411,3.66125));
#517 = CARTESIAN_POINT('',(-16.63461595252,-35.67304903021,3.7875));
#518 = CARTESIAN_POINT('',(2.970921380911,-33.9577867712,3.91375));
#519 = CARTESIAN_POINT('',(22.576458714348,-32.24252451219,4.04));
#520 = CARTESIAN_POINT('',(30.893766690612,-14.40599999708,4.16625));
#521 = CARTESIAN_POINT('',(39.211074666875,3.43052451802,4.2925));
#522 = CARTESIAN_POINT('',(27.922845309701,19.551786774116,4.41875));
#523 = CARTESIAN_POINT('',(16.634615952527,35.673049030212,4.545));
#524 = CARTESIAN_POINT('',(-2.970921380911,33.957786771202,4.67125));
#525 = CARTESIAN_POINT('',(-22.57645871434,32.242524512192,4.7975));
#526 = CARTESIAN_POINT('',(-30.89376669061,14.405999997086,4.92375));
#527 = CARTESIAN_POINT('',(-39.21107466687,-3.43052451802,5.05));
#528 = CARTESIAN_POINT('',(-27.9228453097,-19.55178677411,5.17625));
#529 = CARTESIAN_POINT('',(-24.73502026969,-24.10447275084,5.21190332512
    ));
#530 = CARTESIAN_POINT('',(-20.26615155477,-27.4087715414,5.252248714207
    ));
#531 = CARTESIAN_POINT('',(18.813068579376,29.404136607434,
    -0.506882605806));
#532 = CARTESIAN_POINT('',(8.799782250711,35.810740036099,
    -0.421653875737));
#533 = CARTESIAN_POINT('',(-3.042390641391,34.774684156526,-0.3471875));
#534 = CARTESIAN_POINT('',(-23.11956390014,33.018159100739,-0.2209375));
#535 = CARTESIAN_POINT('',(-31.63695520882,14.752554494583,-9.46875E-02)
  );
#536 = CARTESIAN_POINT('',(-40.1543465175,-3.513050111574,3.15625E-02));
#537 = CARTESIAN_POINT('',(-28.59456456743,-20.02212966194,0.1578125));
#538 = CARTESIAN_POINT('',(-17.03478261736,-36.53120921231,0.2840625));
#539 = CARTESIAN_POINT('',(3.042390641391,-34.77468415652,0.4103125));
#540 = CARTESIAN_POINT('',(23.119563900145,-33.01815910073,0.5365625));
#541 = CARTESIAN_POINT('',(31.636955208827,-14.75255449458,0.6628125));
#542 = CARTESIAN_POINT('',(40.154346517509,3.513050111574,0.7890625));
#543 = CARTESIAN_POINT('',(28.594564567436,20.022129661943,0.9153125));
#544 = CARTESIAN_POINT('',(17.034782617364,36.531209212313,1.0415625));
#545 = CARTESIAN_POINT('',(-3.042390641391,34.774684156526,1.1678125));
#546 = CARTESIAN_POINT('',(-23.11956390014,33.018159100739,1.2940625));
#547 = CARTESIAN_POINT('',(-31.63695520882,14.752554494583,1.4203125));
#548 = CARTESIAN_POINT('',(-40.1543465175,-3.513050111574,1.5465625));
#549 = CARTESIAN_POINT('',(-28.59456456743,-20.02212966194,1.6728125));
#550 = CARTESIAN_POINT('',(-17.03478261736,-36.53120921231,1.7990625));
#551 = CARTESIAN_POINT('',(3.042390641391,-34.77468415652,1.9253125));
#552 = CARTESIAN_POINT('',(23.119563900145,-33.01815910073,2.0515625));
#553 = CARTESIAN_POINT('',(31.636955208827,-14.75255449458,2.1778125));
#554 = CARTESIAN_POINT('',(40.154346517509,3.513050111574,2.3040625));
#555 = CARTESIAN_POINT('',(28.594564567436,20.022129661943,2.4303125));
#556 = CARTESIAN_POINT('',(17.034782617364,36.531209212313,2.5565625));
#557 = CARTESIAN_POINT('',(-3.042390641391,34.774684156526,2.6828125));
#558 = CARTESIAN_POINT('',(-23.11956390014,33.018159100739,2.8090625));
#559 = CARTESIAN_POINT('',(-31.63695520882,14.752554494583,2.9353125));
#560 = CARTESIAN_POINT('',(-40.1543465175,-3.513050111574,3.0615625));
#561 = CARTESIAN_POINT('',(-28.59456456743,-20.02212966194,3.1878125));
#562 = CARTESIAN_POINT('',(-17.03478261736,-36.53120921231,3.3140625));
#563 = CARTESIAN_POINT('',(3.042390641391,-34.77468415652,3.4403125));
#564 = CARTESIAN_POINT('',(23.119563900145,-33.01815910073,3.5665625));
#565 = CARTESIAN_POINT('',(31.636955208827,-14.75255449458,3.6928125));
#566 = CARTESIAN_POINT('',(40.154346517509,3.513050111574,3.8190625));
#567 = CARTESIAN_POINT('',(28.594564567436,20.022129661943,3.9453125));
#568 = CARTESIAN_POINT('',(17.034782617364,36.531209212313,4.0715625));
#569 = CARTESIAN_POINT('',(-3.042390641391,34.774684156526,4.1978125));
#570 = CARTESIAN_POINT('',(-23.11956390014,33.018159100739,4.3240625));
#571 = CARTESIAN_POINT('',(-31.63695520882,14.752554494583,4.4503125));
#572 = CARTESIAN_POINT('',(-40.1543465175,-3.513050111574,4.5765625));
#573 = CARTESIAN_POINT('',(-28.59456456743,-20.02212966194,4.7028125));
#574 = CARTESIAN_POINT('',(-25.33005237588,-24.68433624128,4.73846582512
    ));
#575 = CARTESIAN_POINT('',(-20.75367938829,-28.06812410633,
    4.778811214207));
#576 = ADVANCED_FACE('',(#577),#678,.F.);
#577 = FACE_BOUND('',#578,.F.);
#578 = EDGE_LOOP('',(#579,#580,#589,#677));
#579 = ORIENTED_EDGE('',*,*,#285,.T.);
#580 = ORIENTED_EDGE('',*,*,#581,.T.);
#581 = EDGE_CURVE('',#286,#582,#584,.T.);
#582 = VERTEX_POINT('',#583);
#583 = CARTESIAN_POINT('',(31.502387580134,13.021414400939,4.747));
#584 = CIRCLE('',#585,34.0875);
#585 = AXIS2_PLACEMENT_3D('',#586,#587,#588);
#586 = CARTESIAN_POINT('',(-8.989E-16,-1.9291E-15,4.747));
#587 = DIRECTION('',(0.,0.,-1.));
#588 = DIRECTION('',(0.906307787037,-0.422618261741,0.));
#589 = ORIENTED_EDGE('',*,*,#590,.F.);
#590 = EDGE_CURVE('',#149,#582,#591,.T.);
#591 = ( BOUNDED_CURVE() B_SPLINE_CURVE(2,(#592,#593,#594,#595,#596,#597
    ,#598,#599,#600,#601,#602,#603,#604,#605,#606,#607,#608,#609,#610,
    #611,#612,#613,#614,#615,#616,#617,#618,#619,#620,#621,#622,#623,
    #624,#625,#626,#627,#628,#629,#630,#631,#632,#633,#634,#635,#636,
    #637,#638,#639,#640,#641,#642,#643,#644,#645,#646,#647,#648,#649,
    #650,#651,#652,#653,#654,#655,#656,#657,#658,#659,#660,#661,#662,
    #663,#664,#665,#666,#667,#668,#669,#670,#671,#672,#673,#674,#675,
#676),.UNSPECIFIED.,.F.,.F.) B_SPLINE_CURVE_WITH_KNOTS((3,2,2,2,2,2,2,2,
    2,2,2,2,2,2,2,2,2,2,2,2,2,2,2,2,2,2,2,2,2,2,2,2,2,2,2,2,2,2,2,2,2,2,
    3),(0.,2.380952380952E-02,4.761904761905E-02,7.142857142857E-02,
    9.52380952381E-02,0.119047619048,0.142857142857,0.166666666667,
    0.190476190476,0.214285714286,0.238095238095,0.261904761905,
    0.285714285714,0.309523809524,0.333333333333,0.357142857143,
    0.380952380952,0.404761904762,0.428571428571,0.452380952381,
    0.47619047619,0.5,0.52380952381,0.547619047619,0.571428571429,
    0.595238095238,0.619047619048,0.642857142857,0.666666666667,
    0.690476190476,0.714285714286,0.738095238095,0.761904761905,
    0.785714285714,0.809523809524,0.833333333333,0.857142857143,
    0.880952380952,0.904761904762,0.928571428571,0.952380952381,
0.97619047619,1.),.UNSPECIFIED.) CURVE() GEOMETRIC_REPRESENTATION_ITEM()
 RATIONAL_B_SPLINE_CURVE((1.,0.866025403784,1.,0.866025403784,1.,
    0.866025403784,1.,0.866025403784,1.,0.866025403784,1.,0.866025403784
    ,1.,0.866025403784,1.,0.866025403784,1.,0.866025403784,1.,
    0.866025403784,1.,0.866025403784,1.,0.866025403784,1.,0.866025403784
    ,1.,0.866025403784,1.,0.866025403784,1.,0.866025403784,1.,
    0.866025403784,1.,0.866025403784,1.,0.866025403784,1.,0.866025403784
    ,1.,0.866025403784,1.,0.866025403784,1.,0.866025403784,1.,
    0.866025403784,1.,0.866025403784,1.,0.866025403784,1.,0.866025403784
    ,1.,0.866025403784,1.,0.866025403784,1.,0.866025403784,1.,
    0.866025403784,1.,0.866025403784,1.,0.866025403784,1.,0.866025403784
    ,1.,0.866025403784,1.,0.866025403784,1.,0.866025403784,1.,
    0.866025403784,1.,0.866025403784,1.,0.866025403784,1.,0.866025403784
,1.,0.866025403784,1.)) REPRESENTATION_ITEM('') );
#592 = CARTESIAN_POINT('',(30.893766690612,-14.40599999708,-3.03));
#593 = CARTESIAN_POINT('',(39.211074666875,3.43052451802,-2.90375));
#594 = CARTESIAN_POINT('',(27.922845309701,19.551786774116,-2.7775));
#595 = CARTESIAN_POINT('',(16.634615952527,35.673049030212,-2.65125));
#596 = CARTESIAN_POINT('',(-2.970921380911,33.957786771202,-2.525));
#597 = CARTESIAN_POINT('',(-22.57645871434,32.242524512192,-2.39875));
#598 = CARTESIAN_POINT('',(-30.89376669061,14.405999997086,-2.2725));
#599 = CARTESIAN_POINT('',(-39.21107466687,-3.43052451802,-2.14625));
#600 = CARTESIAN_POINT('',(-27.9228453097,-19.55178677411,-2.02));
#601 = CARTESIAN_POINT('',(-16.63461595252,-35.67304903021,-1.89375));
#602 = CARTESIAN_POINT('',(2.970921380911,-33.9577867712,-1.7675));
#603 = CARTESIAN_POINT('',(22.576458714348,-32.24252451219,-1.64125));
#604 = CARTESIAN_POINT('',(30.893766690612,-14.40599999708,-1.515));
#605 = CARTESIAN_POINT('',(39.211074666875,3.43052451802,-1.38875));
#606 = CARTESIAN_POINT('',(27.922845309701,19.551786774116,-1.2625));
#607 = CARTESIAN_POINT('',(16.634615952527,35.673049030212,-1.13625));
#608 = CARTESIAN_POINT('',(-2.970921380911,33.957786771202,-1.01));
#609 = CARTESIAN_POINT('',(-22.57645871434,32.242524512192,-0.88375));
#610 = CARTESIAN_POINT('',(-30.89376669061,14.405999997086,-0.7575));
#611 = CARTESIAN_POINT('',(-39.21107466687,-3.43052451802,-0.63125));
#612 = CARTESIAN_POINT('',(-27.9228453097,-19.55178677411,-0.505));
#613 = CARTESIAN_POINT('',(-16.63461595252,-35.67304903021,-0.37875));
#614 = CARTESIAN_POINT('',(2.970921380911,-33.9577867712,-0.2525));
#615 = CARTESIAN_POINT('',(22.576458714348,-32.24252451219,-0.12625));
#616 = CARTESIAN_POINT('',(30.893766690612,-14.40599999708,0.));
#617 = CARTESIAN_POINT('',(39.211074666875,3.43052451802,0.12625));
#618 = CARTESIAN_POINT('',(27.922845309701,19.551786774116,0.2525));
#619 = CARTESIAN_POINT('',(16.634615952527,35.673049030212,0.37875));
#620 = CARTESIAN_POINT('',(-2.970921380911,33.957786771202,0.505));
#621 = CARTESIAN_POINT('',(-22.57645871434,32.242524512192,0.63125));
#622 = CARTESIAN_POINT('',(-30.89376669061,14.405999997086,0.7575));
#623 = CARTESIAN_POINT('',(-39.21107466687,-3.43052451802,0.88375));
#624 = CARTESIAN_POINT('',(-27.9228453097,-19.55178677411,1.01));
#625 = CARTESIAN_POINT('',(-16.63461595252,-35.67304903021,1.13625));
#626 = CARTESIAN_POINT('',(2.970921380911,-33.9577867712,1.2625));
#627 = CARTESIAN_POINT('',(22.576458714348,-32.24252451219,1.38875));
#628 = CARTESIAN_POINT('',(30.893766690612,-14.40599999708,1.515));
#629 = CARTESIAN_POINT('',(39.211074666875,3.43052451802,1.64125));
#630 = CARTESIAN_POINT('',(27.922845309701,19.551786774116,1.7675));
#631 = CARTESIAN_POINT('',(16.634615952527,35.673049030212,1.89375));
#632 = CARTESIAN_POINT('',(-2.970921380911,33.957786771202,2.02));
#633 = CARTESIAN_POINT('',(-22.57645871434,32.242524512192,2.14625));
#634 = CARTESIAN_POINT('',(-30.89376669061,14.405999997086,2.2725));
#635 = CARTESIAN_POINT('',(-39.21107466687,-3.43052451802,2.39875));
#636 = CARTESIAN_POINT('',(-27.9228453097,-19.55178677411,2.525));
#637 = CARTESIAN_POINT('',(-16.63461595252,-35.67304903021,2.65125));
#638 = CARTESIAN_POINT('',(2.970921380911,-33.9577867712,2.7775));
#639 = CARTESIAN_POINT('',(22.576458714348,-32.24252451219,2.90375));
#640 = CARTESIAN_POINT('',(30.893766690612,-14.40599999708,3.03));
#641 = CARTESIAN_POINT('',(39.211074666875,3.43052451802,3.15625));
#642 = CARTESIAN_POINT('',(27.922845309701,19.551786774116,3.2825));
#643 = CARTESIAN_POINT('',(16.634615952527,35.673049030212,3.40875));
#644 = CARTESIAN_POINT('',(-2.970921380911,33.957786771202,3.535));
#645 = CARTESIAN_POINT('',(-22.57645871434,32.242524512192,3.66125));
#646 = CARTESIAN_POINT('',(-30.89376669061,14.405999997086,3.7875));
#647 = CARTESIAN_POINT('',(-39.21107466687,-3.43052451802,3.91375));
#648 = CARTESIAN_POINT('',(-27.9228453097,-19.55178677411,4.04));
#649 = CARTESIAN_POINT('',(-16.63461595252,-35.67304903021,4.16625));
#650 = CARTESIAN_POINT('',(2.970921380911,-33.9577867712,4.2925));
#651 = CARTESIAN_POINT('',(22.576458714348,-32.24252451219,4.41875));
#652 = CARTESIAN_POINT('',(30.893766690612,-14.40599999708,4.545));
#653 = CARTESIAN_POINT('',(39.211074666875,3.43052451802,4.67125));
#654 = CARTESIAN_POINT('',(27.922845309701,19.551786774116,4.7975));
#655 = CARTESIAN_POINT('',(16.634615952527,35.673049030212,4.92375));
#656 = CARTESIAN_POINT('',(-2.970921380911,33.957786771202,5.05));
#657 = CARTESIAN_POINT('',(-22.57645871434,32.242524512192,5.17625));
#658 = CARTESIAN_POINT('',(-30.89376669061,14.405999997086,5.3025));
#659 = CARTESIAN_POINT('',(-39.21107466687,-3.43052451802,5.42875));
#660 = CARTESIAN_POINT('',(-27.9228453097,-19.55178677411,5.555));
#661 = CARTESIAN_POINT('',(-16.63461595252,-35.67304903021,5.68125));
#662 = CARTESIAN_POINT('',(2.970921380911,-33.9577867712,5.8075));
#663 = CARTESIAN_POINT('',(22.576458714348,-32.24252451219,5.93375));
#664 = CARTESIAN_POINT('',(30.893766690612,-14.40599999708,6.06));
#665 = CARTESIAN_POINT('',(39.211074666875,3.43052451802,6.18625));
#666 = CARTESIAN_POINT('',(27.922845309701,19.551786774116,6.3125));
#667 = CARTESIAN_POINT('',(16.634615952527,35.673049030212,6.43875));
#668 = CARTESIAN_POINT('',(-2.970921380911,33.957786771202,6.565));
#669 = CARTESIAN_POINT('',(-22.57645871434,32.242524512192,6.69125));
#670 = CARTESIAN_POINT('',(-30.89376669061,14.405999997086,6.8175));
#671 = CARTESIAN_POINT('',(-39.21107466687,-3.43052451802,6.94375));
#672 = CARTESIAN_POINT('',(-27.9228453097,-19.55178677411,7.07));
#673 = CARTESIAN_POINT('',(-16.63461595252,-35.67304903021,7.19625));
#674 = CARTESIAN_POINT('',(2.970921380911,-33.9577867712,7.3225));
#675 = CARTESIAN_POINT('',(22.576458714348,-32.24252451219,7.44875));
#676 = CARTESIAN_POINT('',(30.893766690612,-14.40599999708,7.575));
#677 = ORIENTED_EDGE('',*,*,#170,.F.);
#678 = CYLINDRICAL_SURFACE('',#679,34.0875);
#679 = AXIS2_PLACEMENT_3D('',#680,#681,#682);
#680 = CARTESIAN_POINT('',(-8.989E-16,-1.9291E-15,0.));
#681 = DIRECTION('',(0.,0.,1.));
#682 = DIRECTION('',(-0.906307787037,0.422618261741,0.));
#683 = ADVANCED_FACE('',(#684),#796,.F.);
#684 = FACE_BOUND('',#685,.F.);
#685 = EDGE_LOOP('',(#686,#687,#707,#795));
#686 = ORIENTED_EDGE('',*,*,#590,.T.);
#687 = ORIENTED_EDGE('',*,*,#688,.T.);
#688 = EDGE_CURVE('',#582,#689,#691,.T.);
#689 = VERTEX_POINT('',#690);
#690 = CARTESIAN_POINT('',(9.179174694508E-02,-34.90739711402,4.747));
#691 = B_SPLINE_CURVE_WITH_KNOTS('',3,(#692,#693,#694,#695,#696,#697,
    #698,#699,#700,#701,#702,#703,#704,#705,#706),.UNSPECIFIED.,.F.,.F.,
  (4,1,1,1,1,1,1,1,1,1,1,1,4),(0.105686291689,0.109858421903,
    0.114030552117,0.122374812544,0.130719072972,0.139063333399,
    0.143235463613,0.147407593827,0.151579724041,0.155751854255,
    0.164096114682,0.168268244896,0.17244037511),.UNSPECIFIED.);
#692 = CARTESIAN_POINT('',(31.502387580134,13.021414400939,4.747));
#693 = CARTESIAN_POINT('',(32.05412431769,11.731556226587,4.747));
#694 = CARTESIAN_POINT('',(32.995987107502,9.09833222439,4.747));
#695 = CARTESIAN_POINT('',(34.232858361956,3.541546983735,4.747));
#696 = CARTESIAN_POINT('',(34.477955013463,-3.469415364783,4.747));
#697 = CARTESIAN_POINT('',(32.650288309212,-11.9132505111,4.747));
#698 = CARTESIAN_POINT('',(29.526564089751,-18.19694797349,4.747));
#699 = CARTESIAN_POINT('',(26.114524955061,-22.75533045056,4.747));
#700 = CARTESIAN_POINT('',(23.198947572819,-25.78762893708,4.747));
#701 = CARTESIAN_POINT('',(19.934489369261,-28.45501288564,4.747));
#702 = CARTESIAN_POINT('',(15.121359392077,-31.48554861478,4.747));
#703 = CARTESIAN_POINT('',(9.905225551653,-33.56573269475,4.747));
#704 = CARTESIAN_POINT('',(4.325708494205,-34.6788514878,4.747));
#705 = CARTESIAN_POINT('',(1.512297840276,-34.88755148809,4.747));
#706 = CARTESIAN_POINT('',(9.179174694509E-02,-34.90739711402,4.747));
#707 = ORIENTED_EDGE('',*,*,#708,.F.);
#708 = EDGE_CURVE('',#137,#689,#709,.T.);
#709 = ( BOUNDED_CURVE() B_SPLINE_CURVE(2,(#710,#711,#712,#713,#714,#715
    ,#716,#717,#718,#719,#720,#721,#722,#723,#724,#725,#726,#727,#728,
    #729,#730,#731,#732,#733,#734,#735,#736,#737,#738,#739,#740,#741,
    #742,#743,#744,#745,#746,#747,#748,#749,#750,#751,#752,#753,#754,
    #755,#756,#757,#758,#759,#760,#761,#762,#763,#764,#765,#766,#767,
    #768,#769,#770,#771,#772,#773,#774,#775,#776,#777,#778,#779,#780,
    #781,#782,#783,#784,#785,#786,#787,#788,#789,#790,#791,#792,#793,
#794),.UNSPECIFIED.,.F.,.F.) B_SPLINE_CURVE_WITH_KNOTS((3,2,2,2,2,2,2,2,
    2,2,2,2,2,2,2,2,2,2,2,2,2,2,2,2,2,2,2,2,2,2,2,2,2,2,2,2,2,2,2,2,2,2,
    3),(0.,2.380952380952E-02,4.761904761905E-02,7.142857142857E-02,
    9.52380952381E-02,0.119047619048,0.142857142857,0.166666666667,
    0.190476190476,0.214285714286,0.238095238095,0.261904761905,
    0.285714285714,0.309523809524,0.333333333333,0.357142857143,
    0.380952380952,0.404761904762,0.428571428571,0.452380952381,
    0.47619047619,0.5,0.52380952381,0.547619047619,0.571428571429,
    0.595238095238,0.619047619048,0.642857142857,0.666666666667,
    0.690476190476,0.714285714286,0.738095238095,0.761904761905,
    0.785714285714,0.809523809524,0.833333333333,0.857142857143,
    0.880952380952,0.904761904762,0.928571428571,0.952380952381,
0.97619047619,1.),.UNSPECIFIED.) CURVE() GEOMETRIC_REPRESENTATION_ITEM()
 RATIONAL_B_SPLINE_CURVE((1.,0.866025403784,1.,0.866025403784,1.,
    0.866025403784,1.,0.866025403784,1.,0.866025403784,1.,0.866025403784
    ,1.,0.866025403784,1.,0.866025403784,1.,0.866025403784,1.,
    0.866025403784,1.,0.866025403784,1.,0.866025403784,1.,0.866025403784
    ,1.,0.866025403784,1.,0.866025403784,1.,0.866025403784,1.,
    0.866025403784,1.,0.866025403784,1.,0.866025403784,1.,0.866025403784
    ,1.,0.866025403784,1.,0.866025403784,1.,0.866025403784,1.,
    0.866025403784,1.,0.866025403784,1.,0.866025403784,1.,0.866025403784
    ,1.,0.866025403784,1.,0.866025403784,1.,0.866025403784,1.,
    0.866025403784,1.,0.866025403784,1.,0.866025403784,1.,0.866025403784
    ,1.,0.866025403784,1.,0.866025403784,1.,0.866025403784,1.,
    0.866025403784,1.,0.866025403784,1.,0.866025403784,1.,0.866025403784
,1.,0.866025403784,1.)) REPRESENTATION_ITEM('') );
#710 = CARTESIAN_POINT('',(31.636955208827,-14.75255449458,-2.5565625));
#711 = CARTESIAN_POINT('',(40.154346517509,3.513050111574,-2.4303125));
#712 = CARTESIAN_POINT('',(28.594564567436,20.022129661943,-2.3040625));
#713 = CARTESIAN_POINT('',(17.034782617364,36.531209212313,-2.1778125));
#714 = CARTESIAN_POINT('',(-3.042390641391,34.774684156526,-2.0515625));
#715 = CARTESIAN_POINT('',(-23.11956390014,33.018159100739,-1.9253125));
#716 = CARTESIAN_POINT('',(-31.63695520882,14.752554494583,-1.7990625));
#717 = CARTESIAN_POINT('',(-40.1543465175,-3.513050111574,-1.6728125));
#718 = CARTESIAN_POINT('',(-28.59456456743,-20.02212966194,-1.5465625));
#719 = CARTESIAN_POINT('',(-17.03478261736,-36.53120921231,-1.4203125));
#720 = CARTESIAN_POINT('',(3.042390641391,-34.77468415652,-1.2940625));
#721 = CARTESIAN_POINT('',(23.119563900145,-33.01815910073,-1.1678125));
#722 = CARTESIAN_POINT('',(31.636955208827,-14.75255449458,-1.0415625));
#723 = CARTESIAN_POINT('',(40.154346517509,3.513050111574,-0.9153125));
#724 = CARTESIAN_POINT('',(28.594564567436,20.022129661943,-0.7890625));
#725 = CARTESIAN_POINT('',(17.034782617364,36.531209212313,-0.6628125));
#726 = CARTESIAN_POINT('',(-3.042390641391,34.774684156526,-0.5365625));
#727 = CARTESIAN_POINT('',(-23.11956390014,33.018159100739,-0.4103125));
#728 = CARTESIAN_POINT('',(-31.63695520882,14.752554494583,-0.2840625));
#729 = CARTESIAN_POINT('',(-40.1543465175,-3.513050111574,-0.1578125));
#730 = CARTESIAN_POINT('',(-28.59456456743,-20.02212966194,-3.15625E-02)
  );
#731 = CARTESIAN_POINT('',(-17.03478261736,-36.53120921231,9.46875E-02)
  );
#732 = CARTESIAN_POINT('',(3.042390641391,-34.77468415652,0.2209375));
#733 = CARTESIAN_POINT('',(23.119563900145,-33.01815910073,0.3471875));
#734 = CARTESIAN_POINT('',(31.636955208827,-14.75255449458,0.4734375));
#735 = CARTESIAN_POINT('',(40.154346517509,3.513050111574,0.5996875));
#736 = CARTESIAN_POINT('',(28.594564567436,20.022129661943,0.7259375));
#737 = CARTESIAN_POINT('',(17.034782617364,36.531209212313,0.8521875));
#738 = CARTESIAN_POINT('',(-3.042390641391,34.774684156526,0.9784375));
#739 = CARTESIAN_POINT('',(-23.11956390014,33.018159100739,1.1046875));
#740 = CARTESIAN_POINT('',(-31.63695520882,14.752554494583,1.2309375));
#741 = CARTESIAN_POINT('',(-40.1543465175,-3.513050111574,1.3571875));
#742 = CARTESIAN_POINT('',(-28.59456456743,-20.02212966194,1.4834375));
#743 = CARTESIAN_POINT('',(-17.03478261736,-36.53120921231,1.6096875));
#744 = CARTESIAN_POINT('',(3.04239064139,-34.77468415652,1.7359375));
#745 = CARTESIAN_POINT('',(23.119563900145,-33.01815910073,1.8621875));
#746 = CARTESIAN_POINT('',(31.636955208827,-14.75255449458,1.9884375));
#747 = CARTESIAN_POINT('',(40.154346517509,3.513050111574,2.1146875));
#748 = CARTESIAN_POINT('',(28.594564567436,20.022129661943,2.2409375));
#749 = CARTESIAN_POINT('',(17.034782617364,36.531209212313,2.3671875));
#750 = CARTESIAN_POINT('',(-3.04239064139,34.774684156526,2.4934375));
#751 = CARTESIAN_POINT('',(-23.11956390014,33.018159100739,2.6196875));
#752 = CARTESIAN_POINT('',(-31.63695520882,14.752554494583,2.7459375));
#753 = CARTESIAN_POINT('',(-40.1543465175,-3.513050111574,2.8721875));
#754 = CARTESIAN_POINT('',(-28.59456456743,-20.02212966194,2.9984375));
#755 = CARTESIAN_POINT('',(-17.03478261736,-36.53120921231,3.1246875));
#756 = CARTESIAN_POINT('',(3.04239064139,-34.77468415652,3.2509375));
#757 = CARTESIAN_POINT('',(23.119563900145,-33.01815910073,3.3771875));
#758 = CARTESIAN_POINT('',(31.636955208827,-14.75255449458,3.5034375));
#759 = CARTESIAN_POINT('',(40.154346517509,3.513050111574,3.6296875));
#760 = CARTESIAN_POINT('',(28.594564567436,20.022129661943,3.7559375));
#761 = CARTESIAN_POINT('',(17.034782617364,36.531209212313,3.8821875));
#762 = CARTESIAN_POINT('',(-3.04239064139,34.774684156526,4.0084375));
#763 = CARTESIAN_POINT('',(-23.11956390014,33.018159100739,4.1346875));
#764 = CARTESIAN_POINT('',(-31.63695520882,14.752554494583,4.2609375));
#765 = CARTESIAN_POINT('',(-40.1543465175,-3.513050111574,4.3871875));
#766 = CARTESIAN_POINT('',(-28.59456456743,-20.02212966194,4.5134375));
#767 = CARTESIAN_POINT('',(-17.03478261736,-36.53120921231,4.6396875));
#768 = CARTESIAN_POINT('',(3.04239064139,-34.77468415652,4.7659375));
#769 = CARTESIAN_POINT('',(23.119563900145,-33.01815910073,4.8921875));
#770 = CARTESIAN_POINT('',(31.636955208827,-14.75255449458,5.0184375));
#771 = CARTESIAN_POINT('',(40.154346517509,3.513050111574,5.1446875));
#772 = CARTESIAN_POINT('',(28.594564567436,20.022129661943,5.2709375));
#773 = CARTESIAN_POINT('',(17.034782617364,36.531209212313,5.3971875));
#774 = CARTESIAN_POINT('',(-3.04239064139,34.774684156526,5.5234375));
#775 = CARTESIAN_POINT('',(-23.11956390014,33.018159100739,5.6496875));
#776 = CARTESIAN_POINT('',(-31.63695520882,14.752554494583,5.7759375));
#777 = CARTESIAN_POINT('',(-40.1543465175,-3.513050111574,5.9021875));
#778 = CARTESIAN_POINT('',(-28.59456456743,-20.02212966194,6.0284375));
#779 = CARTESIAN_POINT('',(-17.03478261736,-36.53120921231,6.1546875));
#780 = CARTESIAN_POINT('',(3.04239064139,-34.77468415652,6.2809375));
#781 = CARTESIAN_POINT('',(23.119563900145,-33.01815910073,6.4071875));
#782 = CARTESIAN_POINT('',(31.636955208827,-14.75255449458,6.5334375));
#783 = CARTESIAN_POINT('',(40.154346517509,3.513050111573,6.6596875));
#784 = CARTESIAN_POINT('',(28.594564567436,20.022129661943,6.7859375));
#785 = CARTESIAN_POINT('',(17.034782617364,36.531209212313,6.9121875));
#786 = CARTESIAN_POINT('',(-3.04239064139,34.774684156526,7.0384375));
#787 = CARTESIAN_POINT('',(-23.11956390014,33.018159100739,7.1646875));
#788 = CARTESIAN_POINT('',(-31.63695520882,14.752554494583,7.2909375));
#789 = CARTESIAN_POINT('',(-40.1543465175,-3.513050111574,7.4171875));
#790 = CARTESIAN_POINT('',(-28.59456456743,-20.02212966194,7.5434375));
#791 = CARTESIAN_POINT('',(-17.03478261736,-36.53120921231,7.6696875));
#792 = CARTESIAN_POINT('',(3.04239064139,-34.77468415652,7.7959375));
#793 = CARTESIAN_POINT('',(23.119563900145,-33.01815910073,7.9221875));
#794 = CARTESIAN_POINT('',(31.636955208827,-14.75255449458,8.0484375));
#795 = ORIENTED_EDGE('',*,*,#148,.T.);
#796 = ( BOUNDED_SURFACE() B_SPLINE_SURFACE(1,2,(
    (#797,#798,#799,#800,#801,#802,#803,#804,#805,#806,#807,#808,#809
      ,#810,#811,#812,#813,#814,#815,#816,#817,#818,#819,#820,#821,#822
      ,#823,#824,#825,#826,#827,#828,#829,#830,#831,#832,#833,#834,#835
      ,#836,#837,#838,#839)
    ,(#840,#841,#842,#843,#844,#845,#846,#847,#848,#849,#850,#851,#852
      ,#853,#854,#855,#856,#857,#858,#859,#860,#861,#862,#863,#864,#865
      ,#866,#867,#868,#869,#870,#871,#872,#873,#874,#875,#876,#877,#878
      ,#879,#880,#881,#882
)),.UNSPECIFIED.,.F.,.F.,.F.) B_SPLINE_SURFACE_WITH_KNOTS((2,2),(3,2,2,2
    ,2,2,2,2,2,2,2,2,2,2,2,2,2,2,2,2,2,3),(0.,1.),(0.238404112526,
    0.261904761905,0.285714285714,0.309523809524,0.333333333333,
    0.357142857143,0.380952380952,0.404761904762,0.428571428571,
    0.452380952381,0.47619047619,0.5,0.52380952381,0.547619047619,
    0.571428571429,0.595238095238,0.619047619048,0.642857142857,
    0.666666666667,0.690476190476,0.714285714286,0.735961901355),
.UNSPECIFIED.) GEOMETRIC_REPRESENTATION_ITEM() RATIONAL_B_SPLINE_SURFACE
((
    (0.99656906213,0.867763419522,1.,0.866025403784,1.,0.866025403784,1.
      ,0.866025403784,1.,0.866025403784,1.,0.866025403784,1.
      ,0.866025403784,1.,0.866025403784,1.,0.866025403784,1.
      ,0.866025403784,1.,0.866025403784,1.,0.866025403784,1.
      ,0.866025403784,1.,0.866025403784,1.,0.866025403784,1.
      ,0.866025403784,1.,0.866025403784,1.,0.866025403784,1.
      ,0.866025403784,1.,0.866025403784,1.,0.878029546778,0.978142859873
      )
    ,(0.99656906213,0.867763419522,1.,0.866025403784,1.,0.866025403784
      ,1.,0.866025403784,1.,0.866025403784,1.,0.866025403784,1.
      ,0.866025403784,1.,0.866025403784,1.,0.866025403784,1.
      ,0.866025403784,1.,0.866025403784,1.,0.866025403784,1.
      ,0.866025403784,1.,0.866025403784,1.,0.866025403784,1.
      ,0.866025403784,1.,0.866025403784,1.,0.866025403784,1.
      ,0.866025403784,1.,0.866025403784,1.,0.878029546778,0.978142859873
))) REPRESENTATION_ITEM('') SURFACE() );
#797 = CARTESIAN_POINT('',(-28.33196733134,-20.39201868713,
    -2.871025670364E-02));
#798 = CARTESIAN_POINT('',(-16.73463667538,-36.50494984498,
    9.657488846283E-02));
#799 = CARTESIAN_POINT('',(3.042390641391,-34.77468415652,0.2209375));
#800 = CARTESIAN_POINT('',(23.119563900145,-33.01815910073,0.3471875));
#801 = CARTESIAN_POINT('',(31.636955208827,-14.75255449458,0.4734375));
#802 = CARTESIAN_POINT('',(40.154346517509,3.513050111574,0.5996875));
#803 = CARTESIAN_POINT('',(28.594564567436,20.022129661943,0.7259375));
#804 = CARTESIAN_POINT('',(17.034782617364,36.531209212313,0.8521875));
#805 = CARTESIAN_POINT('',(-3.042390641391,34.774684156526,0.9784375));
#806 = CARTESIAN_POINT('',(-23.11956390014,33.018159100739,1.1046875));
#807 = CARTESIAN_POINT('',(-31.63695520882,14.752554494583,1.2309375));
#808 = CARTESIAN_POINT('',(-40.1543465175,-3.513050111574,1.3571875));
#809 = CARTESIAN_POINT('',(-28.59456456743,-20.02212966194,1.4834375));
#810 = CARTESIAN_POINT('',(-17.03478261736,-36.53120921231,1.6096875));
#811 = CARTESIAN_POINT('',(3.042390641391,-34.77468415652,1.7359375));
#812 = CARTESIAN_POINT('',(23.119563900145,-33.01815910073,1.8621875));
#813 = CARTESIAN_POINT('',(31.636955208827,-14.75255449458,1.9884375));
#814 = CARTESIAN_POINT('',(40.154346517509,3.513050111574,2.1146875));
#815 = CARTESIAN_POINT('',(28.594564567436,20.022129661943,2.2409375));
#816 = CARTESIAN_POINT('',(17.034782617364,36.531209212313,2.3671875));
#817 = CARTESIAN_POINT('',(-3.042390641391,34.774684156526,2.4934375));
#818 = CARTESIAN_POINT('',(-23.11956390014,33.018159100739,2.6196875));
#819 = CARTESIAN_POINT('',(-31.63695520882,14.752554494583,2.7459375));
#820 = CARTESIAN_POINT('',(-40.1543465175,-3.513050111574,2.8721875));
#821 = CARTESIAN_POINT('',(-28.59456456743,-20.02212966194,2.9984375));
#822 = CARTESIAN_POINT('',(-17.03478261736,-36.53120921231,3.1246875));
#823 = CARTESIAN_POINT('',(3.042390641391,-34.77468415652,3.2509375));
#824 = CARTESIAN_POINT('',(23.119563900145,-33.01815910073,3.3771875));
#825 = CARTESIAN_POINT('',(31.636955208827,-14.75255449458,3.5034375));
#826 = CARTESIAN_POINT('',(40.154346517509,3.513050111574,3.6296875));
#827 = CARTESIAN_POINT('',(28.594564567436,20.022129661943,3.7559375));
#828 = CARTESIAN_POINT('',(17.034782617364,36.531209212313,3.8821875));
#829 = CARTESIAN_POINT('',(-3.042390641391,34.774684156526,4.0084375));
#830 = CARTESIAN_POINT('',(-23.11956390014,33.018159100739,4.1346875));
#831 = CARTESIAN_POINT('',(-31.63695520882,14.752554494583,4.2609375));
#832 = CARTESIAN_POINT('',(-40.1543465175,-3.513050111574,4.3871875));
#833 = CARTESIAN_POINT('',(-28.59456456743,-20.02212966194,4.5134375));
#834 = CARTESIAN_POINT('',(-17.03478261736,-36.53120921231,4.6396875));
#835 = CARTESIAN_POINT('',(3.042390641391,-34.77468415652,4.7659375));
#836 = CARTESIAN_POINT('',(23.119563900145,-33.01815910073,4.8921875));
#837 = CARTESIAN_POINT('',(31.636955208827,-14.75255449458,5.0184375));
#838 = CARTESIAN_POINT('',(39.285173625846,1.649102830283,5.131804086101
    ));
#839 = CARTESIAN_POINT('',(30.289275282943,17.352077738272,
    5.250629043017));
#840 = CARTESIAN_POINT('',(-27.66641678515,-19.91298668006,
    -0.502147756704));
#841 = CARTESIAN_POINT('',(-16.34152078444,-35.64740652567,
    -0.376862611537));
#842 = CARTESIAN_POINT('',(2.970921380911,-33.9577867712,-0.2525));
#843 = CARTESIAN_POINT('',(22.576458714348,-32.24252451219,-0.12625));
#844 = CARTESIAN_POINT('',(30.893766690612,-14.40599999708,0.));
#845 = CARTESIAN_POINT('',(39.211074666875,3.43052451802,0.12625));
#846 = CARTESIAN_POINT('',(27.922845309701,19.551786774116,0.2525));
#847 = CARTESIAN_POINT('',(16.634615952527,35.673049030212,0.37875));
#848 = CARTESIAN_POINT('',(-2.970921380911,33.957786771202,0.505));
#849 = CARTESIAN_POINT('',(-22.57645871434,32.242524512192,0.63125));
#850 = CARTESIAN_POINT('',(-30.89376669061,14.405999997086,0.7575));
#851 = CARTESIAN_POINT('',(-39.21107466687,-3.43052451802,0.88375));
#852 = CARTESIAN_POINT('',(-27.9228453097,-19.55178677411,1.01));
#853 = CARTESIAN_POINT('',(-16.63461595252,-35.67304903021,1.13625));
#854 = CARTESIAN_POINT('',(2.970921380911,-33.9577867712,1.2625));
#855 = CARTESIAN_POINT('',(22.576458714348,-32.24252451219,1.38875));
#856 = CARTESIAN_POINT('',(30.893766690612,-14.40599999708,1.515));
#857 = CARTESIAN_POINT('',(39.211074666875,3.43052451802,1.64125));
#858 = CARTESIAN_POINT('',(27.922845309701,19.551786774116,1.7675));
#859 = CARTESIAN_POINT('',(16.634615952527,35.673049030212,1.89375));
#860 = CARTESIAN_POINT('',(-2.970921380911,33.957786771202,2.02));
#861 = CARTESIAN_POINT('',(-22.57645871434,32.242524512192,2.14625));
#862 = CARTESIAN_POINT('',(-30.89376669061,14.405999997086,2.2725));
#863 = CARTESIAN_POINT('',(-39.21107466687,-3.43052451802,2.39875));
#864 = CARTESIAN_POINT('',(-27.9228453097,-19.55178677411,2.525));
#865 = CARTESIAN_POINT('',(-16.63461595252,-35.67304903021,2.65125));
#866 = CARTESIAN_POINT('',(2.970921380911,-33.9577867712,2.7775));
#867 = CARTESIAN_POINT('',(22.576458714348,-32.24252451219,2.90375));
#868 = CARTESIAN_POINT('',(30.893766690612,-14.40599999708,3.03));
#869 = CARTESIAN_POINT('',(39.211074666875,3.43052451802,3.15625));
#870 = CARTESIAN_POINT('',(27.922845309701,19.551786774116,3.2825));
#871 = CARTESIAN_POINT('',(16.634615952527,35.673049030212,3.40875));
#872 = CARTESIAN_POINT('',(-2.970921380911,33.957786771202,3.535));
#873 = CARTESIAN_POINT('',(-22.57645871434,32.242524512192,3.66125));
#874 = CARTESIAN_POINT('',(-30.89376669061,14.405999997086,3.7875));
#875 = CARTESIAN_POINT('',(-39.21107466687,-3.43052451802,3.91375));
#876 = CARTESIAN_POINT('',(-27.9228453097,-19.55178677411,4.04));
#877 = CARTESIAN_POINT('',(-16.63461595252,-35.67304903021,4.16625));
#878 = CARTESIAN_POINT('',(2.970921380911,-33.9577867712,4.2925));
#879 = CARTESIAN_POINT('',(22.576458714348,-32.24252451219,4.41875));
#880 = CARTESIAN_POINT('',(30.893766690612,-14.40599999708,4.545));
#881 = CARTESIAN_POINT('',(38.362319647576,1.610363505316,4.658366586101
    ));
#882 = CARTESIAN_POINT('',(29.577745318484,16.944457445575,
    4.777191543017));
#883 = ADVANCED_FACE('',(#884),#899,.F.);
#884 = FACE_BOUND('',#885,.F.);
#885 = EDGE_LOOP('',(#886,#887,#888,#889));
#886 = ORIENTED_EDGE('',*,*,#376,.F.);
#887 = ORIENTED_EDGE('',*,*,#136,.T.);
#888 = ORIENTED_EDGE('',*,*,#708,.T.);
#889 = ORIENTED_EDGE('',*,*,#890,.F.);
#890 = EDGE_CURVE('',#377,#689,#891,.T.);
#891 = B_SPLINE_CURVE_WITH_KNOTS('',3,(#892,#893,#894,#895,#896,#897,
    #898),.UNSPECIFIED.,.F.,.F.,(4,1,1,1,4),(6.527962900997E-02,
    7.199621802408E-02,7.871280703819E-02,8.54293960523E-02,
    9.214598506641E-02),.UNSPECIFIED.);
#892 = CARTESIAN_POINT('',(-24.23370799974,-25.12493175282,4.747));
#893 = CARTESIAN_POINT('',(-22.62096782616,-26.70911177959,4.747));
#894 = CARTESIAN_POINT('',(-19.05819297588,-29.55078683843,4.747));
#895 = CARTESIAN_POINT('',(-13.12841595889,-32.63218284716,4.747));
#896 = CARTESIAN_POINT('',(-6.589578752153,-34.54088474081,4.747));
#897 = CARTESIAN_POINT('',(-2.15642679801,-34.93293688913,4.747));
#898 = CARTESIAN_POINT('',(9.179174694493E-02,-34.90739711402,4.747));
#899 = ( BOUNDED_SURFACE() B_SPLINE_SURFACE(3,2,(
    (#900,#901,#902,#903,#904,#905,#906,#907,#908,#909,#910,#911,#912
      ,#913,#914,#915,#916,#917,#918,#919,#920,#921,#922,#923,#924,#925
      ,#926,#927,#928,#929,#930,#931,#932,#933,#934,#935,#936,#937,#938
      ,#939,#940,#941,#942)
    ,(#943,#944,#945,#946,#947,#948,#949,#950,#951,#952,#953,#954,#955
      ,#956,#957,#958,#959,#960,#961,#962,#963,#964,#965,#966,#967,#968
      ,#969,#970,#971,#972,#973,#974,#975,#976,#977,#978,#979,#980,#981
      ,#982,#983,#984,#985)
    ,(#986,#987,#988,#989,#990,#991,#992,#993,#994,#995,#996,#997,#998
      ,#999,#1000,#1001,#1002,#1003,#1004,#1005,#1006,#1007,#1008,#1009
      ,#1010,#1011,#1012,#1013,#1014,#1015,#1016,#1017,#1018,#1019,#1020
      ,#1021,#1022,#1023,#1024,#1025,#1026,#1027,#1028)
    ,(#1029,#1030,#1031,#1032,#1033,#1034,#1035,#1036,#1037,#1038,#1039
      ,#1040,#1041,#1042,#1043,#1044,#1045,#1046,#1047,#1048,#1049,#1050
      ,#1051,#1052,#1053,#1054,#1055,#1056,#1057,#1058,#1059,#1060,#1061
      ,#1062,#1063,#1064,#1065,#1066,#1067,#1068,#1069,#1070,#1071
)),.UNSPECIFIED.,.F.,.F.,.F.) B_SPLINE_SURFACE_WITH_KNOTS((4,4),(3,2,2,2
    ,2,2,2,2,2,2,2,2,2,2,2,2,2,2,2,2,2,3),(0.,1.),(0.220612241787,
    0.238095238095,0.261904761905,0.285714285714,0.309523809524,
    0.333333333333,0.357142857143,0.380952380952,0.404761904762,
    0.428571428571,0.452380952381,0.47619047619,0.5,0.52380952381,
    0.547619047619,0.571428571429,0.595238095238,0.619047619048,
    0.642857142857,0.666666666667,0.690476190476,0.691272921941),
.UNSPECIFIED.) GEOMETRIC_REPRESENTATION_ITEM() RATIONAL_B_SPLINE_SURFACE
((
    (0.947720394788,0.901624350414,1.,0.866025403784,1.,0.866025403784
      ,1.,0.866025403784,1.,0.866025403784,1.,0.866025403784,1.
      ,0.866025403784,1.,0.866025403784,1.,0.866025403784,1.
      ,0.866025403784,1.,0.866025403784,1.,0.866025403784,1.
      ,0.866025403784,1.,0.866025403784,1.,0.866025403784,1.
      ,0.866025403784,1.,0.866025403784,1.,0.866025403784,1.
      ,0.866025403784,1.,0.866025403784,1.,0.995516845397,0.991333727902
      )
    ,(0.694994956178,0.661191190304,0.733333333333,0.635085296109
      ,0.733333333333,0.635085296109,0.733333333333,0.635085296109
      ,0.733333333333,0.635085296109,0.733333333333,0.635085296109
      ,0.733333333333,0.635085296109,0.733333333333,0.635085296109
      ,0.733333333333,0.635085296109,0.733333333333,0.635085296109
      ,0.733333333333,0.635085296109,0.733333333333,0.635085296109
      ,0.733333333333,0.635085296109,0.733333333333,0.635085296109
      ,0.733333333333,0.635085296109,0.733333333333,0.635085296109
      ,0.733333333333,0.635085296109,0.733333333333,0.635085296109
      ,0.733333333333,0.635085296109,0.733333333333,0.635085296109
      ,0.733333333333,0.730045686624,0.726978067128)
    ,(0.694994956178,0.661191190304,0.733333333333,0.635085296109
      ,0.733333333333,0.635085296109,0.733333333333,0.635085296109
      ,0.733333333333,0.635085296109,0.733333333333,0.635085296109
      ,0.733333333333,0.635085296109,0.733333333333,0.635085296109
      ,0.733333333333,0.635085296109,0.733333333333,0.635085296109
      ,0.733333333333,0.635085296109,0.733333333333,0.635085296109
      ,0.733333333333,0.635085296109,0.733333333333,0.635085296109
      ,0.733333333333,0.635085296109,0.733333333333,0.635085296109
      ,0.733333333333,0.635085296109,0.733333333333,0.635085296109
      ,0.733333333333,0.635085296109,0.733333333333,0.635085296109
      ,0.733333333333,0.730045686624,0.726978067128)
    ,(0.947720394788,0.901624350414,1.,0.866025403784,1.,0.866025403784
      ,1.,0.866025403784,1.,0.866025403784,1.,0.866025403784,1.
      ,0.866025403784,1.,0.866025403784,1.,0.866025403784,1.
      ,0.866025403784,1.,0.866025403784,1.,0.866025403784,1.
      ,0.866025403784,1.,0.866025403784,1.,0.866025403784,1.
      ,0.866025403784,1.,0.866025403784,1.,0.866025403784,1.
      ,0.866025403784,1.,0.866025403784,1.,0.995516845397,0.991333727902
))) REPRESENTATION_ITEM('') SURFACE() );
#900 = CARTESIAN_POINT('',(-34.44745506043,5.648684701799,
    -3.085799467173E-02));
#901 = CARTESIAN_POINT('',(-36.74760878703,-8.37837581085,
    6.876913939256E-02));
#902 = CARTESIAN_POINT('',(-28.59456456743,-20.02212966194,0.1578125));
#903 = CARTESIAN_POINT('',(-17.03478261736,-36.53120921231,0.2840625));
#904 = CARTESIAN_POINT('',(3.042390641391,-34.77468415652,0.4103125));
#905 = CARTESIAN_POINT('',(23.119563900145,-33.01815910073,0.5365625));
#906 = CARTESIAN_POINT('',(31.636955208827,-14.75255449458,0.6628125));
#907 = CARTESIAN_POINT('',(40.154346517509,3.513050111574,0.7890625));
#908 = CARTESIAN_POINT('',(28.594564567436,20.022129661943,0.9153125));
#909 = CARTESIAN_POINT('',(17.034782617364,36.531209212313,1.0415625));
#910 = CARTESIAN_POINT('',(-3.042390641391,34.774684156526,1.1678125));
#911 = CARTESIAN_POINT('',(-23.11956390014,33.018159100739,1.2940625));
#912 = CARTESIAN_POINT('',(-31.63695520882,14.752554494583,1.4203125));
#913 = CARTESIAN_POINT('',(-40.1543465175,-3.513050111574,1.5465625));
#914 = CARTESIAN_POINT('',(-28.59456456743,-20.02212966194,1.6728125));
#915 = CARTESIAN_POINT('',(-17.03478261736,-36.53120921231,1.7990625));
#916 = CARTESIAN_POINT('',(3.042390641391,-34.77468415652,1.9253125));
#917 = CARTESIAN_POINT('',(23.119563900145,-33.01815910073,2.0515625));
#918 = CARTESIAN_POINT('',(31.636955208827,-14.75255449458,2.1778125));
#919 = CARTESIAN_POINT('',(40.154346517509,3.513050111574,2.3040625));
#920 = CARTESIAN_POINT('',(28.594564567436,20.022129661943,2.4303125));
#921 = CARTESIAN_POINT('',(17.034782617364,36.531209212313,2.5565625));
#922 = CARTESIAN_POINT('',(-3.042390641391,34.774684156526,2.6828125));
#923 = CARTESIAN_POINT('',(-23.11956390014,33.018159100739,2.8090625));
#924 = CARTESIAN_POINT('',(-31.63695520882,14.752554494583,2.9353125));
#925 = CARTESIAN_POINT('',(-40.1543465175,-3.513050111574,3.0615625));
#926 = CARTESIAN_POINT('',(-28.59456456743,-20.02212966194,3.1878125));
#927 = CARTESIAN_POINT('',(-17.03478261736,-36.53120921231,3.3140625));
#928 = CARTESIAN_POINT('',(3.042390641391,-34.77468415652,3.4403125));
#929 = CARTESIAN_POINT('',(23.119563900145,-33.01815910073,3.5665625));
#930 = CARTESIAN_POINT('',(31.636955208827,-14.75255449458,3.6928125));
#931 = CARTESIAN_POINT('',(40.154346517509,3.513050111574,3.8190625));
#932 = CARTESIAN_POINT('',(28.594564567436,20.022129661943,3.9453125));
#933 = CARTESIAN_POINT('',(17.034782617364,36.531209212313,4.0715625));
#934 = CARTESIAN_POINT('',(-3.042390641391,34.774684156526,4.1978125));
#935 = CARTESIAN_POINT('',(-23.11956390014,33.018159100739,4.3240625));
#936 = CARTESIAN_POINT('',(-31.63695520882,14.752554494583,4.4503125));
#937 = CARTESIAN_POINT('',(-40.1543465175,-3.513050111574,4.5765625));
#938 = CARTESIAN_POINT('',(-28.59456456743,-20.02212966194,4.7028125));
#939 = CARTESIAN_POINT('',(-17.03478261736,-36.53120921231,4.8290625));
#940 = CARTESIAN_POINT('',(3.042390641391,-34.77468415652,4.9553125));
#941 = CARTESIAN_POINT('',(3.62683859775,-34.72355158592,4.958987646573)
  );
#942 = CARTESIAN_POINT('',(4.20923821966,-34.65280814899,4.962732019908)
  );
#943 = CARTESIAN_POINT('',(-34.51541111025,5.659828117136,
    -8.250572194446E-02));
#944 = CARTESIAN_POINT('',(-36.82010245395,-8.394904211078,
    1.712141211983E-02));
#945 = CARTESIAN_POINT('',(-28.65097435594,-20.06162822108,
    0.106164772727));
#946 = CARTESIAN_POINT('',(-17.06838790211,-36.60327597803,
    0.232414772727));
#947 = CARTESIAN_POINT('',(3.048392502766,-34.84328574596,0.358664772727
    ));
#948 = CARTESIAN_POINT('',(23.165172907649,-33.08329551389,
    0.484914772727));
#949 = CARTESIAN_POINT('',(31.699366858707,-14.78165752488,
    0.611164772727));
#950 = CARTESIAN_POINT('',(40.233560809765,3.519980464135,0.737414772727
    ));
#951 = CARTESIAN_POINT('',(28.650974355941,20.061628221083,
    0.863664772727));
#952 = CARTESIAN_POINT('',(17.068387902116,36.60327597803,0.989914772727
    ));
#953 = CARTESIAN_POINT('',(-3.048392502766,34.843285745963,
    1.116164772727));
#954 = CARTESIAN_POINT('',(-23.16517290764,33.083295513895,
    1.242414772727));
#955 = CARTESIAN_POINT('',(-31.6993668587,14.78165752488,1.368664772727)
  );
#956 = CARTESIAN_POINT('',(-40.23356080976,-3.519980464135,
    1.494914772727));
#957 = CARTESIAN_POINT('',(-28.65097435594,-20.06162822108,
    1.621164772727));
#958 = CARTESIAN_POINT('',(-17.06838790211,-36.60327597803,
    1.747414772727));
#959 = CARTESIAN_POINT('',(3.048392502766,-34.84328574596,1.873664772727
    ));
#960 = CARTESIAN_POINT('',(23.165172907649,-33.08329551389,
    1.999914772727));
#961 = CARTESIAN_POINT('',(31.699366858707,-14.78165752488,
    2.126164772727));
#962 = CARTESIAN_POINT('',(40.233560809765,3.519980464135,2.252414772727
    ));
#963 = CARTESIAN_POINT('',(28.650974355941,20.061628221083,
    2.378664772727));
#964 = CARTESIAN_POINT('',(17.068387902116,36.60327597803,2.504914772727
    ));
#965 = CARTESIAN_POINT('',(-3.048392502766,34.843285745963,
    2.631164772727));
#966 = CARTESIAN_POINT('',(-23.16517290764,33.083295513895,
    2.757414772727));
#967 = CARTESIAN_POINT('',(-31.6993668587,14.78165752488,2.883664772727)
  );
#968 = CARTESIAN_POINT('',(-40.23356080976,-3.519980464135,
    3.009914772727));
#969 = CARTESIAN_POINT('',(-28.65097435594,-20.06162822108,
    3.136164772727));
#970 = CARTESIAN_POINT('',(-17.06838790211,-36.60327597803,
    3.262414772727));
#971 = CARTESIAN_POINT('',(3.048392502766,-34.84328574596,3.388664772727
    ));
#972 = CARTESIAN_POINT('',(23.165172907649,-33.08329551389,
    3.514914772727));
#973 = CARTESIAN_POINT('',(31.699366858707,-14.78165752488,
    3.641164772727));
#974 = CARTESIAN_POINT('',(40.233560809765,3.519980464135,3.767414772727
    ));
#975 = CARTESIAN_POINT('',(28.650974355941,20.061628221083,
    3.893664772727));
#976 = CARTESIAN_POINT('',(17.068387902116,36.60327597803,4.019914772727
    ));
#977 = CARTESIAN_POINT('',(-3.048392502766,34.843285745963,
    4.146164772727));
#978 = CARTESIAN_POINT('',(-23.16517290764,33.083295513895,
    4.272414772727));
#979 = CARTESIAN_POINT('',(-31.6993668587,14.78165752488,4.398664772727)
  );
#980 = CARTESIAN_POINT('',(-40.23356080976,-3.519980464135,
    4.524914772727));
#981 = CARTESIAN_POINT('',(-28.65097435594,-20.06162822108,
    4.651164772727));
#982 = CARTESIAN_POINT('',(-17.06838790211,-36.60327597803,
    4.777414772727));
#983 = CARTESIAN_POINT('',(3.048392502766,-34.84328574596,4.903664772727
    ));
#984 = CARTESIAN_POINT('',(3.633993425996,-34.79205230383,4.9073399193)
  );
#985 = CARTESIAN_POINT('',(4.217541973934,-34.72116930813,4.911084292635
    ));
#986 = CARTESIAN_POINT('',(-34.51541111025,5.659828117136,
    -0.168585267399));
#987 = CARTESIAN_POINT('',(-36.82010245395,-8.394904211078,
    -6.895813333471E-02));
#988 = CARTESIAN_POINT('',(-28.65097435594,-20.06162822108,
    2.008522727273E-02));
#989 = CARTESIAN_POINT('',(-17.06838790211,-36.60327597803,
    0.146335227273));
#990 = CARTESIAN_POINT('',(3.048392502766,-34.84328574596,0.272585227273
    ));
#991 = CARTESIAN_POINT('',(23.165172907649,-33.08329551389,
    0.398835227273));
#992 = CARTESIAN_POINT('',(31.699366858707,-14.78165752488,
    0.525085227273));
#993 = CARTESIAN_POINT('',(40.233560809765,3.519980464135,0.651335227273
    ));
#994 = CARTESIAN_POINT('',(28.650974355941,20.061628221083,
    0.777585227273));
#995 = CARTESIAN_POINT('',(17.068387902116,36.60327597803,0.903835227273
    ));
#996 = CARTESIAN_POINT('',(-3.048392502766,34.843285745963,
    1.030085227273));
#997 = CARTESIAN_POINT('',(-23.16517290764,33.083295513895,
    1.156335227273));
#998 = CARTESIAN_POINT('',(-31.6993668587,14.78165752488,1.282585227273)
  );
#999 = CARTESIAN_POINT('',(-40.23356080976,-3.519980464135,
    1.408835227273));
#1000 = CARTESIAN_POINT('',(-28.65097435594,-20.06162822108,
    1.535085227273));
#1001 = CARTESIAN_POINT('',(-17.06838790211,-36.60327597803,
    1.661335227273));
#1002 = CARTESIAN_POINT('',(3.048392502766,-34.84328574596,
    1.787585227273));
#1003 = CARTESIAN_POINT('',(23.165172907649,-33.08329551389,
    1.913835227273));
#1004 = CARTESIAN_POINT('',(31.699366858707,-14.78165752488,
    2.040085227273));
#1005 = CARTESIAN_POINT('',(40.233560809765,3.519980464135,
    2.166335227273));
#1006 = CARTESIAN_POINT('',(28.650974355941,20.061628221083,
    2.292585227273));
#1007 = CARTESIAN_POINT('',(17.068387902116,36.60327597803,
    2.418835227273));
#1008 = CARTESIAN_POINT('',(-3.048392502766,34.843285745963,
    2.545085227273));
#1009 = CARTESIAN_POINT('',(-23.16517290764,33.083295513895,
    2.671335227273));
#1010 = CARTESIAN_POINT('',(-31.6993668587,14.78165752488,2.797585227273
    ));
#1011 = CARTESIAN_POINT('',(-40.23356080976,-3.519980464135,
    2.923835227273));
#1012 = CARTESIAN_POINT('',(-28.65097435594,-20.06162822108,
    3.050085227273));
#1013 = CARTESIAN_POINT('',(-17.06838790211,-36.60327597803,
    3.176335227273));
#1014 = CARTESIAN_POINT('',(3.048392502766,-34.84328574596,
    3.302585227273));
#1015 = CARTESIAN_POINT('',(23.165172907649,-33.08329551389,
    3.428835227273));
#1016 = CARTESIAN_POINT('',(31.699366858707,-14.78165752488,
    3.555085227273));
#1017 = CARTESIAN_POINT('',(40.233560809765,3.519980464135,
    3.681335227273));
#1018 = CARTESIAN_POINT('',(28.650974355941,20.061628221083,
    3.807585227273));
#1019 = CARTESIAN_POINT('',(17.068387902116,36.60327597803,
    3.933835227273));
#1020 = CARTESIAN_POINT('',(-3.048392502766,34.843285745963,
    4.060085227273));
#1021 = CARTESIAN_POINT('',(-23.16517290764,33.083295513895,
    4.186335227273));
#1022 = CARTESIAN_POINT('',(-31.6993668587,14.78165752488,4.312585227273
    ));
#1023 = CARTESIAN_POINT('',(-40.23356080976,-3.519980464135,
    4.438835227273));
#1024 = CARTESIAN_POINT('',(-28.65097435594,-20.06162822108,
    4.565085227273));
#1025 = CARTESIAN_POINT('',(-17.06838790211,-36.60327597803,
    4.691335227273));
#1026 = CARTESIAN_POINT('',(3.048392502766,-34.84328574596,
    4.817585227273));
#1027 = CARTESIAN_POINT('',(3.633993425996,-34.79205230383,
    4.821260373845));
#1028 = CARTESIAN_POINT('',(4.217541973934,-34.72116930813,
    4.825004747181));
#1029 = CARTESIAN_POINT('',(-34.44745506043,5.648684701799,
    -0.220232994672));
#1030 = CARTESIAN_POINT('',(-36.74760878703,-8.37837581085,
    -0.120605860607));
#1031 = CARTESIAN_POINT('',(-28.59456456743,-20.02212966194,-3.15625E-02
    ));
#1032 = CARTESIAN_POINT('',(-17.03478261736,-36.53120921231,9.46875E-02)
  );
#1033 = CARTESIAN_POINT('',(3.042390641391,-34.77468415652,0.2209375));
#1034 = CARTESIAN_POINT('',(23.119563900145,-33.01815910073,0.3471875));
#1035 = CARTESIAN_POINT('',(31.636955208827,-14.75255449458,0.4734375));
#1036 = CARTESIAN_POINT('',(40.154346517509,3.513050111574,0.5996875));
#1037 = CARTESIAN_POINT('',(28.594564567436,20.022129661943,0.7259375));
#1038 = CARTESIAN_POINT('',(17.034782617364,36.531209212313,0.8521875));
#1039 = CARTESIAN_POINT('',(-3.042390641391,34.774684156526,0.9784375));
#1040 = CARTESIAN_POINT('',(-23.11956390014,33.018159100739,1.1046875));
#1041 = CARTESIAN_POINT('',(-31.63695520882,14.752554494583,1.2309375));
#1042 = CARTESIAN_POINT('',(-40.1543465175,-3.513050111574,1.3571875));
#1043 = CARTESIAN_POINT('',(-28.59456456743,-20.02212966194,1.4834375));
#1044 = CARTESIAN_POINT('',(-17.03478261736,-36.53120921231,1.6096875));
#1045 = CARTESIAN_POINT('',(3.042390641391,-34.77468415652,1.7359375));
#1046 = CARTESIAN_POINT('',(23.119563900145,-33.01815910073,1.8621875));
#1047 = CARTESIAN_POINT('',(31.636955208827,-14.75255449458,1.9884375));
#1048 = CARTESIAN_POINT('',(40.154346517509,3.513050111574,2.1146875));
#1049 = CARTESIAN_POINT('',(28.594564567436,20.022129661943,2.2409375));
#1050 = CARTESIAN_POINT('',(17.034782617364,36.531209212313,2.3671875));
#1051 = CARTESIAN_POINT('',(-3.042390641391,34.774684156526,2.4934375));
#1052 = CARTESIAN_POINT('',(-23.11956390014,33.018159100739,2.6196875));
#1053 = CARTESIAN_POINT('',(-31.63695520882,14.752554494583,2.7459375));
#1054 = CARTESIAN_POINT('',(-40.1543465175,-3.513050111574,2.8721875));
#1055 = CARTESIAN_POINT('',(-28.59456456743,-20.02212966194,2.9984375));
#1056 = CARTESIAN_POINT('',(-17.03478261736,-36.53120921231,3.1246875));
#1057 = CARTESIAN_POINT('',(3.042390641391,-34.77468415652,3.2509375));
#1058 = CARTESIAN_POINT('',(23.119563900145,-33.01815910073,3.3771875));
#1059 = CARTESIAN_POINT('',(31.636955208827,-14.75255449458,3.5034375));
#1060 = CARTESIAN_POINT('',(40.154346517509,3.513050111574,3.6296875));
#1061 = CARTESIAN_POINT('',(28.594564567436,20.022129661943,3.7559375));
#1062 = CARTESIAN_POINT('',(17.034782617364,36.531209212313,3.8821875));
#1063 = CARTESIAN_POINT('',(-3.042390641391,34.774684156526,4.0084375));
#1064 = CARTESIAN_POINT('',(-23.11956390014,33.018159100739,4.1346875));
#1065 = CARTESIAN_POINT('',(-31.63695520882,14.752554494583,4.2609375));
#1066 = CARTESIAN_POINT('',(-40.1543465175,-3.513050111574,4.3871875));
#1067 = CARTESIAN_POINT('',(-28.59456456743,-20.02212966194,4.5134375));
#1068 = CARTESIAN_POINT('',(-17.03478261736,-36.53120921231,4.6396875));
#1069 = CARTESIAN_POINT('',(3.042390641391,-34.77468415652,4.7659375));
#1070 = CARTESIAN_POINT('',(3.62683859775,-34.72355158592,4.769612646573
    ));
#1071 = CARTESIAN_POINT('',(4.20923821966,-34.65280814899,4.773357019908
    ));
#1072 = ADVANCED_FACE('',(#1073,#1076),#1118,.T.);
#1073 = FACE_BOUND('',#1074,.T.);
#1074 = EDGE_LOOP('',(#1075));
#1075 = ORIENTED_EDGE('',*,*,#195,.T.);
#1076 = FACE_BOUND('',#1077,.T.);
#1077 = EDGE_LOOP('',(#1078));
#1078 = ORIENTED_EDGE('',*,*,#1079,.T.);
#1079 = EDGE_CURVE('',#1080,#1080,#1082,.T.);
#1080 = VERTEX_POINT('',#1081);
#1081 = CARTESIAN_POINT('',(-17.91410577818,8.353484713367,
    19.10708923914));
#1082 = B_SPLINE_CURVE_WITH_KNOTS('',3,(#1083,#1084,#1085,#1086,#1087,
    #1088,#1089,#1090,#1091,#1092,#1093,#1094,#1095,#1096,#1097,#1098,
    #1099,#1100,#1101,#1102,#1103,#1104,#1105,#1106,#1107,#1108,#1109,
    #1110,#1111,#1112,#1113,#1114,#1115,#1116,#1117),.UNSPECIFIED.,.T.,
  .F.,(1,1,1,1,1,1,1,1,1,1,1,1,1,1,1,1,1,1,1,1,1,1,1,1,1,1,1,1,1,1,1,1,1
    ,1,1,1,1,1,1),(-9.53947368421E-02,-6.41447368421E-02,
    -3.28947368421E-02,0.,2.96875E-02,6.0859375E-02,9.210546875E-02,
    0.123355273437,0.154605263672,0.185855263184,0.217105263159,
    0.248355263158,0.279605263158,0.310855263158,0.342105263158,
    0.373355263158,0.404605263158,0.435855263158,0.467105263158,
    0.498355263158,0.529605263158,0.560855263158,0.592105263158,
    0.623355263158,0.654605263158,0.685855263158,0.717105263158,
    0.748355263158,0.779605263158,0.810855263158,0.842105263158,
    0.873355263158,0.904605263158,0.935855263158,0.967105263158,1.,
    1.0296875,1.060859375,1.09210546875),.UNSPECIFIED.);
#1083 = CARTESIAN_POINT('',(-19.36251542746,4.595447715446,
    19.107124265955));
#1084 = CARTESIAN_POINT('',(-18.08553657334,8.287384567244,
    19.107124265955));
#1085 = CARTESIAN_POINT('',(-16.11682363382,11.650446627286,
    19.107124265955));
#1086 = CARTESIAN_POINT('',(-13.58827216875,14.529171753989,
    19.107124265955));
#1087 = CARTESIAN_POINT('',(-10.49576667935,16.899343405201,
    19.107124265955));
#1088 = CARTESIAN_POINT('',(-6.997352745459,18.622222755831,
    19.107124265955));
#1089 = CARTESIAN_POINT('',(-3.229895671286,19.629512336852,
    19.107124265955));
#1090 = CARTESIAN_POINT('',(0.661693861721,19.882459496799,
    19.107124265955));
#1091 = CARTESIAN_POINT('',(4.527854861796,19.371333203948,
    19.107124265955));
#1092 = CARTESIAN_POINT('',(8.220013070362,18.115777898687,
    19.107124265955));
#1093 = CARTESIAN_POINT('',(11.596280757635,16.164043284336,
    19.107124265955));
#1094 = CARTESIAN_POINT('',(14.526909886691,13.591133584556,
    19.107124265955));
#1095 = CARTESIAN_POINT('',(16.899278013446,10.495924234247,
    19.107124265955));
#1096 = CARTESIAN_POINT('',(18.622216363947,6.997362404167,
    19.107124265955));
#1097 = CARTESIAN_POINT('',(19.629513382877,3.229895860438,
    19.107124265955));
#1098 = CARTESIAN_POINT('',(19.882459210914,-0.661693769697,
    19.107124265955));
#1099 = CARTESIAN_POINT('',(19.371333281668,-4.527854879398,
    19.107124265955));
#1100 = CARTESIAN_POINT('',(18.115777877986,-8.22001306531,
    19.107124265955));
#1101 = CARTESIAN_POINT('',(16.164043289893,-11.59628075896,
    19.107124265955));
#1102 = CARTESIAN_POINT('',(13.591133583075,-14.52690988632,
    19.107124265955));
#1103 = CARTESIAN_POINT('',(10.495924234617,-16.89927801357,
    19.107124265955));
#1104 = CARTESIAN_POINT('',(6.997362404139,-18.6222163638,
    19.107124265955));
#1105 = CARTESIAN_POINT('',(3.229895860185,-19.62951338332,
    19.107124265955));
#1106 = CARTESIAN_POINT('',(-0.661693768672,-19.88245920927,
    19.107124265955));
#1107 = CARTESIAN_POINT('',(-4.527854883272,-19.37133328776,
    19.107124265955));
#1108 = CARTESIAN_POINT('',(-8.220013050831,-18.11577785523,
    19.107124265955));
#1109 = CARTESIAN_POINT('',(-11.596280813,-16.16404337481,
    19.107124265955));
#1110 = CARTESIAN_POINT('',(-14.52690968464,-13.59113326615,
    19.107124265955));
#1111 = CARTESIAN_POINT('',(-16.89927876623,-10.49592541739,
    19.107124265955));
#1112 = CARTESIAN_POINT('',(-18.62221355481,-6.997357989976,
    19.107124265955));
#1113 = CARTESIAN_POINT('',(-19.62952386659,-3.229912334076,
    19.107124265955));
#1114 = CARTESIAN_POINT('',(-19.88242008518,0.66175525007,
    19.107124265955));
#1115 = CARTESIAN_POINT('',(-19.36251542746,4.595447715446,
    19.107124265955));
#1116 = CARTESIAN_POINT('',(-18.08553657334,8.287384567244,
    19.107124265955));
#1117 = CARTESIAN_POINT('',(-16.11682363382,11.650446627286,
    19.107124265955));
#1118 = PLANE('',#1119);
#1119 = AXIS2_PLACEMENT_3D('',#1120,#1121,#1122);
#1120 = CARTESIAN_POINT('',(-20.18977680444,9.414647540351,
    19.107124265955));
#1121 = DIRECTION('',(0.,0.,1.));
#1122 = DIRECTION('',(-0.906307787037,0.422618261741,0.));
#1123 = ADVANCED_FACE('',(#1124,#1130),#1141,.F.);
#1124 = FACE_BOUND('',#1125,.T.);
#1125 = EDGE_LOOP('',(#1126,#1127,#1128,#1129));
#1126 = ORIENTED_EDGE('',*,*,#466,.T.);
#1127 = ORIENTED_EDGE('',*,*,#581,.T.);
#1128 = ORIENTED_EDGE('',*,*,#688,.T.);
#1129 = ORIENTED_EDGE('',*,*,#890,.F.);
#1130 = FACE_BOUND('',#1131,.T.);
#1131 = EDGE_LOOP('',(#1132));
#1132 = ORIENTED_EDGE('',*,*,#1133,.T.);
#1133 = EDGE_CURVE('',#1134,#1134,#1136,.T.);
#1134 = VERTEX_POINT('',#1135);
#1135 = CARTESIAN_POINT('',(-22.5777714076,10.52818771144,4.747));
#1136 = CIRCLE('',#1137,24.911814430535);
#1137 = AXIS2_PLACEMENT_3D('',#1138,#1139,#1140);
#1138 = CARTESIAN_POINT('',(0.,0.,4.747));
#1139 = DIRECTION('',(0.,0.,1.));
#1140 = DIRECTION('',(-0.906307787037,0.422618261741,0.));
#1141 = PLANE('',#1142);
#1142 = AXIS2_PLACEMENT_3D('',#1143,#1144,#1145);
#1143 = CARTESIAN_POINT('',(7.8376E-15,2.121E-16,4.747));
#1144 = DIRECTION('',(0.,0.,1.));
#1145 = DIRECTION('',(-0.906307787037,0.422618261741,0.));
#1146 = ADVANCED_FACE('',(#1147),#1167,.T.);
#1147 = FACE_BOUND('',#1148,.T.);
#1148 = EDGE_LOOP('',(#1149,#1150,#1159,#1166));
#1149 = ORIENTED_EDGE('',*,*,#1079,.F.);
#1150 = ORIENTED_EDGE('',*,*,#1151,.F.);
#1151 = EDGE_CURVE('',#1152,#1080,#1154,.T.);
#1152 = VERTEX_POINT('',#1153);
#1153 = CARTESIAN_POINT('',(-13.65447322747,6.367185434041,
    25.807126034172));
#1154 = B_SPLINE_CURVE_WITH_KNOTS('',3,(#1155,#1156,#1157,#1158),
  .UNSPECIFIED.,.F.,.F.,(4,4),(0.573474335332,0.689034114522),
  .PIECEWISE_BEZIER_KNOTS.);
#1155 = CARTESIAN_POINT('',(-13.65447322747,6.367185434041,
    25.807126034172));
#1156 = CARTESIAN_POINT('',(-14.97957408188,6.985090110282,
    23.622952034252));
#1157 = CARTESIAN_POINT('',(-16.39199721337,7.643713833054,
    21.366813440466));
#1158 = CARTESIAN_POINT('',(-17.91409637359,8.353480327935,
    19.107103201204));
#1159 = ORIENTED_EDGE('',*,*,#1160,.F.);
#1160 = EDGE_CURVE('',#1152,#1152,#1161,.T.);
#1161 = CIRCLE('',#1162,15.066044254254);
#1162 = AXIS2_PLACEMENT_3D('',#1163,#1164,#1165);
#1163 = CARTESIAN_POINT('',(0.,0.,25.807126034172));
#1164 = DIRECTION('',(0.,0.,1.));
#1165 = DIRECTION('',(-0.906307787037,0.422618261741,0.));
#1166 = ORIENTED_EDGE('',*,*,#1151,.T.);
#1167 = B_SPLINE_SURFACE_WITH_KNOTS('',3,3,(
    (#1168,#1169,#1170,#1171,#1172,#1173,#1174,#1175,#1176,#1177,#1178
      ,#1179,#1180,#1181,#1182,#1183,#1184,#1185,#1186)
    ,(#1187,#1188,#1189,#1190,#1191,#1192,#1193,#1194,#1195,#1196,#1197
      ,#1198,#1199,#1200,#1201,#1202,#1203,#1204,#1205)
    ,(#1206,#1207,#1208,#1209,#1210,#1211,#1212,#1213,#1214,#1215,#1216
      ,#1217,#1218,#1219,#1220,#1221,#1222,#1223,#1224)
    ,(#1225,#1226,#1227,#1228,#1229,#1230,#1231,#1232,#1233,#1234,#1235
      ,#1236,#1237,#1238,#1239,#1240,#1241,#1242,#1243
  )),.UNSPECIFIED.,.F.,.T.,.F.,(4,4),(1,1,1,1,1,1,1,1,1,1,1,1,1,1,1,1,1,
    1,1,1,1,1,1),(0.573474335332,0.689034352525),(-1.178097245096,
    -0.785398163397,-0.392699081699,0.,0.392699081699,0.785398163397,
    1.178097245096,1.570796326795,1.963495408494,2.356194490192,
    2.748893571891,3.14159265359,3.534291735289,3.926990816987,
    4.319689898686,4.712388980385,5.105088062083,5.497787143782,
    5.890486225481,6.28318530718,6.675884388878,7.068583470577,
    7.461282552276),.UNSPECIFIED.);
#1168 = CARTESIAN_POINT('',(-10.44345895838,11.39703554185,
    25.807126034172));
#1169 = CARTESIAN_POINT('',(-14.00995466021,6.532949148462,
    25.807126034172));
#1170 = CARTESIAN_POINT('',(-15.44356176558,0.674280468551,
    25.807126034172));
#1171 = CARTESIAN_POINT('',(-14.52602658837,-5.287041300329,
    25.807126034172));
#1172 = CARTESIAN_POINT('',(-11.39703554185,-10.44345895838,
    25.807126034172));
#1173 = CARTESIAN_POINT('',(-6.532949148462,-14.00995466021,
    25.807126034172));
#1174 = CARTESIAN_POINT('',(-0.674280468551,-15.44356176558,
    25.807126034172));
#1175 = CARTESIAN_POINT('',(5.287041300329,-14.52602658837,
    25.807126034172));
#1176 = CARTESIAN_POINT('',(10.443458958382,-11.39703554185,
    25.807126034172));
#1177 = CARTESIAN_POINT('',(14.009954660213,-6.532949148462,
    25.807126034172));
#1178 = CARTESIAN_POINT('',(15.443561765582,-0.674280468551,
    25.807126034172));
#1179 = CARTESIAN_POINT('',(14.526026588377,5.287041300329,
    25.807126034172));
#1180 = CARTESIAN_POINT('',(11.39703554185,10.443458958382,
    25.807126034172));
#1181 = CARTESIAN_POINT('',(6.532949148462,14.009954660213,
    25.807126034172));
#1182 = CARTESIAN_POINT('',(0.674280468551,15.443561765582,
    25.807126034172));
#1183 = CARTESIAN_POINT('',(-5.287041300329,14.526026588377,
    25.807126034172));
#1184 = CARTESIAN_POINT('',(-10.44345895838,11.39703554185,
    25.807126034172));
#1185 = CARTESIAN_POINT('',(-14.00995466021,6.532949148462,
    25.807126034172));
#1186 = CARTESIAN_POINT('',(-15.44356176558,0.674280468551,
    25.807126034172));
#1187 = CARTESIAN_POINT('',(-11.45694843247,12.503065220676,
    23.622947535803));
#1188 = CARTESIAN_POINT('',(-15.36955607553,7.166941700465,
    23.622947535803));
#1189 = CARTESIAN_POINT('',(-16.94228813146,0.739716274848,
    23.622947535803));
#1190 = CARTESIAN_POINT('',(-15.9357104016,-5.800124248071,
    23.622947535803));
#1191 = CARTESIAN_POINT('',(-12.50306522067,-11.45694843247,
    23.622947535803));
#1192 = CARTESIAN_POINT('',(-7.166941700465,-15.36955607553,
    23.622947535803));
#1193 = CARTESIAN_POINT('',(-0.739716274848,-16.94228813146,
    23.622947535803));
#1194 = CARTESIAN_POINT('',(5.800124248071,-15.9357104016,
    23.622947535803));
#1195 = CARTESIAN_POINT('',(11.456948432478,-12.50306522067,
    23.622947535803));
#1196 = CARTESIAN_POINT('',(15.369556075537,-7.166941700465,
    23.622947535803));
#1197 = CARTESIAN_POINT('',(16.942288131467,-0.739716274848,
    23.622947535803));
#1198 = CARTESIAN_POINT('',(15.935710401607,5.800124248071,
    23.622947535803));
#1199 = CARTESIAN_POINT('',(12.503065220676,11.456948432478,
    23.622947535803));
#1200 = CARTESIAN_POINT('',(7.166941700465,15.369556075537,
    23.622947535803));
#1201 = CARTESIAN_POINT('',(0.739716274848,16.942288131467,
    23.622947535803));
#1202 = CARTESIAN_POINT('',(-5.800124248071,15.935710401607,
    23.622947535803));
#1203 = CARTESIAN_POINT('',(-11.45694843247,12.503065220676,
    23.622947535803));
#1204 = CARTESIAN_POINT('',(-15.36955607553,7.166941700465,
    23.622947535803));
#1205 = CARTESIAN_POINT('',(-16.94228813146,0.739716274848,
    23.622947535803));
#1206 = CARTESIAN_POINT('',(-12.53722557081,13.681980845252,
    21.366804147135));
#1207 = CARTESIAN_POINT('',(-16.81875349076,7.842713553366,
    21.366804147135));
#1208 = CARTESIAN_POINT('',(-18.53977865413,0.809464217354,
    21.366804147135));
#1209 = CARTESIAN_POINT('',(-17.43829058091,-6.347018707937,
    21.366804147135));
#1210 = CARTESIAN_POINT('',(-13.68198084525,-12.53722557081,
    21.366804147135));
#1211 = CARTESIAN_POINT('',(-7.842713553366,-16.81875349076,
    21.366804147135));
#1212 = CARTESIAN_POINT('',(-0.809464217354,-18.53977865413,
    21.366804147135));
#1213 = CARTESIAN_POINT('',(6.347018707937,-17.43829058091,
    21.366804147135));
#1214 = CARTESIAN_POINT('',(12.537225570814,-13.68198084525,
    21.366804147135));
#1215 = CARTESIAN_POINT('',(16.818753490766,-7.842713553365,
    21.366804147135));
#1216 = CARTESIAN_POINT('',(18.53977865413,-0.809464217354,
    21.366804147135));
#1217 = CARTESIAN_POINT('',(17.438290580914,6.347018707937,
    21.366804147135));
#1218 = CARTESIAN_POINT('',(13.681980845252,12.537225570814,
    21.366804147135));
#1219 = CARTESIAN_POINT('',(7.842713553365,16.818753490766,
    21.366804147135));
#1220 = CARTESIAN_POINT('',(0.809464217354,18.53977865413,
    21.366804147135));
#1221 = CARTESIAN_POINT('',(-6.347018707938,17.438290580914,
    21.366804147135));
#1222 = CARTESIAN_POINT('',(-12.53722557081,13.681980845252,
    21.366804147135));
#1223 = CARTESIAN_POINT('',(-16.81875349076,7.842713553366,
    21.366804147135));
#1224 = CARTESIAN_POINT('',(-18.53977865413,0.809464217354,
    21.366804147135));
#1225 = CARTESIAN_POINT('',(-13.70138747602,14.952440629034,
    19.10708923914));
#1226 = CARTESIAN_POINT('',(-18.38048275826,8.570959870764,
    19.10708923914));
#1227 = CARTESIAN_POINT('',(-20.26131616004,0.884628168115,
    19.10708923914));
#1228 = CARTESIAN_POINT('',(-19.05754784574,-6.936380153955,
    19.10708923914));
#1229 = CARTESIAN_POINT('',(-14.95244062903,-13.70138747602,
    19.10708923914));
#1230 = CARTESIAN_POINT('',(-8.570959870764,-18.38048275826,
    19.10708923914));
#1231 = CARTESIAN_POINT('',(-0.884628168115,-20.26131616004,
    19.10708923914));
#1232 = CARTESIAN_POINT('',(6.936380153955,-19.05754784574,
    19.10708923914));
#1233 = CARTESIAN_POINT('',(13.701387476028,-14.95244062903,
    19.10708923914));
#1234 = CARTESIAN_POINT('',(18.380482758263,-8.570959870764,
    19.10708923914));
#1235 = CARTESIAN_POINT('',(20.261316160043,-0.884628168115,
    19.10708923914));
#1236 = CARTESIAN_POINT('',(19.057547845745,6.936380153955,
    19.10708923914));
#1237 = CARTESIAN_POINT('',(14.952440629034,13.701387476028,
    19.10708923914));
#1238 = CARTESIAN_POINT('',(8.570959870764,18.380482758263,
    19.10708923914));
#1239 = CARTESIAN_POINT('',(0.884628168115,20.261316160043,
    19.10708923914));
#1240 = CARTESIAN_POINT('',(-6.936380153955,19.057547845745,
    19.10708923914));
#1241 = CARTESIAN_POINT('',(-13.70138747602,14.952440629034,
    19.10708923914));
#1242 = CARTESIAN_POINT('',(-18.38048275826,8.570959870764,
    19.10708923914));
#1243 = CARTESIAN_POINT('',(-20.26131616004,0.884628168115,
    19.10708923914));
#1244 = ADVANCED_FACE('',(#1245),#1263,.F.);
#1245 = FACE_BOUND('',#1246,.F.);
#1246 = EDGE_LOOP('',(#1247,#1256,#1261,#1262));
#1247 = ORIENTED_EDGE('',*,*,#1248,.F.);
#1248 = EDGE_CURVE('',#1249,#1249,#1251,.T.);
#1249 = VERTEX_POINT('',#1250);
#1250 = CARTESIAN_POINT('',(-6.224521881368,2.902542221635,
    13.945195508614));
#1251 = CIRCLE('',#1252,6.868);
#1252 = AXIS2_PLACEMENT_3D('',#1253,#1254,#1255);
#1253 = CARTESIAN_POINT('',(0.,0.,13.945195508614));
#1254 = DIRECTION('',(0.,0.,1.));
#1255 = DIRECTION('',(-0.906307787037,0.422618261741,0.));
#1256 = ORIENTED_EDGE('',*,*,#1257,.T.);
#1257 = EDGE_CURVE('',#1249,#1134,#1258,.T.);
#1258 = B_SPLINE_CURVE_WITH_KNOTS('',1,(#1259,#1260),.UNSPECIFIED.,.F.,
  .F.,(2,2),(0.,20.052524887299),.PIECEWISE_BEZIER_KNOTS.);
#1259 = CARTESIAN_POINT('',(-6.224521881368,2.902542221635,
    13.945195508614));
#1260 = CARTESIAN_POINT('',(-22.5777714076,10.52818771144,4.747));
#1261 = ORIENTED_EDGE('',*,*,#1133,.T.);
#1262 = ORIENTED_EDGE('',*,*,#1257,.F.);
#1263 = CONICAL_SURFACE('',#1264,6.868,1.099363291162);
#1264 = AXIS2_PLACEMENT_3D('',#1265,#1266,#1267);
#1265 = CARTESIAN_POINT('',(0.,0.,13.945195508614));
#1266 = DIRECTION('',(0.,0.,-1.));
#1267 = DIRECTION('',(0.906307787037,-0.422618261741,0.));
#1268 = ADVANCED_FACE('',(#1269,#1272),#1283,.T.);
#1269 = FACE_BOUND('',#1270,.T.);
#1270 = EDGE_LOOP('',(#1271));
#1271 = ORIENTED_EDGE('',*,*,#1160,.T.);
#1272 = FACE_BOUND('',#1273,.T.);
#1273 = EDGE_LOOP('',(#1274));
#1274 = ORIENTED_EDGE('',*,*,#1275,.T.);
#1275 = EDGE_CURVE('',#1276,#1276,#1278,.T.);
#1276 = VERTEX_POINT('',#1277);
#1277 = CARTESIAN_POINT('',(-15.,-3.673940397442E-15,25.807126034172));
#1278 = CIRCLE('',#1279,15.);
#1279 = AXIS2_PLACEMENT_3D('',#1280,#1281,#1282);
#1280 = CARTESIAN_POINT('',(0.,0.,25.807126034172));
#1281 = DIRECTION('',(0.,0.,-1.));
#1282 = DIRECTION('',(-1.,0.,0.));
#1283 = PLANE('',#1284);
#1284 = AXIS2_PLACEMENT_3D('',#1285,#1286,#1287);
#1285 = CARTESIAN_POINT('',(-12.71823603238,5.930610860122,
    25.807125150064));
#1286 = DIRECTION('',(0.,0.,1.));
#1287 = DIRECTION('',(-0.906307787037,0.422618261741,0.));
#1288 = ADVANCED_FACE('',(#1289),#1307,.F.);
#1289 = FACE_BOUND('',#1290,.F.);
#1290 = EDGE_LOOP('',(#1291,#1292,#1299,#1306));
#1291 = ORIENTED_EDGE('',*,*,#1248,.T.);
#1292 = ORIENTED_EDGE('',*,*,#1293,.T.);
#1293 = EDGE_CURVE('',#1249,#1294,#1296,.T.);
#1294 = VERTEX_POINT('',#1295);
#1295 = CARTESIAN_POINT('',(-6.224521881368,2.902542221635,
    14.955195508614));
#1296 = B_SPLINE_CURVE_WITH_KNOTS('',1,(#1297,#1298),.UNSPECIFIED.,.F.,
  .F.,(2,2),(12.094951683209,13.094951683209),.PIECEWISE_BEZIER_KNOTS.);
#1297 = CARTESIAN_POINT('',(-6.224521881368,2.902542221635,
    13.945195508614));
#1298 = CARTESIAN_POINT('',(-6.224521881368,2.902542221635,
    14.955195508614));
#1299 = ORIENTED_EDGE('',*,*,#1300,.F.);
#1300 = EDGE_CURVE('',#1294,#1294,#1301,.T.);
#1301 = CIRCLE('',#1302,6.868);
#1302 = AXIS2_PLACEMENT_3D('',#1303,#1304,#1305);
#1303 = CARTESIAN_POINT('',(0.,0.,14.955195508614));
#1304 = DIRECTION('',(0.,0.,1.));
#1305 = DIRECTION('',(-0.906307787037,0.422618261741,0.));
#1306 = ORIENTED_EDGE('',*,*,#1293,.F.);
#1307 = CYLINDRICAL_SURFACE('',#1308,6.868);
#1308 = AXIS2_PLACEMENT_3D('',#1309,#1310,#1311);
#1309 = CARTESIAN_POINT('',(0.,0.,1.729294308573));
#1310 = DIRECTION('',(0.,0.,1.));
#1311 = DIRECTION('',(-0.906307787037,0.422618261741,0.));
#1312 = ADVANCED_FACE('',(#1313,#1316),#2558,.F.);
#1313 = FACE_BOUND('',#1314,.F.);
#1314 = EDGE_LOOP('',(#1315));
#1315 = ORIENTED_EDGE('',*,*,#1275,.T.);
#1316 = FACE_BOUND('',#1317,.F.);
#1317 = EDGE_LOOP('',(#1318,#1329,#2404,#2483));
#1318 = ORIENTED_EDGE('',*,*,#1319,.F.);
#1319 = EDGE_CURVE('',#1320,#1322,#1324,.T.);
#1320 = VERTEX_POINT('',#1321);
#1321 = CARTESIAN_POINT('',(-0.766341254261,12.348743957667,
    25.807126034172));
#1322 = VERTEX_POINT('',#1323);
#1323 = CARTESIAN_POINT('',(12.346205394068,0.806206311987,
    25.807126034172));
#1324 = CIRCLE('',#1325,12.3725);
#1325 = AXIS2_PLACEMENT_3D('',#1326,#1327,#1328);
#1326 = CARTESIAN_POINT('',(0.,0.,25.807126034172));
#1327 = DIRECTION('',(0.,0.,-1.));
#1328 = DIRECTION('',(0.906307787037,-0.422618261741,0.));
#1329 = ORIENTED_EDGE('',*,*,#1330,.T.);
#1330 = EDGE_CURVE('',#1320,#1331,#1333,.T.);
#1331 = VERTEX_POINT('',#1332);
#1332 = CARTESIAN_POINT('',(-11.89072704334,-5.714292283429,
    25.807126034172));
#1333 = B_SPLINE_CURVE_WITH_KNOTS('',7,(#1334,#1335,#1336,#1337,#1338,
    #1339,#1340,#1341,#1342,#1343,#1344,#1345,#1346,#1347,#1348,#1349,
    #1350,#1351,#1352,#1353,#1354,#1355,#1356,#1357,#1358,#1359,#1360,
    #1361,#1362,#1363,#1364,#1365,#1366,#1367,#1368,#1369,#1370,#1371,
    #1372,#1373,#1374,#1375,#1376,#1377,#1378,#1379,#1380,#1381,#1382,
    #1383,#1384,#1385,#1386,#1387,#1388,#1389,#1390,#1391,#1392,#1393,
    #1394,#1395,#1396,#1397,#1398,#1399,#1400,#1401,#1402,#1403,#1404,
    #1405,#1406,#1407,#1408,#1409,#1410,#1411,#1412,#1413,#1414,#1415,
    #1416,#1417,#1418,#1419,#1420,#1421,#1422,#1423,#1424,#1425,#1426,
    #1427,#1428,#1429,#1430,#1431,#1432,#1433,#1434,#1435,#1436,#1437,
    #1438,#1439,#1440,#1441,#1442,#1443,#1444,#1445,#1446,#1447,#1448,
    #1449,#1450,#1451,#1452,#1453,#1454,#1455,#1456,#1457,#1458,#1459,
    #1460,#1461,#1462,#1463,#1464,#1465,#1466,#1467,#1468,#1469,#1470,
    #1471,#1472,#1473,#1474,#1475,#1476,#1477,#1478,#1479,#1480,#1481,
    #1482,#1483,#1484,#1485,#1486,#1487,#1488,#1489,#1490,#1491,#1492,
    #1493,#1494,#1495,#1496,#1497,#1498,#1499,#1500,#1501,#1502,#1503,
    #1504,#1505,#1506,#1507,#1508,#1509,#1510,#1511,#1512,#1513,#1514,
    #1515,#1516,#1517,#1518,#1519,#1520,#1521,#1522,#1523,#1524,#1525,
    #1526,#1527,#1528,#1529,#1530,#1531,#1532,#1533,#1534,#1535,#1536,
    #1537,#1538,#1539,#1540,#1541,#1542,#1543,#1544,#1545,#1546,#1547,
    #1548,#1549,#1550,#1551,#1552,#1553,#1554,#1555,#1556,#1557,#1558,
    #1559,#1560,#1561,#1562,#1563,#1564,#1565,#1566,#1567,#1568,#1569,
    #1570,#1571,#1572,#1573,#1574,#1575,#1576,#1577,#1578,#1579,#1580,
    #1581,#1582,#1583,#1584,#1585,#1586,#1587,#1588,#1589,#1590,#1591,
    #1592,#1593,#1594,#1595,#1596,#1597,#1598,#1599,#1600,#1601,#1602,
    #1603,#1604,#1605,#1606,#1607,#1608,#1609,#1610,#1611,#1612,#1613,
    #1614,#1615,#1616,#1617,#1618,#1619,#1620,#1621,#1622,#1623,#1624,
    #1625,#1626,#1627,#1628,#1629,#1630,#1631,#1632,#1633,#1634,#1635,
    #1636,#1637,#1638,#1639,#1640,#1641,#1642,#1643,#1644,#1645,#1646,
    #1647,#1648,#1649,#1650,#1651,#1652,#1653,#1654,#1655,#1656,#1657,
    #1658,#1659,#1660,#1661,#1662,#1663,#1664,#1665,#1666,#1667,#1668,
    #1669,#1670,#1671,#1672,#1673,#1674,#1675,#1676,#1677,#1678,#1679,
    #1680,#1681,#1682,#1683,#1684,#1685,#1686,#1687,#1688,#1689,#1690,
    #1691,#1692,#1693,#1694,#1695,#1696,#1697,#1698,#1699,#1700,#1701,
    #1702,#1703,#1704,#1705,#1706,#1707,#1708,#1709,#1710,#1711,#1712,
    #1713,#1714,#1715,#1716,#1717,#1718,#1719,#1720,#1721,#1722,#1723,
    #1724,#1725,#1726,#1727,#1728,#1729,#1730,#1731,#1732,#1733,#1734,
    #1735,#1736,#1737,#1738,#1739,#1740,#1741,#1742,#1743,#1744,#1745,
    #1746,#1747,#1748,#1749,#1750,#1751,#1752,#1753,#1754,#1755,#1756,
    #1757,#1758,#1759,#1760,#1761,#1762,#1763,#1764,#1765,#1766,#1767,
    #1768,#1769,#1770,#1771,#1772,#1773,#1774,#1775,#1776,#1777,#1778,
    #1779,#1780,#1781,#1782,#1783,#1784,#1785,#1786,#1787,#1788,#1789,
    #1790,#1791,#1792,#1793,#1794,#1795,#1796,#1797,#1798,#1799,#1800,
    #1801,#1802,#1803,#1804,#1805,#1806,#1807,#1808,#1809,#1810,#1811,
    #1812,#1813,#1814,#1815,#1816,#1817,#1818,#1819,#1820,#1821,#1822,
    #1823,#1824,#1825,#1826,#1827,#1828,#1829,#1830,#1831,#1832,#1833,
    #1834,#1835,#1836,#1837,#1838,#1839,#1840,#1841,#1842,#1843,#1844,
    #1845,#1846,#1847,#1848,#1849,#1850,#1851,#1852,#1853,#1854,#1855,
    #1856,#1857,#1858,#1859,#1860,#1861,#1862,#1863,#1864,#1865,#1866,
    #1867,#1868,#1869,#1870,#1871,#1872,#1873,#1874,#1875,#1876,#1877,
    #1878,#1879,#1880,#1881,#1882,#1883,#1884,#1885,#1886,#1887,#1888,
    #1889,#1890,#1891,#1892,#1893,#1894,#1895,#1896,#1897,#1898,#1899,
    #1900,#1901,#1902,#1903,#1904,#1905,#1906,#1907,#1908,#1909,#1910,
    #1911,#1912,#1913,#1914,#1915,#1916,#1917,#1918,#1919,#1920,#1921,
    #1922,#1923,#1924,#1925,#1926,#1927,#1928,#1929,#1930,#1931,#1932,
    #1933,#1934,#1935,#1936,#1937,#1938,#1939,#1940,#1941,#1942,#1943,
    #1944,#1945,#1946,#1947,#1948,#1949,#1950,#1951,#1952,#1953,#1954,
    #1955,#1956,#1957,#1958,#1959,#1960,#1961,#1962,#1963,#1964,#1965,
    #1966,#1967,#1968,#1969,#1970,#1971,#1972,#1973,#1974,#1975,#1976,
    #1977,#1978,#1979,#1980,#1981,#1982,#1983,#1984,#1985,#1986,#1987,
    #1988,#1989,#1990,#1991,#1992,#1993,#1994,#1995,#1996,#1997,#1998,
    #1999,#2000,#2001,#2002,#2003,#2004,#2005,#2006,#2007,#2008,#2009,
    #2010,#2011,#2012,#2013,#2014,#2015,#2016,#2017,#2018,#2019,#2020,
    #2021,#2022,#2023,#2024,#2025,#2026,#2027,#2028,#2029,#2030,#2031,
    #2032,#2033,#2034,#2035,#2036,#2037,#2038,#2039,#2040,#2041,#2042,
    #2043,#2044,#2045,#2046,#2047,#2048,#2049,#2050,#2051,#2052,#2053,
    #2054,#2055,#2056,#2057,#2058,#2059,#2060,#2061,#2062,#2063,#2064,
    #2065,#2066,#2067,#2068,#2069,#2070,#2071,#2072,#2073,#2074,#2075,
    #2076,#2077,#2078,#2079,#2080,#2081,#2082,#2083,#2084,#2085,#2086,
    #2087,#2088,#2089,#2090,#2091,#2092,#2093,#2094,#2095,#2096,#2097,
    #2098,#2099,#2100,#2101,#2102,#2103,#2104,#2105,#2106,#2107,#2108,
    #2109,#2110,#2111,#2112,#2113,#2114,#2115,#2116,#2117,#2118,#2119,
    #2120,#2121,#2122,#2123,#2124,#2125,#2126,#2127,#2128,#2129,#2130,
    #2131,#2132,#2133,#2134,#2135,#2136,#2137,#2138,#2139,#2140,#2141,
    #2142,#2143,#2144,#2145,#2146,#2147,#2148,#2149,#2150,#2151,#2152,
    #2153,#2154,#2155,#2156,#2157,#2158,#2159,#2160,#2161,#2162,#2163,
    #2164,#2165,#2166,#2167,#2168,#2169,#2170,#2171,#2172,#2173,#2174,
    #2175,#2176,#2177,#2178,#2179,#2180,#2181,#2182,#2183,#2184,#2185,
    #2186,#2187,#2188,#2189,#2190,#2191,#2192,#2193,#2194,#2195,#2196,
    #2197,#2198,#2199,#2200,#2201,#2202,#2203,#2204,#2205,#2206,#2207,
    #2208,#2209,#2210,#2211,#2212,#2213,#2214,#2215,#2216,#2217,#2218,
    #2219,#2220,#2221,#2222,#2223,#2224,#2225,#2226,#2227,#2228,#2229,
    #2230,#2231,#2232,#2233,#2234,#2235,#2236,#2237,#2238,#2239,#2240,
    #2241,#2242,#2243,#2244,#2245,#2246,#2247,#2248,#2249,#2250,#2251,
    #2252,#2253,#2254,#2255,#2256,#2257,#2258,#2259,#2260,#2261,#2262,
    #2263,#2264,#2265,#2266,#2267,#2268,#2269,#2270,#2271,#2272,#2273,
    #2274,#2275,#2276,#2277,#2278,#2279,#2280,#2281,#2282,#2283,#2284,
    #2285,#2286,#2287,#2288,#2289,#2290,#2291,#2292,#2293,#2294,#2295,
    #2296,#2297,#2298,#2299,#2300,#2301,#2302,#2303,#2304,#2305,#2306,
    #2307,#2308,#2309,#2310,#2311,#2312,#2313,#2314,#2315,#2316,#2317,
    #2318,#2319,#2320,#2321,#2322,#2323,#2324,#2325,#2326,#2327,#2328,
    #2329,#2330,#2331,#2332,#2333,#2334,#2335,#2336,#2337,#2338,#2339,
    #2340,#2341,#2342,#2343,#2344,#2345,#2346,#2347,#2348,#2349,#2350,
    #2351,#2352,#2353,#2354,#2355,#2356,#2357,#2358,#2359,#2360,#2361,
    #2362,#2363,#2364,#2365,#2366,#2367,#2368,#2369,#2370,#2371,#2372,
    #2373,#2374,#2375,#2376,#2377,#2378,#2379,#2380,#2381,#2382,#2383,
    #2384,#2385,#2386,#2387,#2388,#2389,#2390,#2391,#2392,#2393,#2394,
    #2395,#2396,#2397,#2398,#2399,#2400,#2401,#2402,#2403),
  .UNSPECIFIED.,.F.,.F.,(8,6,6,6,6,6,6,6,6,6,6,6,6,6,6,6,6,6,6,6,6,6,6,6
    ,6,6,6,6,6,6,6,6,6,6,6,6,6,6,6,6,6,6,6,6,6,6,6,6,6,6,6,6,6,6,6,6,6,6
    ,6,6,6,6,6,6,6,6,6,6,6,6,6,6,6,6,6,6,6,6,6,6,6,6,6,6,6,6,6,6,6,6,6,6
    ,6,6,6,6,6,6,6,6,6,6,6,6,6,6,6,6,6,6,6,6,6,6,6,6,6,6,6,6,6,6,6,6,6,6
    ,6,6,6,6,6,6,6,6,6,6,6,6,6,6,6,6,6,6,6,6,6,6,6,6,6,6,6,6,6,6,6,6,6,6
    ,6,6,6,6,6,6,6,6,6,6,6,6,6,6,6,6,6,6,8),(0.,1.233819773885E-02,
    1.949264628869E-02,4.064270029981E-02,6.820443971832E-02,
    9.516267306998E-02,0.121535765608,0.13685803463,0.142585453892,
    0.149070958846,0.152837527846,0.157754026415,0.161026263644,
    0.170435309461,0.173788031609,0.176945724367,0.179049065155,
    0.182010526095,0.184683128322,0.187258323833,0.190022219603,
    0.192784075229,0.195543980328,0.197826628079,0.200583197839,
    0.202863207102,0.205616734928,0.208178976785,0.21064512291,
    0.213394514546,0.216142607354,0.218415969377,0.221067238196,
    0.223812151784,0.226556086487,0.229204552172,0.231757709212,
    0.234310226416,0.237051182295,0.239791559128,0.242531438926,
    0.245270903476,0.247915586237,0.250654472198,0.253393184332,
    0.256037369254,0.25868154064,0.261420210122,0.263875689378,
    0.266614701422,0.269354011042,0.271904741162,0.274644853887,
    0.277385500861,0.280126762902,0.282395916353,0.285043925727,
    0.287314269469,0.290058435894,0.292803592108,0.295549819618,
    0.298297200126,0.300856214524,0.303321524216,0.306072609027,
    0.308635281694,0.311294283731,0.313954801117,0.315856140107,
    0.320042078155,0.322327134017,0.324804129277,0.327187400045,
    0.329953964509,0.336449854673,0.338745617365,0.342863131037,
    0.345643276391,0.348426117208,0.351596191398,0.355732526914,
    0.358429510671,0.360936450143,0.366731617122,0.372832191015,
    0.381674413163,0.388795334809,0.405483618245,0.418057187004,
    0.447470412656,0.477453454838,0.508259687246,0.539965436588,
    0.548032735104,0.571851595805,0.602733908649,0.633006328052,
    0.662610952301,0.685695438593,0.690782945766,0.693472215593,
    0.695462495037,0.700630420737,0.702913213516,0.704401028346,
    0.706086319585,0.708959078548,0.711631353391,0.71440028044,
    0.716376685948,0.719832693334,0.72367979694,0.726045309548,
    0.728212455146,0.72998472047,0.731953031568,0.734805510612,
    0.737263112841,0.739915904816,0.741978214306,0.743843410766,
    0.74659095917,0.749435250589,0.752278221168,0.755119958612,
    0.757960550194,0.760800082776,0.763247171951,0.765987121929,
    0.768824126908,0.771660402033,0.774300490752,0.777135597481,
    0.779970223449,0.782706726792,0.785442936647,0.787983506361,
    0.790817071409,0.793455149589,0.796288646323,0.799122230365,
    0.801760546742,0.804594535975,0.807428857493,0.810263594842,
    0.813098831589,0.81593465134,0.81857549488,0.821021294423,
    0.823859186079,0.826110564211,0.829341876127,0.83218264656,
    0.83502456495,0.837867715979,0.840515970262,0.843263587865,
    0.846110789483,0.848959556197,0.852891616924,0.855547648142,
    0.858303746915,0.860963121712,0.863821437037,0.866681857963,
    0.869840734559,0.871618821702,0.874485429814,0.877948384976,
    0.880126989126,0.881712372293,0.892435729507,0.916522873111,
    0.922961553398,0.92739954353,0.933669641077,0.943316856546,
    0.971445114367,1.),.UNSPECIFIED.);
#1334 = CARTESIAN_POINT('',(-0.766341254261,12.348743957667,
    25.807126034172));
#1335 = CARTESIAN_POINT('',(-0.810426464747,12.347379553233,
    25.807126034172));
#1336 = CARTESIAN_POINT('',(-0.854506052737,12.345828611931,
    25.807126034172));
#1337 = CARTESIAN_POINT('',(-0.898579071824,12.344091162252,
    25.807126034172));
#1338 = CARTESIAN_POINT('',(-0.942644575846,12.342167238684,
    25.807126034172));
#1339 = CARTESIAN_POINT('',(-0.98670161888,12.340056881713,
    25.807126034172));
#1340 = CARTESIAN_POINT('',(-1.030749255247,12.337760137825,
    25.807126034172));
#1341 = CARTESIAN_POINT('',(-1.100322074862,12.333837217441,
    25.807126034172));
#1342 = CARTESIAN_POINT('',(-1.125854157393,12.332335900182,
    25.807126034172));
#1343 = CARTESIAN_POINT('',(-1.151382608657,12.330775225947,
    25.807126034172));
#1344 = CARTESIAN_POINT('',(-1.176907259456,12.32915385886,
    25.807126034172));
#1345 = CARTESIAN_POINT('',(-1.202427935943,12.327471448468,
    25.807126034172));
#1346 = CARTESIAN_POINT('',(-1.227944462976,12.32572915976,
    25.807126034172));
#1347 = CARTESIAN_POINT('',(-1.328876175791,12.318596642479,
    25.807126034172));
#1348 = CARTESIAN_POINT('',(-1.404257952052,12.312738953237,
    25.807126034172));
#1349 = CARTESIAN_POINT('',(-1.479597581148,12.306353542235,
    25.807126034172));
#1350 = CARTESIAN_POINT('',(-1.554890635088,12.299440772174,
    25.807126034172));
#1351 = CARTESIAN_POINT('',(-1.630132690266,12.292001052164,
    25.807126034172));
#1352 = CARTESIAN_POINT('',(-1.705319327466,12.28403483772,
    25.807126034172));
#1353 = CARTESIAN_POINT('',(-1.878347792296,12.26447599259,
    25.807126034172));
#1354 = CARTESIAN_POINT('',(-1.976147846958,12.252516110633,
    25.807126034172));
#1355 = CARTESIAN_POINT('',(-2.073836524449,12.239664095871,
    25.807126034172));
#1356 = CARTESIAN_POINT('',(-2.171404072441,12.225921192327,
    25.807126034172));
#1357 = CARTESIAN_POINT('',(-2.268840757677,12.211288777077,
    25.807126034172));
#1358 = CARTESIAN_POINT('',(-2.36613686597,12.195768360246,
    25.807126034172));
#1359 = CARTESIAN_POINT('',(-2.558301383084,12.163314060982,
    25.807126034172));
#1360 = CARTESIAN_POINT('',(-2.653176304061,12.146418569327,
    25.807126034172));
#1361 = CARTESIAN_POINT('',(-2.747898393176,12.128676647663,
    25.807126034172));
#1362 = CARTESIAN_POINT('',(-2.842458602446,12.110089954249,
    25.807126034172));
#1363 = CARTESIAN_POINT('',(-2.936847907858,12.090660267979,
    25.807126034172));
#1364 = CARTESIAN_POINT('',(-3.031057309372,12.070389488382,
    25.807126034172));
#1365 = CARTESIAN_POINT('',(-3.217057593948,12.028627981893,
    25.807126034172));
#1366 = CARTESIAN_POINT('',(-3.308856590432,12.007173283953,
    25.807126034172));
#1367 = CARTESIAN_POINT('',(-3.400466416321,11.984917433287,
    25.807126034172));
#1368 = CARTESIAN_POINT('',(-3.491878695299,11.961862430548,
    25.807126034172));
#1369 = CARTESIAN_POINT('',(-3.583085078783,11.938010385562,
    25.807126034172));
#1370 = CARTESIAN_POINT('',(-3.674077245924,11.913363517329,
    25.807126034172));
#1371 = CARTESIAN_POINT('',(-3.817582361613,11.873144364052,
    25.807126034172));
#1372 = CARTESIAN_POINT('',(-3.870242714554,11.858097075881,
    25.807126034172));
#1373 = CARTESIAN_POINT('',(-3.922826336438,11.842782745981,
    25.807126034172));
#1374 = CARTESIAN_POINT('',(-3.975331604939,11.827201843127,
    25.807126034172));
#1375 = CARTESIAN_POINT('',(-4.0277569014,11.811354848391,
    25.807126034172));
#1376 = CARTESIAN_POINT('',(-4.080100610834,11.795242255139,
    25.807126034172));
#1377 = CARTESIAN_POINT('',(-4.151895947822,11.772742637961,
    25.807126034172));
#1378 = CARTESIAN_POINT('',(-4.171419148913,11.766583666982,
    25.807126034172));
#1379 = CARTESIAN_POINT('',(-4.190930641042,11.760387682508,
    25.807126034172));
#1380 = CARTESIAN_POINT('',(-4.210430340134,11.754154711183,
    25.807126034172));
#1381 = CARTESIAN_POINT('',(-4.229918162193,11.747884779894,
    25.807126034172));
#1382 = CARTESIAN_POINT('',(-4.2493940233,11.741577915762,
    25.807126034172));
#1383 = CARTESIAN_POINT('',(-4.29089790187,11.728050710232,
    25.807126034172));
#1384 = CARTESIAN_POINT('',(-4.312922519802,11.720819952595,
    25.807126034172));
#1385 = CARTESIAN_POINT('',(-4.334931571667,11.713541912968,
    25.807126034172));
#1386 = CARTESIAN_POINT('',(-4.356924935859,11.706216631471,
    25.807126034172));
#1387 = CARTESIAN_POINT('',(-4.378902490901,11.698844148612,
    25.807126034172));
#1388 = CARTESIAN_POINT('',(-4.400864115448,11.691424505292,
    25.807126034172));
#1389 = CARTESIAN_POINT('',(-4.435554958685,11.679621291542,
    25.807126034172));
#1390 = CARTESIAN_POINT('',(-4.448294814995,11.675268947428,
    25.807126034172));
#1391 = CARTESIAN_POINT('',(-4.46102923347,11.670900718548,
    25.807126034172));
#1392 = CARTESIAN_POINT('',(-4.47375819038,11.666516613034,
    25.807126034172));
#1393 = CARTESIAN_POINT('',(-4.486481662013,11.662116639063,
    25.807126034172));
#1394 = CARTESIAN_POINT('',(-4.49919962467,11.657700804857,
    25.807126034172));
#1395 = CARTESIAN_POINT('',(-4.528505576225,11.647484443355,
    25.807126034172));
#1396 = CARTESIAN_POINT('',(-4.545089671208,11.641672759359,
    25.807126034172));
#1397 = CARTESIAN_POINT('',(-4.561664286947,11.635834085072,
    25.807126034172));
#1398 = CARTESIAN_POINT('',(-4.578229370816,11.629968439004,
    25.807126034172));
#1399 = CARTESIAN_POINT('',(-4.594784870235,11.624075839795,
    25.807126034172));
#1400 = CARTESIAN_POINT('',(-4.611330732672,11.61815630621,
    25.807126034172));
#1401 = CARTESIAN_POINT('',(-4.638872762758,11.608252123456,
    25.807126034172));
#1402 = CARTESIAN_POINT('',(-4.649874327702,11.604282466924,
    25.807126034172));
#1403 = CARTESIAN_POINT('',(-4.660871584991,11.600300893118,
    25.807126034172));
#1404 = CARTESIAN_POINT('',(-4.671864519161,11.596307407634,
    25.807126034172));
#1405 = CARTESIAN_POINT('',(-4.682853114755,11.592302016093,
    25.807126034172));
#1406 = CARTESIAN_POINT('',(-4.693837356325,11.58828472414,
    25.807126034172));
#1407 = CARTESIAN_POINT('',(-4.736388936867,11.572669946442,
    25.807126034172));
#1408 = CARTESIAN_POINT('',(-4.767924518502,11.560986009463,
    25.807126034172));
#1409 = CARTESIAN_POINT('',(-4.799423606292,11.549203861332,
    25.807126034172));
#1410 = CARTESIAN_POINT('',(-4.830885833838,11.53732363858,
    25.807126034172));
#1411 = CARTESIAN_POINT('',(-4.862310835389,11.525345479445,
    25.807126034172));
#1412 = CARTESIAN_POINT('',(-4.893698245838,11.513269523868,
    25.807126034172));
#1413 = CARTESIAN_POINT('',(-4.936218441492,11.496758094991,
    25.807126034172));
#1414 = CARTESIAN_POINT('',(-4.947384363012,11.492407877172,
    25.807126034172));
#1415 = CARTESIAN_POINT('',(-4.958545448794,11.488045266452,
    25.807126034172));
#1416 = CARTESIAN_POINT('',(-4.969701682361,11.483670269265,
    25.807126034172));
#1417 = CARTESIAN_POINT('',(-4.980853047246,11.479282892075,
    25.807126034172));
#1418 = CARTESIAN_POINT('',(-4.991999526991,11.474883141372,
    25.807126034172));
#1419 = CARTESIAN_POINT('',(-5.013634572589,11.466315560893,
    25.807126034172));
#1420 = CARTESIAN_POINT('',(-5.024123692111,11.462149128057,
    25.807126034172));
#1421 = CARTESIAN_POINT('',(-5.034608449976,11.457971730611,
    25.807126034172));
#1422 = CARTESIAN_POINT('',(-5.045088832455,11.453783374023,
    25.807126034172));
#1423 = CARTESIAN_POINT('',(-5.055564825825,11.449584063782,
    25.807126034172));
#1424 = CARTESIAN_POINT('',(-5.066036416372,11.445373805396,
    25.807126034172));
#1425 = CARTESIAN_POINT('',(-5.083475780443,11.43834086022,
    25.807126034172));
#1426 = CARTESIAN_POINT('',(-5.090446010927,11.435524260915,
    25.807126034172));
#1427 = CARTESIAN_POINT('',(-5.097414277791,11.432702808119,
    25.807126034172));
#1428 = CARTESIAN_POINT('',(-5.104380576987,11.429876503469,
    25.807126034172));
#1429 = CARTESIAN_POINT('',(-5.111344904468,11.427045348609,
    25.807126034172));
#1430 = CARTESIAN_POINT('',(-5.118307256188,11.424209345187,
    25.807126034172));
#1431 = CARTESIAN_POINT('',(-5.135067689838,11.417368635511,
    25.807126034172));
#1432 = CARTESIAN_POINT('',(-5.144863826795,11.41335916762,
    25.807126034172));
#1433 = CARTESIAN_POINT('',(-5.15465602769,11.409340095792,
    25.807126034172));
#1434 = CARTESIAN_POINT('',(-5.164444281242,11.405311424651,
    25.807126034172));
#1435 = CARTESIAN_POINT('',(-5.174228576179,11.401273158842,
    25.807126034172));
#1436 = CARTESIAN_POINT('',(-5.184008901235,11.397225303024,
    25.807126034172));
#1437 = CARTESIAN_POINT('',(-5.202608011696,11.389506180539,
    25.807126034172));
#1438 = CARTESIAN_POINT('',(-5.21142753586,11.385836692569,
    25.807126034172));
#1439 = CARTESIAN_POINT('',(-5.220243809367,11.382159401403,
    25.807126034172));
#1440 = CARTESIAN_POINT('',(-5.229056823947,11.378474310487,
    25.807126034172));
#1441 = CARTESIAN_POINT('',(-5.237866571333,11.374781423281,
    25.807126034172));
#1442 = CARTESIAN_POINT('',(-5.246673043263,11.371080743254,
    25.807126034172));
#1443 = CARTESIAN_POINT('',(-5.26395857523,11.363798964857,
    25.807126034172));
#1444 = CARTESIAN_POINT('',(-5.272437870265,11.360218423927,
    25.807126034172));
#1445 = CARTESIAN_POINT('',(-5.280914109197,11.356630654211,
    25.807126034172));
#1446 = CARTESIAN_POINT('',(-5.289387284644,11.353035658832,
    25.807126034172));
#1447 = CARTESIAN_POINT('',(-5.297857389228,11.349433440923,
    25.807126034172));
#1448 = CARTESIAN_POINT('',(-5.306324415573,11.345824003626,
    25.807126034172));
#1449 = CARTESIAN_POINT('',(-5.323872501527,11.33832568233,
    25.807126034172));
#1450 = CARTESIAN_POINT('',(-5.332953092366,11.334435702029,
    25.807126034172));
#1451 = CARTESIAN_POINT('',(-5.342030119713,11.330537413086,
    25.807126034172));
#1452 = CARTESIAN_POINT('',(-5.35110357446,11.32663081941,
    25.807126034172));
#1453 = CARTESIAN_POINT('',(-5.360173447506,11.322715924922,
    25.807126034172));
#1454 = CARTESIAN_POINT('',(-5.369239729754,11.318792733556,
    25.807126034172));
#1455 = CARTESIAN_POINT('',(-5.387358404937,11.31093266695,
    25.807126034172));
#1456 = CARTESIAN_POINT('',(-5.396410803184,11.306995803948,
    25.807126034172));
#1457 = CARTESIAN_POINT('',(-5.405459597784,11.30305066419,
    25.807126034172));
#1458 = CARTESIAN_POINT('',(-5.414504779672,11.299097251626,
    25.807126034172));
#1459 = CARTESIAN_POINT('',(-5.423546339785,11.295135570218,
    25.807126034172));
#1460 = CARTESIAN_POINT('',(-5.432584269071,11.291165623941,
    25.807126034172));
#1461 = CARTESIAN_POINT('',(-5.450646467532,11.283212019184,
    25.807126034172));
#1462 = CARTESIAN_POINT('',(-5.459670741847,11.279228372368,
    25.807126034172));
#1463 = CARTESIAN_POINT('',(-5.468691372394,11.275236480314,
    25.807126034172));
#1464 = CARTESIAN_POINT('',(-5.477708350148,11.271236347011,
    25.807126034172));
#1465 = CARTESIAN_POINT('',(-5.48672166609,11.267227976464,
    25.807126034172));
#1466 = CARTESIAN_POINT('',(-5.495731311207,11.263211372688,
    25.807126034172));
#1467 = CARTESIAN_POINT('',(-5.512185882751,11.255857702085,
    25.807126034172));
#1468 = CARTESIAN_POINT('',(-5.519631971813,11.252523235251,
    25.807126034172));
#1469 = CARTESIAN_POINT('',(-5.527075538578,11.24918314149,
    25.807126034172));
#1470 = CARTESIAN_POINT('',(-5.534516577953,11.245837423087,
    25.807126034172));
#1471 = CARTESIAN_POINT('',(-5.541955084846,11.242486082332,
    25.807126034172));
#1472 = CARTESIAN_POINT('',(-5.549391054169,11.239129121521,
    25.807126034172));
#1473 = CARTESIAN_POINT('',(-5.565801231257,11.231705827771,
    25.807126034172));
#1474 = CARTESIAN_POINT('',(-5.574774273609,11.227636919965,
    25.807126034172));
#1475 = CARTESIAN_POINT('',(-5.583743598934,11.223559823591,
    25.807126034172));
#1476 = CARTESIAN_POINT('',(-5.592709198281,11.219474542716,
    25.807126034172));
#1477 = CARTESIAN_POINT('',(-5.601671062704,11.215381081419,
    25.807126034172));
#1478 = CARTESIAN_POINT('',(-5.610629183261,11.21127944379,
    25.807126034172));
#1479 = CARTESIAN_POINT('',(-5.626989872358,11.203770335035,
    25.807126034172));
#1480 = CARTESIAN_POINT('',(-5.634393626315,11.200365445315,
    25.807126034172));
#1481 = CARTESIAN_POINT('',(-5.641794807832,11.196954967092,
    25.807126034172));
#1482 = CARTESIAN_POINT('',(-5.649193411857,11.193538902696,
    25.807126034172));
#1483 = CARTESIAN_POINT('',(-5.65658943334,11.190117254459,
    25.807126034172));
#1484 = CARTESIAN_POINT('',(-5.663982867232,11.186690024719,
    25.807126034172));
#1485 = CARTESIAN_POINT('',(-5.680299499877,11.179111471781,
    25.807126034172));
#1486 = CARTESIAN_POINT('',(-5.689221509913,11.174957590551,
    25.807126034172));
#1487 = CARTESIAN_POINT('',(-5.698139729709,11.170795576263,
    25.807126034172));
#1488 = CARTESIAN_POINT('',(-5.707054150383,11.166625433059,
    25.807126034172));
#1489 = CARTESIAN_POINT('',(-5.715964763061,11.162447165092,
    25.807126034172));
#1490 = CARTESIAN_POINT('',(-5.724871558871,11.158260776528,
    25.807126034172));
#1491 = CARTESIAN_POINT('',(-5.742059014903,11.150163156373,
    25.807126034172));
#1492 = CARTESIAN_POINT('',(-5.750340188204,11.146253013297,
    25.807126034172));
#1493 = CARTESIAN_POINT('',(-5.758618041711,11.142335845685,
    25.807126034172));
#1494 = CARTESIAN_POINT('',(-5.766892568287,11.138411656912,
    25.807126034172));
#1495 = CARTESIAN_POINT('',(-5.775163760797,11.134480450363,
    25.807126034172));
#1496 = CARTESIAN_POINT('',(-5.783431612114,11.130542229432,
    25.807126034172));
#1497 = CARTESIAN_POINT('',(-5.79965066163,11.122799729762,
    25.807126034172));
#1498 = CARTESIAN_POINT('',(-5.807602106275,11.11899596705,
    25.807126034172));
#1499 = CARTESIAN_POINT('',(-5.815550442692,11.115185712418,
    25.807126034172));
#1500 = CARTESIAN_POINT('',(-5.823495664532,11.111368968907,
    25.807126034172));
#1501 = CARTESIAN_POINT('',(-5.83143776545,11.107545739568,
    25.807126034172));
#1502 = CARTESIAN_POINT('',(-5.839376739104,11.103716027457,
    25.807126034172));
#1503 = CARTESIAN_POINT('',(-5.856159878205,11.095603043769,
    25.807126034172));
#1504 = CARTESIAN_POINT('',(-5.865003282506,11.091318198282,
    25.807126034172));
#1505 = CARTESIAN_POINT('',(-5.873842783276,11.087025303426,
    25.807126034172));
#1506 = CARTESIAN_POINT('',(-5.882678371738,11.082724363459,
    25.807126034172));
#1507 = CARTESIAN_POINT('',(-5.891510039122,11.078415382654,
    25.807126034172));
#1508 = CARTESIAN_POINT('',(-5.900337776662,11.074098365292,
    25.807126034172));
#1509 = CARTESIAN_POINT('',(-5.917981206126,11.065450309224,
    25.807126034172));
#1510 = CARTESIAN_POINT('',(-5.926796901769,11.061119278105,
    25.807126034172));
#1511 = CARTESIAN_POINT('',(-5.935608653784,11.056780226601,
    25.807126034172));
#1512 = CARTESIAN_POINT('',(-5.94441645343,11.052433159013,
    25.807126034172));
#1513 = CARTESIAN_POINT('',(-5.953220291971,11.048078079652,
    25.807126034172));
#1514 = CARTESIAN_POINT('',(-5.962020160679,11.043714992844,
    25.807126034172));
#1515 = CARTESIAN_POINT('',(-5.978092458151,11.035727915216,
    25.807126034172));
#1516 = CARTESIAN_POINT('',(-5.98536614277,11.032106450627,
    25.807126034172));
#1517 = CARTESIAN_POINT('',(-5.99263709975,11.028479511612,
    25.807126034172));
#1518 = CARTESIAN_POINT('',(-5.999905324155,11.024847100632,
    25.807126034172));
#1519 = CARTESIAN_POINT('',(-6.007170811052,11.021209220154,
    25.807126034172));
#1520 = CARTESIAN_POINT('',(-6.014433555512,11.017565872649,
    25.807126034172));
#1521 = CARTESIAN_POINT('',(-6.03016039763,11.009661697157,
    25.807126034172));
#1522 = CARTESIAN_POINT('',(-6.038623505966,11.005398901395,
    25.807126034172));
#1523 = CARTESIAN_POINT('',(-6.0470828698,11.001128677237,
    25.807126034172));
#1524 = CARTESIAN_POINT('',(-6.055538481321,10.996851028623,
    25.807126034172));
#1525 = CARTESIAN_POINT('',(-6.063990332725,10.992565959501,
    25.807126034172));
#1526 = CARTESIAN_POINT('',(-6.072438416211,10.988273473834,
    25.807126034172));
#1527 = CARTESIAN_POINT('',(-6.089625290933,10.97952180177,
    25.807126034172));
#1528 = CARTESIAN_POINT('',(-6.098363810736,10.975062082491,
    25.807126034172));
#1529 = CARTESIAN_POINT('',(-6.107098274745,10.97059442216,
    25.807126034172));
#1530 = CARTESIAN_POINT('',(-6.115828674314,10.966118825193,
    25.807126034172));
#1531 = CARTESIAN_POINT('',(-6.124555000805,10.961635296021,
    25.807126034172));
#1532 = CARTESIAN_POINT('',(-6.133277245587,10.957143839084,
    25.807126034172));
#1533 = CARTESIAN_POINT('',(-6.150710445429,10.948146683149,
    25.807126034172));
#1534 = CARTESIAN_POINT('',(-6.159421403406,10.9436409898,
    25.807126034172));
#1535 = CARTESIAN_POINT('',(-6.168128265347,10.939127383238,
    25.807126034172));
#1536 = CARTESIAN_POINT('',(-6.176831022642,10.934605867924,
    25.807126034172));
#1537 = CARTESIAN_POINT('',(-6.185529666685,10.930076448329,
    25.807126034172));
#1538 = CARTESIAN_POINT('',(-6.194224188877,10.925539128938,
    25.807126034172));
#1539 = CARTESIAN_POINT('',(-6.2113026098,10.916606840042,
    25.807126034172));
#1540 = CARTESIAN_POINT('',(-6.21968679095,10.912212410379,
    25.807126034172));
#1541 = CARTESIAN_POINT('',(-6.228067116348,10.907810629297,
    25.807126034172));
#1542 = CARTESIAN_POINT('',(-6.236443578275,10.903401500849,
    25.807126034172));
#1543 = CARTESIAN_POINT('',(-6.244816169015,10.898985029096,
    25.807126034172));
#1544 = CARTESIAN_POINT('',(-6.253184880856,10.894561218111,
    25.807126034172));
#1545 = CARTESIAN_POINT('',(-6.269613511702,10.885858386672,
    25.807126034172));
#1546 = CARTESIAN_POINT('',(-6.277673705404,10.88157988465,
    25.807126034172));
#1547 = CARTESIAN_POINT('',(-6.285730280295,10.877294569567,
    25.807126034172));
#1548 = CARTESIAN_POINT('',(-6.293783229478,10.873002445091,
    25.807126034172));
#1549 = CARTESIAN_POINT('',(-6.301832546058,10.868703514896,
    25.807126034172));
#1550 = CARTESIAN_POINT('',(-6.309878223148,10.864397782666,
    25.807126034172));
#1551 = CARTESIAN_POINT('',(-6.325960269197,10.855773802266,
    25.807126034172));
#1552 = CARTESIAN_POINT('',(-6.333996639985,10.851455557503,
    25.807126034172));
#1553 = CARTESIAN_POINT('',(-6.342029359345,10.847130521494,
    25.807126034172));
#1554 = CARTESIAN_POINT('',(-6.350058420404,10.842798697937,
    25.807126034172));
#1555 = CARTESIAN_POINT('',(-6.358083816291,10.838460090541,
    25.807126034172));
#1556 = CARTESIAN_POINT('',(-6.366105540141,10.834114703019,
    25.807126034172));
#1557 = CARTESIAN_POINT('',(-6.382733559364,10.825089078224,
    25.807126034172));
#1558 = CARTESIAN_POINT('',(-6.3913392915,10.820407803486,
    25.807126034172));
#1559 = CARTESIAN_POINT('',(-6.399940773007,10.815718719498,
    25.807126034172));
#1560 = CARTESIAN_POINT('',(-6.408537995397,10.811021830883,
    25.807126034172));
#1561 = CARTESIAN_POINT('',(-6.417130950188,10.806317142275,
    25.807126034172));
#1562 = CARTESIAN_POINT('',(-6.425719628904,10.80160465832,
    25.807126034172));
#1563 = CARTESIAN_POINT('',(-6.442886603733,10.792165106225,
    25.807126034172));
#1564 = CARTESIAN_POINT('',(-6.451464901655,10.787438041377,
    25.807126034172));
#1565 = CARTESIAN_POINT('',(-6.460038908379,10.782703193786,
    25.807126034172));
#1566 = CARTESIAN_POINT('',(-6.468608615447,10.777960568119,
    25.807126034172));
#1567 = CARTESIAN_POINT('',(-6.477174014406,10.773210169054,
    25.807126034172));
#1568 = CARTESIAN_POINT('',(-6.485735096812,10.76845200128,
    25.807126034172));
#1569 = CARTESIAN_POINT('',(-6.502847059664,10.758921002136,
    25.807126034172));
#1570 = CARTESIAN_POINT('',(-6.511397941679,10.754148173581,
    25.807126034172));
#1571 = CARTESIAN_POINT('',(-6.519944491836,10.749367588532,
    25.807126034172));
#1572 = CARTESIAN_POINT('',(-6.528486701708,10.7445792517,
    25.807126034172));
#1573 = CARTESIAN_POINT('',(-6.537024562873,10.739783167806,
    25.807126034172));
#1574 = CARTESIAN_POINT('',(-6.545558066917,10.734979341582,
    25.807126034172));
#1575 = CARTESIAN_POINT('',(-6.562615051293,10.72535694319,
    25.807126034172));
#1576 = CARTESIAN_POINT('',(-6.571138532947,10.720538373366,
    25.807126034172));
#1577 = CARTESIAN_POINT('',(-6.579657641991,10.715712073045,
    25.807126034172));
#1578 = CARTESIAN_POINT('',(-6.588172370024,10.710878046978,
    25.807126034172));
#1579 = CARTESIAN_POINT('',(-6.596682708656,10.70603629993,
    25.807126034172));
#1580 = CARTESIAN_POINT('',(-6.6051886495,10.701186836678,
    25.807126034172));
#1581 = CARTESIAN_POINT('',(-6.62189757719,10.691640539052,
    25.807126034172));
#1582 = CARTESIAN_POINT('',(-6.630100863655,10.686944229056,
    25.807126034172));
#1583 = CARTESIAN_POINT('',(-6.638300036036,10.682240736329,
    25.807126034172));
#1584 = CARTESIAN_POINT('',(-6.6464950868,10.677530065189,
    25.807126034172));
#1585 = CARTESIAN_POINT('',(-6.654686008418,10.672812219962,
    25.807126034172));
#1586 = CARTESIAN_POINT('',(-6.662872793369,10.668087204986,
    25.807126034172));
#1587 = CARTESIAN_POINT('',(-6.679529539336,10.658454284678,
    25.807126034172));
#1588 = CARTESIAN_POINT('',(-6.687999199862,10.653545859794,
    25.807126034172));
#1589 = CARTESIAN_POINT('',(-6.696464407369,10.648629754784,
    25.807126034172));
#1590 = CARTESIAN_POINT('',(-6.704925153514,10.643705974487,
    25.807126034172));
#1591 = CARTESIAN_POINT('',(-6.713381429962,10.638774523755,
    25.807126034172));
#1592 = CARTESIAN_POINT('',(-6.721833228385,10.63383540745,
    25.807126034172));
#1593 = CARTESIAN_POINT('',(-6.738727316417,10.623942167392,
    25.807126034172));
#1594 = CARTESIAN_POINT('',(-6.747169606596,10.618988044613,
    25.807126034172));
#1595 = CARTESIAN_POINT('',(-6.755607402677,10.614026266979,
    25.807126034172));
#1596 = CARTESIAN_POINT('',(-6.764040696345,10.609056839374,
    25.807126034172));
#1597 = CARTESIAN_POINT('',(-6.772469479294,10.604079766694,
    25.807126034172));
#1598 = CARTESIAN_POINT('',(-6.780893743224,10.599095053845,
    25.807126034172));
#1599 = CARTESIAN_POINT('',(-6.797442607515,10.589282669567,
    25.807126034172));
#1600 = CARTESIAN_POINT('',(-6.805567515005,10.584455516106,
    25.807126034172));
#1601 = CARTESIAN_POINT('',(-6.813688194847,10.579621249789,
    25.807126034172));
#1602 = CARTESIAN_POINT('',(-6.821804639581,10.574779875051,
    25.807126034172));
#1603 = CARTESIAN_POINT('',(-6.829916841754,10.569931396337,
    25.807126034172));
#1604 = CARTESIAN_POINT('',(-6.838024793921,10.565075818104,
    25.807126034172));
#1605 = CARTESIAN_POINT('',(-6.854232141871,10.555350496423,
    25.807126034172));
#1606 = CARTESIAN_POINT('',(-6.862331537698,10.550480753048,
    25.807126034172));
#1607 = CARTESIAN_POINT('',(-6.87042666868,10.545603919155,
    25.807126034172));
#1608 = CARTESIAN_POINT('',(-6.878517527382,10.54071999922,
    25.807126034172));
#1609 = CARTESIAN_POINT('',(-6.886604106373,10.535828997727,
    25.807126034172));
#1610 = CARTESIAN_POINT('',(-6.894686398232,10.53093091917,
    25.807126034172));
#1611 = CARTESIAN_POINT('',(-6.911131086456,10.520945315347,
    25.807126034172));
#1612 = CARTESIAN_POINT('',(-6.919493170377,10.515857275525,
    25.807126034172));
#1613 = CARTESIAN_POINT('',(-6.927850639061,10.510761653592,
    25.807126034172));
#1614 = CARTESIAN_POINT('',(-6.936203484275,10.505658454565,
    25.807126034172));
#1615 = CARTESIAN_POINT('',(-6.944551697789,10.500547683468,
    25.807126034172));
#1616 = CARTESIAN_POINT('',(-6.952895271383,10.495429345341,
    25.807126034172));
#1617 = CARTESIAN_POINT('',(-6.968710841474,10.485707585285,
    25.807126034172));
#1618 = CARTESIAN_POINT('',(-6.976183749545,10.481105646383,
    25.807126034172));
#1619 = CARTESIAN_POINT('',(-6.983652915135,10.476497632166,
    25.807126034172));
#1620 = CARTESIAN_POINT('',(-6.991118332329,10.471883546278,
    25.807126034172));
#1621 = CARTESIAN_POINT('',(-6.998579995215,10.467263392375,
    25.807126034172));
#1622 = CARTESIAN_POINT('',(-7.006037897886,10.462637174117,
    25.807126034172));
#1623 = CARTESIAN_POINT('',(-7.021806895886,10.452837729621,
    25.807126034172));
#1624 = CARTESIAN_POINT('',(-7.030117071256,10.447663022927,
    25.807126034172));
#1625 = CARTESIAN_POINT('',(-7.038422552359,10.44248078018,
    25.807126034172));
#1626 = CARTESIAN_POINT('',(-7.046723331009,10.437291006482,
    25.807126034172));
#1627 = CARTESIAN_POINT('',(-7.055019399028,10.432093706947,
    25.807126034172));
#1628 = CARTESIAN_POINT('',(-7.063310748242,10.426888886698,
    25.807126034172));
#1629 = CARTESIAN_POINT('',(-7.079884893024,10.416463648756,
    25.807126034172));
#1630 = CARTESIAN_POINT('',(-7.088167687564,10.41124322943,
    25.807126034172));
#1631 = CARTESIAN_POINT('',(-7.096445745942,10.406015298029,
    25.807126034172));
#1632 = CARTESIAN_POINT('',(-7.104719059995,10.400779859703,
    25.807126034172));
#1633 = CARTESIAN_POINT('',(-7.112987621572,10.395536919609,
    25.807126034172));
#1634 = CARTESIAN_POINT('',(-7.121251422525,10.390286482918,
    25.807126034172));
#1635 = CARTESIAN_POINT('',(-7.137200918767,10.380132592893,
    25.807126034172));
#1636 = CARTESIAN_POINT('',(-7.144887248038,10.375230135503,
    25.807126034172));
#1637 = CARTESIAN_POINT('',(-7.152569435957,10.370321186824,
    25.807126034172));
#1638 = CARTESIAN_POINT('',(-7.160247475957,10.365405751049,
    25.807126034172));
#1639 = CARTESIAN_POINT('',(-7.167921361478,10.360483832377,
    25.807126034172));
#1640 = CARTESIAN_POINT('',(-7.175591085963,10.355555435017,
    25.807126034172));
#1641 = CARTESIAN_POINT('',(-7.191491339998,10.345319294734,
    25.807126034172));
#1642 = CARTESIAN_POINT('',(-7.199721227718,10.340010554708,
    25.807126034172));
#1643 = CARTESIAN_POINT('',(-7.207946297902,10.334694348332,
    25.807126034172));
#1644 = CARTESIAN_POINT('',(-7.216166542436,10.329370680846,
    25.807126034172));
#1645 = CARTESIAN_POINT('',(-7.224381953213,10.324039557498,
    25.807126034172));
#1646 = CARTESIAN_POINT('',(-7.232592522137,10.318700983549,
    25.807126034172));
#1647 = CARTESIAN_POINT('',(-7.249005559984,10.308007902658,
    25.807126034172));
#1648 = CARTESIAN_POINT('',(-7.257208027016,10.302653392814,
    25.807126034172));
#1649 = CARTESIAN_POINT('',(-7.265405634114,10.29729144001,
    25.807126034172));
#1650 = CARTESIAN_POINT('',(-7.273598373189,10.291922049531,
    25.807126034172));
#1651 = CARTESIAN_POINT('',(-7.281786236157,10.286545226673,
    25.807126034172));
#1652 = CARTESIAN_POINT('',(-7.289969214944,10.281160976744,
    25.807126034172));
#1653 = CARTESIAN_POINT('',(-7.306327223381,10.270376423356,
    25.807126034172));
#1654 = CARTESIAN_POINT('',(-7.314502250836,10.264976116566,
    25.807126034172));
#1655 = CARTESIAN_POINT('',(-7.322672375772,10.259568390013,
    25.807126034172));
#1656 = CARTESIAN_POINT('',(-7.330837590124,10.254153249029,
    25.807126034172));
#1657 = CARTESIAN_POINT('',(-7.338997885833,10.248730698958,
    25.807126034172));
#1658 = CARTESIAN_POINT('',(-7.347153254847,10.243300745154,
    25.807126034172));
#1659 = CARTESIAN_POINT('',(-7.362050430509,10.233362478348,
    25.807126034172));
#1660 = CARTESIAN_POINT('',(-7.368793790539,10.228856494243,
    25.807126034172));
#1661 = CARTESIAN_POINT('',(-7.375533764652,10.224345443712,
    25.807126034172));
#1662 = CARTESIAN_POINT('',(-7.382270348287,10.219829329804,
    25.807126034172));
#1663 = CARTESIAN_POINT('',(-7.38900353689,10.215308155572,
    25.807126034172));
#1664 = CARTESIAN_POINT('',(-7.395733325907,10.210781924075,
    25.807126034172));
#1665 = CARTESIAN_POINT('',(-7.410309127153,10.200962813085,
    25.807126034172));
#1666 = CARTESIAN_POINT('',(-7.418153907787,10.195668105015,
    25.807126034172));
#1667 = CARTESIAN_POINT('',(-7.425994045463,10.190366519034,
    25.807126034172));
#1668 = CARTESIAN_POINT('',(-7.43382953296,10.185058060021,
    25.807126034172));
#1669 = CARTESIAN_POINT('',(-7.44166036306,10.179742732864,
    25.807126034172));
#1670 = CARTESIAN_POINT('',(-7.449486528554,10.174420542461,
    25.807126034172));
#1671 = CARTESIAN_POINT('',(-7.464013995189,10.164522487059,
    25.807126034172));
#1672 = CARTESIAN_POINT('',(-7.470716533911,10.159948438861,
    25.807126034172));
#1673 = CARTESIAN_POINT('',(-7.477415633863,10.155369352216,
    25.807126034172));
#1674 = CARTESIAN_POINT('',(-7.484111290509,10.150785230221,
    25.807126034172));
#1675 = CARTESIAN_POINT('',(-7.490803499316,10.146196075979,
    25.807126034172));
#1676 = CARTESIAN_POINT('',(-7.497492255755,10.141601892599,
    25.807126034172));
#1677 = CARTESIAN_POINT('',(-7.512258082584,10.131443614845,
    25.807126034172));
#1678 = CARTESIAN_POINT('',(-7.520333559492,10.125877203685,
    25.807126034172));
#1679 = CARTESIAN_POINT('',(-7.528403978031,10.120303455211,
    25.807126034172));
#1680 = CARTESIAN_POINT('',(-7.536469330216,10.114722374931,
    25.807126034172));
#1681 = CARTESIAN_POINT('',(-7.54452960807,10.109133968364,
    25.807126034172));
#1682 = CARTESIAN_POINT('',(-7.552584803622,10.103538241039,
    25.807126034172));
#1683 = CARTESIAN_POINT('',(-7.568687917778,10.092330135004,
    25.807126034172));
#1684 = CARTESIAN_POINT('',(-7.576735832708,10.086717751016,
    25.807126034172));
#1685 = CARTESIAN_POINT('',(-7.584778645731,10.081098052079,
    25.807126034172));
#1686 = CARTESIAN_POINT('',(-7.592816348884,10.075471043752,
    25.807126034172));
#1687 = CARTESIAN_POINT('',(-7.60084893421,10.069836731601,
    25.807126034172));
#1688 = CARTESIAN_POINT('',(-7.608876393761,10.064195121207,
    25.807126034172));
#1689 = CARTESIAN_POINT('',(-7.624924176143,10.052895110629,
    25.807126034172));
#1690 = CARTESIAN_POINT('',(-7.632944494966,10.047236704753,
    25.807126034172));
#1691 = CARTESIAN_POINT('',(-7.640959668116,10.041571006126,
    25.807126034172));
#1692 = CARTESIAN_POINT('',(-7.648969687651,10.035898020355,
    25.807126034172));
#1693 = CARTESIAN_POINT('',(-7.656974545635,10.03021775306,
    25.807126034172));
#1694 = CARTESIAN_POINT('',(-7.664974234143,10.024530209868,
    25.807126034172));
#1695 = CARTESIAN_POINT('',(-7.680966612847,10.013138192016,
    25.807126034172));
#1696 = CARTESIAN_POINT('',(-7.688959298694,10.007433711249,
    25.807126034172));
#1697 = CARTESIAN_POINT('',(-7.696946794867,10.001721959766,
    25.807126034172));
#1698 = CARTESIAN_POINT('',(-7.704929093444,9.996002943225,
    25.807126034172));
#1699 = CARTESIAN_POINT('',(-7.712906186512,9.990276667294,
    25.807126034172));
#1700 = CARTESIAN_POINT('',(-7.720878066164,9.984543137652,
    25.807126034172));
#1701 = CARTESIAN_POINT('',(-7.736265172207,9.97345518196,
    25.807126034172));
#1702 = CARTESIAN_POINT('',(-7.743681090023,9.968101715716,
    25.807126034172));
#1703 = CARTESIAN_POINT('',(-7.751092471566,9.962741965858,
    25.807126034172));
#1704 = CARTESIAN_POINT('',(-7.758499310459,9.95737593699,
    25.807126034172));
#1705 = CARTESIAN_POINT('',(-7.765901600332,9.952003633727,
    25.807126034172));
#1706 = CARTESIAN_POINT('',(-7.773299334818,9.946625060691,
    25.807126034172));
#1707 = CARTESIAN_POINT('',(-7.787814960806,9.93605256364,
    25.807126034172));
#1708 = CARTESIAN_POINT('',(-7.79493318027,9.930859090052,
    25.807126034172));
#1709 = CARTESIAN_POINT('',(-7.802047160266,9.925659805889,
    25.807126034172));
#1710 = CARTESIAN_POINT('',(-7.809156895113,9.920454715297,
    25.807126034172));
#1711 = CARTESIAN_POINT('',(-7.816262379134,9.915243822432,
    25.807126034172));
#1712 = CARTESIAN_POINT('',(-7.823363606658,9.910027131453,
    25.807126034172));
#1713 = CARTESIAN_POINT('',(-7.838380207303,9.898976778736,
    25.807126034172));
#1714 = CARTESIAN_POINT('',(-7.846294535025,9.893141695892,
    25.807126034172));
#1715 = CARTESIAN_POINT('',(-7.854203547313,9.887299403789,
    25.807126034172));
#1716 = CARTESIAN_POINT('',(-7.862107236303,9.88144990823,
    25.807126034172));
#1717 = CARTESIAN_POINT('',(-7.870005594136,9.875593215027,
    25.807126034172));
#1718 = CARTESIAN_POINT('',(-7.877898612963,9.869729330005,
    25.807126034172));
#1719 = CARTESIAN_POINT('',(-7.893133757948,9.858389277042,
    25.807126034172));
#1720 = CARTESIAN_POINT('',(-7.9004765914,9.852914059682,25.807126034172
    ));
#1721 = CARTESIAN_POINT('',(-7.907814778962,9.847432611634,
    25.807126034172));
#1722 = CARTESIAN_POINT('',(-7.915148314301,9.841944937621,
    25.807126034172));
#1723 = CARTESIAN_POINT('',(-7.92247719109,9.836451042378,
    25.807126034172));
#1724 = CARTESIAN_POINT('',(-7.929801403009,9.830950930643,
    25.807126034172));
#1725 = CARTESIAN_POINT('',(-7.944715621746,9.819731304199,
    25.807126034172));
#1726 = CARTESIAN_POINT('',(-7.95230527079,9.814011313722,
    25.807126034172));
#1727 = CARTESIAN_POINT('',(-7.959889883821,9.808284641038,
    25.807126034172));
#1728 = CARTESIAN_POINT('',(-7.967469453795,9.802551291459,
    25.807126034172));
#1729 = CARTESIAN_POINT('',(-7.975043973671,9.796811270309,
    25.807126034172));
#1730 = CARTESIAN_POINT('',(-7.982613436417,9.791064582919,
    25.807126034172));
#1731 = CARTESIAN_POINT('',(-7.997746544505,9.779554607544,
    25.807126034172));
#1732 = CARTESIAN_POINT('',(-8.005310184073,9.773791311964,
    25.807126034172));
#1733 = CARTESIAN_POINT('',(-8.012868746676,9.768021353242,
    25.807126034172));
#1734 = CARTESIAN_POINT('',(-8.020422225281,9.762244736738,
    25.807126034172));
#1735 = CARTESIAN_POINT('',(-8.027970612867,9.75646146782,
    25.807126034172));
#1736 = CARTESIAN_POINT('',(-8.035513902417,9.750671551868,
    25.807126034172));
#1737 = CARTESIAN_POINT('',(-8.048439251156,9.740732483856,
    25.807126034172));
#1738 = CARTESIAN_POINT('',(-8.053823808118,9.736586581392,
    25.807126034172));
#1739 = CARTESIAN_POINT('',(-8.059205755249,9.73243728884,
    25.807126034172));
#1740 = CARTESIAN_POINT('',(-8.064585089992,9.728284608169,
    25.807126034172));
#1741 = CARTESIAN_POINT('',(-8.069961809794,9.72412854135,
    25.807126034172));
#1742 = CARTESIAN_POINT('',(-8.0753359121,9.719969090358,25.807126034172
    ));
#1743 = CARTESIAN_POINT('',(-8.092533108814,9.706641472806,
    25.807126034172));
#1744 = CARTESIAN_POINT('',(-8.104346124098,9.697460295178,
    25.807126034172));
#1745 = CARTESIAN_POINT('',(-8.116146412993,9.688262745369,
    25.807126034172));
#1746 = CARTESIAN_POINT('',(-8.127933948324,9.679048844522,
    25.807126034172));
#1747 = CARTESIAN_POINT('',(-8.139708702959,9.669818613834,
    25.807126034172));
#1748 = CARTESIAN_POINT('',(-8.15147064981,9.660572074561,
    25.807126034172));
#1749 = CARTESIAN_POINT('',(-8.169633468152,9.646252776595,
    25.807126034172));
#1750 = CARTESIAN_POINT('',(-8.176043349764,9.64119145166,
    25.807126034172));
#1751 = CARTESIAN_POINT('',(-8.182449402271,9.636125276676,
    25.807126034172));
#1752 = CARTESIAN_POINT('',(-8.188851621276,9.631054255115,
    25.807126034172));
#1753 = CARTESIAN_POINT('',(-8.19525000239,9.625978390452,
    25.807126034172));
#1754 = CARTESIAN_POINT('',(-8.201644541224,9.620897686171,
    25.807126034172));
#1755 = CARTESIAN_POINT('',(-8.214962728902,9.610299431732,
    25.807126034172));
#1756 = CARTESIAN_POINT('',(-8.221885704383,9.604781035005,
    25.807126034172));
#1757 = CARTESIAN_POINT('',(-8.228804154256,9.599256960016,
    25.807126034172));
#1758 = CARTESIAN_POINT('',(-8.235718072942,9.593727211214,
    25.807126034172));
#1759 = CARTESIAN_POINT('',(-8.242627454869,9.588191793055,
    25.807126034172));
#1760 = CARTESIAN_POINT('',(-8.249532294469,9.582650709998,
    25.807126034172));
#1761 = CARTESIAN_POINT('',(-8.263071784807,9.571767100589,
    25.807126034172));
#1762 = CARTESIAN_POINT('',(-8.269706773199,9.566424994489,
    25.807126034172));
#1763 = CARTESIAN_POINT('',(-8.276337546403,9.561077652196,
    25.807126034172));
#1764 = CARTESIAN_POINT('',(-8.282964099471,9.555725077696,
    25.807126034172));
#1765 = CARTESIAN_POINT('',(-8.289586427458,9.55036727498,
    25.807126034172));
#1766 = CARTESIAN_POINT('',(-8.296204525424,9.545004248046,
    25.807126034172));
#1767 = CARTESIAN_POINT('',(-8.310495937549,9.533404395998,
    25.807126034172));
#1768 = CARTESIAN_POINT('',(-8.318167779981,9.527165756762,
    25.807126034172));
#1769 = CARTESIAN_POINT('',(-8.325833908012,9.520920089452,
    25.807126034172));
#1770 = CARTESIAN_POINT('',(-8.33349431393,9.514667400341,
    25.807126034172));
#1771 = CARTESIAN_POINT('',(-8.341148990032,9.508407695713,
    25.807126034172));
#1772 = CARTESIAN_POINT('',(-8.348797928625,9.502140981863,
    25.807126034172));
#1773 = CARTESIAN_POINT('',(-8.374387331291,9.481136585374,
    25.807126034172));
#1774 = CARTESIAN_POINT('',(-8.392301866736,9.466367297877,
    25.807126034172));
#1775 = CARTESIAN_POINT('',(-8.410184628876,9.451559484221,
    25.807126034172));
#1776 = CARTESIAN_POINT('',(-8.428035518491,9.436713226341,
    25.807126034172));
#1777 = CARTESIAN_POINT('',(-8.445854436625,9.421828606492,
    25.807126034172));
#1778 = CARTESIAN_POINT('',(-8.46364128459,9.406905707247,
    25.807126034172));
#1779 = CARTESIAN_POINT('',(-8.487670782262,9.386657095153,
    25.807126034172));
#1780 = CARTESIAN_POINT('',(-8.493941582576,9.381364807905,
    25.807126034172));
#1781 = CARTESIAN_POINT('',(-8.500208360557,9.376067753417,
    25.807126034172));
#1782 = CARTESIAN_POINT('',(-8.506471111863,9.370765935353,
    25.807126034172));
#1783 = CARTESIAN_POINT('',(-8.512729832159,9.365459357382,
    25.807126034172));
#1784 = CARTESIAN_POINT('',(-8.518984517112,9.360148023177,
    25.807126034172));
#1785 = CARTESIAN_POINT('',(-8.536445867012,9.345297388274,
    25.807126034172));
#1786 = CARTESIAN_POINT('',(-8.547643577054,9.335747552392,
    25.807126034172));
#1787 = CARTESIAN_POINT('',(-8.55882826755,9.326182449997,
    25.807126034172));
#1788 = CARTESIAN_POINT('',(-8.569999913574,9.316602102366,
    25.807126034172));
#1789 = CARTESIAN_POINT('',(-8.581158490241,9.307006530824,
    25.807126034172));
#1790 = CARTESIAN_POINT('',(-8.592303972713,9.297395756749,
    25.807126034172));
#1791 = CARTESIAN_POINT('',(-8.610952908346,9.281270356344,
    25.807126034172));
#1792 = CARTESIAN_POINT('',(-8.618463499615,9.274763990129,
    25.807126034172));
#1793 = CARTESIAN_POINT('',(-8.625968102367,9.268250709518,
    25.807126034172));
#1794 = CARTESIAN_POINT('',(-8.633466708978,9.261730521119,
    25.807126034172));
#1795 = CARTESIAN_POINT('',(-8.640959311835,9.255203431548,
    25.807126034172));
#1796 = CARTESIAN_POINT('',(-8.648445903332,9.248669447433,
    25.807126034172));
#1797 = CARTESIAN_POINT('',(-8.66341430113,9.23558136175,25.807126034172
    ));
#1798 = CARTESIAN_POINT('',(-8.670896095753,9.229027246819,
    25.807126034172));
#1799 = CARTESIAN_POINT('',(-8.678371852125,9.222466237277,
    25.807126034172));
#1800 = CARTESIAN_POINT('',(-8.685841562636,9.215898339791,
    25.807126034172));
#1801 = CARTESIAN_POINT('',(-8.693305219686,9.20932356104,
    25.807126034172));
#1802 = CARTESIAN_POINT('',(-8.700762815684,9.202741907711,
    25.807126034172));
#1803 = CARTESIAN_POINT('',(-8.716702753317,9.188648070034,
    25.807126034172));
#1804 = CARTESIAN_POINT('',(-8.725183288542,9.181133841368,
    25.807126034172));
#1805 = CARTESIAN_POINT('',(-8.733655937514,9.17361071041,
    25.807126034172));
#1806 = CARTESIAN_POINT('',(-8.742120689042,9.166078687082,
    25.807126034172));
#1807 = CARTESIAN_POINT('',(-8.750577531949,9.158537781321,
    25.807126034172));
#1808 = CARTESIAN_POINT('',(-8.759026455076,9.150988003084,
    25.807126034172));
#1809 = CARTESIAN_POINT('',(-8.778481314375,9.133566793752,
    25.807126034172));
#1810 = CARTESIAN_POINT('',(-8.7894816789,9.123689136556,25.807126034172
    ));
#1811 = CARTESIAN_POINT('',(-8.800468516092,9.113796412912,
    25.807126034172));
#1812 = CARTESIAN_POINT('',(-8.811441801239,9.103888645027,
    25.807126034172));
#1813 = CARTESIAN_POINT('',(-8.822401509674,9.093965855157,
    25.807126034172));
#1814 = CARTESIAN_POINT('',(-8.833347616774,9.084028065611,
    25.807126034172));
#1815 = CARTESIAN_POINT('',(-8.851408321506,9.067585870973,
    25.807126034172));
#1816 = CARTESIAN_POINT('',(-8.85853075222,9.061090075842,
    25.807126034172));
#1817 = CARTESIAN_POINT('',(-8.865647383293,9.054587919552,
    25.807126034172));
#1818 = CARTESIAN_POINT('',(-8.872758207921,9.04807940831,
    25.807126034172));
#1819 = CARTESIAN_POINT('',(-8.879863219308,9.041564548331,
    25.807126034172));
#1820 = CARTESIAN_POINT('',(-8.886962410668,9.03504334584,
    25.807126034172));
#1821 = CARTESIAN_POINT('',(-8.900649302354,9.022448234529,
    25.807126034172));
#1822 = CARTESIAN_POINT('',(-8.907237794926,9.016375187225,
    25.807126034172));
#1823 = CARTESIAN_POINT('',(-8.913821247492,9.010296670165,
    25.807126034172));
#1824 = CARTESIAN_POINT('',(-8.920399654613,9.004212688365,
    25.807126034172));
#1825 = CARTESIAN_POINT('',(-8.926973010856,8.998123246843,
    25.807126034172));
#1826 = CARTESIAN_POINT('',(-8.933541310796,8.992028350628,
    25.807126034172));
#1827 = CARTESIAN_POINT('',(-8.955276459549,8.971826139363,
    25.807126034172));
#1828 = CARTESIAN_POINT('',(-8.970421321623,8.957695152482,
    25.807126034172));
#1829 = CARTESIAN_POINT('',(-8.985539068284,8.943535106293,
    25.807126034172));
#1830 = CARTESIAN_POINT('',(-9.000629632764,8.929346063172,
    25.807126034172));
#1831 = CARTESIAN_POINT('',(-9.015692948469,8.915128085685,
    25.807126034172));
#1832 = CARTESIAN_POINT('',(-9.03072894899,8.900881236592,
    25.807126034172));
#1833 = CARTESIAN_POINT('',(-9.061537145607,8.871577589952,
    25.807126034172));
#1834 = CARTESIAN_POINT('',(-9.077306379641,8.856517675944,
    25.807126034172));
#1835 = CARTESIAN_POINT('',(-9.093045192931,8.841425910256,
    25.807126034172));
#1836 = CARTESIAN_POINT('',(-9.108753508435,8.826302366557,
    25.807126034172));
#1837 = CARTESIAN_POINT('',(-9.124431249335,8.811147118749,
    25.807126034172));
#1838 = CARTESIAN_POINT('',(-9.140078339036,8.795960240967,
    25.807126034172));
#1839 = CARTESIAN_POINT('',(-9.178329185313,8.758684084633,
    25.807126034172));
#1840 = CARTESIAN_POINT('',(-9.200899117467,8.736560070158,
    25.807126034172));
#1841 = CARTESIAN_POINT('',(-9.22340426508,8.714369990599,
    25.807126034172));
#1842 = CARTESIAN_POINT('',(-9.245844396603,8.692114073414,
    25.807126034172));
#1843 = CARTESIAN_POINT('',(-9.268219281488,8.669792547073,
    25.807126034172));
#1844 = CARTESIAN_POINT('',(-9.290528690186,8.647405641056,
    25.807126034172));
#1845 = CARTESIAN_POINT('',(-9.330685953709,8.606872234451,
    25.807126034172));
#1846 = CARTESIAN_POINT('',(-9.348556899867,8.588748629945,
    25.807126034172));
#1847 = CARTESIAN_POINT('',(-9.366385113254,8.570582892726,
    25.807126034172));
#1848 = CARTESIAN_POINT('',(-9.384170474929,8.552375143599,
    25.807126034172));
#1849 = CARTESIAN_POINT('',(-9.401912866377,8.534125503791,
    25.807126034172));
#1850 = CARTESIAN_POINT('',(-9.419612169508,8.515834094945,
    25.807126034172));
#1851 = CARTESIAN_POINT('',(-9.478646330957,8.454536483838,
    25.807126034172));
#1852 = CARTESIAN_POINT('',(-9.519787096997,8.411343192512,
    25.807126034172));
#1853 = CARTESIAN_POINT('',(-9.560689050184,8.367922736431,
    25.807126034172));
#1854 = CARTESIAN_POINT('',(-9.601350689103,8.324276699215,
    25.807126034172));
#1855 = CARTESIAN_POINT('',(-9.641770525527,8.280406676821,
    25.807126034172));
#1856 = CARTESIAN_POINT('',(-9.681947084419,8.236314277544,
    25.807126034172));
#1857 = CARTESIAN_POINT('',(-9.751965010765,8.158613954899,
    25.807126034172));
#1858 = CARTESIAN_POINT('',(-9.781912187166,8.125101471613,
    25.807126034172));
#1859 = CARTESIAN_POINT('',(-9.811719807931,8.091464365272,
    25.807126034172));
#1860 = CARTESIAN_POINT('',(-9.841387252222,8.057703332839,
    25.807126034172));
#1861 = CARTESIAN_POINT('',(-9.870913903563,8.023819075129,
    25.807126034172));
#1862 = CARTESIAN_POINT('',(-9.900299149844,7.989812296809,
    25.807126034172));
#1863 = CARTESIAN_POINT('',(-9.997950791563,7.875847030737,
    25.807126034172));
#1864 = CARTESIAN_POINT('',(-10.06558206793,7.7953437633,25.807126034172
    ));
#1865 = CARTESIAN_POINT('',(-10.13242843017,7.714182976754,
    25.807126034172));
#1866 = CARTESIAN_POINT('',(-10.19848223141,7.632373853597,
    25.807126034172));
#1867 = CARTESIAN_POINT('',(-10.26373596013,7.549925686163,
    25.807126034172));
#1868 = CARTESIAN_POINT('',(-10.32818224019,7.466847876623,
    25.807126034172));
#1869 = CARTESIAN_POINT('',(-10.45667814348,7.297830533907,
    25.807126034172));
#1870 = CARTESIAN_POINT('',(-10.52069589862,7.211866736373,
    25.807126034172));
#1871 = CARTESIAN_POINT('',(-10.5838594264,7.125268620196,
    25.807126034172));
#1872 = CARTESIAN_POINT('',(-10.6461612099,7.038046371024,
    25.807126034172));
#1873 = CARTESIAN_POINT('',(-10.70759388512,6.950210284341,
    25.807126034172));
#1874 = CARTESIAN_POINT('',(-10.76815024094,6.861770765462,
    25.807126034172));
#1875 = CARTESIAN_POINT('',(-10.88913453059,6.681261490849,
    25.807126034172));
#1876 = CARTESIAN_POINT('',(-10.94951329537,6.589158725785,
    25.807126034172));
#1877 = CARTESIAN_POINT('',(-11.00895185783,6.496441439884,
    25.807126034172));
#1878 = CARTESIAN_POINT('',(-11.06744273978,6.403121150649,
    25.807126034172));
#1879 = CARTESIAN_POINT('',(-11.1249786405,6.309209487543,
    25.807126034172));
#1880 = CARTESIAN_POINT('',(-11.18155243682,6.214718191986,
    25.807126034172));
#1881 = CARTESIAN_POINT('',(-11.29438554261,6.021824395053,
    25.807126034172));
#1882 = CARTESIAN_POINT('',(-11.35058743852,5.923388246116,
    25.807126034172));
#1883 = CARTESIAN_POINT('',(-11.40575529869,5.824363593254,
    25.807126034172));
#1884 = CARTESIAN_POINT('',(-11.45988175759,5.724763472257,
    25.807126034172));
#1885 = CARTESIAN_POINT('',(-11.51295965636,5.624601032005,
    25.807126034172));
#1886 = CARTESIAN_POINT('',(-11.56498204271,5.523889534466,
    25.807126034172));
#1887 = CARTESIAN_POINT('',(-11.62890860687,5.396880742363,
    25.807126034172));
#1888 = CARTESIAN_POINT('',(-11.64180705077,5.37108485834,
    25.807126034172));
#1889 = CARTESIAN_POINT('',(-11.65464170741,5.345257384466,
    25.807126034172));
#1890 = CARTESIAN_POINT('',(-11.66740635721,5.31939502523,
    25.807126034172));
#1891 = CARTESIAN_POINT('',(-11.68010652539,5.293501224923,
    25.807126034172));
#1892 = CARTESIAN_POINT('',(-11.69273879771,5.267574257566,
    25.807126034172));
#1893 = CARTESIAN_POINT('',(-11.74240388294,5.164969812088,
    25.807126034172));
#1894 = CARTESIAN_POINT('',(-11.77891923476,5.088042288375,
    25.807126034172));
#1895 = CARTESIAN_POINT('',(-11.8148476958,5.010837778157,
    25.807126034172));
#1896 = CARTESIAN_POINT('',(-11.85018674769,4.93336164835,
    25.807126034172));
#1897 = CARTESIAN_POINT('',(-11.88493393373,4.855619293813,
    25.807126034172));
#1898 = CARTESIAN_POINT('',(-11.9190868589,4.777616137346,
    25.807126034172));
#1899 = CARTESIAN_POINT('',(-11.99615060705,4.597891663443,
    25.807126034172));
#1900 = CARTESIAN_POINT('',(-12.03865512796,4.49599643821,
    25.807126034172));
#1901 = CARTESIAN_POINT('',(-12.0801516662,4.393683836014,
    25.807126034172));
#1902 = CARTESIAN_POINT('',(-12.12063531357,4.290965808619,
    25.807126034172));
#1903 = CARTESIAN_POINT('',(-12.16010133998,4.18785437754,
    25.807126034172));
#1904 = CARTESIAN_POINT('',(-12.19854519348,4.084361634035,
    25.807126034172));
#1905 = CARTESIAN_POINT('',(-12.27264085427,3.878689008185,
    25.807126034172));
#1906 = CARTESIAN_POINT('',(-12.30833280941,3.776523557619,
    25.807126034172));
#1907 = CARTESIAN_POINT('',(-12.34303424606,3.674014841924,
    25.807126034172));
#1908 = CARTESIAN_POINT('',(-12.37674121253,3.571174370294,
    25.807126034172));
#1909 = CARTESIAN_POINT('',(-12.40944992505,3.468013706611,
    25.807126034172));
#1910 = CARTESIAN_POINT('',(-12.44115676776,3.364544469442,
    25.807126034172));
#1911 = CARTESIAN_POINT('',(-12.50188255666,3.159301226208,
    25.807126034172));
#1912 = CARTESIAN_POINT('',(-12.53094536864,3.057540170091,
    25.807126034172));
#1913 = CARTESIAN_POINT('',(-12.55904350403,2.955506081197,
    25.807126034172));
#1914 = CARTESIAN_POINT('',(-12.58617389437,2.853209918192,
    25.807126034172));
#1915 = CARTESIAN_POINT('',(-12.61233362739,2.750662680907,
    25.807126034172));
#1916 = CARTESIAN_POINT('',(-12.63751994695,2.647875410336,
    25.807126034172));
#1917 = CARTESIAN_POINT('',(-12.68060846869,2.464531313572,
    25.807126034172));
#1918 = CARTESIAN_POINT('',(-12.69889324437,2.384064228551,
    25.807126034172));
#1919 = CARTESIAN_POINT('',(-12.71658334763,2.303463187054,
    25.807126034172));
#1920 = CARTESIAN_POINT('',(-12.73367760441,2.222733454867,
    25.807126034172));
#1921 = CARTESIAN_POINT('',(-12.75017489905,2.141880310071,
    25.807126034172));
#1922 = CARTESIAN_POINT('',(-12.76607417432,2.060909043044,
    25.807126034172));
#1923 = CARTESIAN_POINT('',(-12.7847464002,1.961955125316,
    25.807126034172));
#1924 = CARTESIAN_POINT('',(-12.78808927459,1.944079814474,
    25.807126034172));
#1925 = CARTESIAN_POINT('',(-12.79140304389,1.926199080684,
    25.807126034172));
#1926 = CARTESIAN_POINT('',(-12.79468769753,1.908312980723,
    25.807126034172));
#1927 = CARTESIAN_POINT('',(-12.79794322511,1.890421571389,
    25.807126034172));
#1928 = CARTESIAN_POINT('',(-12.80116961635,1.872524909508,
    25.807126034172));
#1929 = CARTESIAN_POINT('',(-12.80605693322,1.845160082389,
    25.807126034172));
#1930 = CARTESIAN_POINT('',(-12.80773886118,1.835695661063,
    25.807126034172));
#1931 = CARTESIAN_POINT('',(-12.80941264351,1.826229796348,
    25.807126034172));
#1932 = CARTESIAN_POINT('',(-12.81107827874,1.816762496643,
    25.807126034172));
#1933 = CARTESIAN_POINT('',(-12.81273576537,1.807293770348,
    25.807126034172));
#1934 = CARTESIAN_POINT('',(-12.81438510195,1.797823625868,
    25.807126034172));
#1935 = CARTESIAN_POINT('',(-12.81724089811,1.781342347415,
    25.807126034172));
#1936 = CARTESIAN_POINT('',(-12.81845104443,1.774331851057,
    25.807126034172));
#1937 = CARTESIAN_POINT('',(-12.81965672542,1.767320585938,
    25.807126034172));
#1938 = CARTESIAN_POINT('',(-12.82085794048,1.760308555467,
    25.807126034172));
#1939 = CARTESIAN_POINT('',(-12.82205468903,1.753295763051,
    25.807126034172));
#1940 = CARTESIAN_POINT('',(-12.82324697049,1.746282212098,
    25.807126034172));
#1941 = CARTESIAN_POINT('',(-12.82751904136,1.721054678349,
    25.807126034172));
#1942 = CARTESIAN_POINT('',(-12.83057317636,1.702836359427,
    25.807126034172));
#1943 = CARTESIAN_POINT('',(-12.83359717918,1.684613008934,
    25.807126034172));
#1944 = CARTESIAN_POINT('',(-12.83659103989,1.666384686577,
    25.807126034172));
#1945 = CARTESIAN_POINT('',(-12.8395547487,1.648151452085,
    25.807126034172));
#1946 = CARTESIAN_POINT('',(-12.84248829596,1.629913365214,
    25.807126034172));
#1947 = CARTESIAN_POINT('',(-12.84667416087,1.603612182283,
    25.807126034172));
#1948 = CARTESIAN_POINT('',(-12.84795076261,1.595552943695,
    25.807126034172));
#1949 = CARTESIAN_POINT('',(-12.84922147657,1.587492775129,
    25.807126034172));
#1950 = CARTESIAN_POINT('',(-12.85048630195,1.57943168174,
    25.807126034172));
#1951 = CARTESIAN_POINT('',(-12.85174523793,1.57136966868,
    25.807126034172));
#1952 = CARTESIAN_POINT('',(-12.85299828371,1.563306741105,
    25.807126034172));
#1953 = CARTESIAN_POINT('',(-12.85505827417,1.549987282072,
    25.807126034172));
#1954 = CARTESIAN_POINT('',(-12.85586860746,1.544731273696,
    25.807126034172));
#1955 = CARTESIAN_POINT('',(-12.85667643815,1.539474880469,
    25.807126034172));
#1956 = CARTESIAN_POINT('',(-12.85748176601,1.534218103818,
    25.807126034172));
#1957 = CARTESIAN_POINT('',(-12.85828459085,1.528960945171,
    25.807126034172));
#1958 = CARTESIAN_POINT('',(-12.85908491242,1.523703405957,
    25.807126034172));
#1959 = CARTESIAN_POINT('',(-12.86078644235,1.512489690173,
    25.807126034172));
#1960 = CARTESIAN_POINT('',(-12.86168694204,1.506533406279,
    25.807126034172));
#1961 = CARTESIAN_POINT('',(-12.86258422927,1.500576637995,
    25.807126034172));
#1962 = CARTESIAN_POINT('',(-12.86347830373,1.494619387397,
    25.807126034172));
#1963 = CARTESIAN_POINT('',(-12.86436916511,1.488661656561,
    25.807126034172));
#1964 = CARTESIAN_POINT('',(-12.8652568131,1.482703447563,
    25.807126034172));
#1965 = CARTESIAN_POINT('',(-12.86764886014,1.466587547163,
    25.807126034172));
#1966 = CARTESIAN_POINT('',(-12.86914713489,1.456428948493,
    25.807126034172));
#1967 = CARTESIAN_POINT('',(-12.87063607012,1.446268976753,
    25.807126034172));
#1968 = CARTESIAN_POINT('',(-12.87211566434,1.436107642229,
    25.807126034172));
#1969 = CARTESIAN_POINT('',(-12.87358591603,1.425944955211,
    25.807126034172));
#1970 = CARTESIAN_POINT('',(-12.87504682372,1.415780925989,
    25.807126034172));
#1971 = CARTESIAN_POINT('',(-12.87784864654,1.396159624007,
    25.807126034172));
#1972 = CARTESIAN_POINT('',(-12.87919082055,1.386702530663,
    25.807126034172));
#1973 = CARTESIAN_POINT('',(-12.88052490681,1.377244293108,
    25.807126034172));
#1974 = CARTESIAN_POINT('',(-12.88185090413,1.367784919629,
    25.807126034172));
#1975 = CARTESIAN_POINT('',(-12.88316881135,1.358324418514,
    25.807126034172));
#1976 = CARTESIAN_POINT('',(-12.88447862734,1.348862798051,
    25.807126034172));
#1977 = CARTESIAN_POINT('',(-12.88712915597,1.329595082087,
    25.807126034172));
#1978 = CARTESIAN_POINT('',(-12.88846927265,1.319788904761,
    25.807126034172));
#1979 = CARTESIAN_POINT('',(-12.88980069972,1.309981543777,
    25.807126034172));
#1980 = CARTESIAN_POINT('',(-12.89112343592,1.300173008361,
    25.807126034172));
#1981 = CARTESIAN_POINT('',(-12.89243748002,1.290363307738,
    25.807126034172));
#1982 = CARTESIAN_POINT('',(-12.89374283078,1.280552451137,
    25.807126034172));
#1983 = CARTESIAN_POINT('',(-12.89596501461,1.263736833353,
    25.807126034172));
#1984 = CARTESIAN_POINT('',(-12.89688611252,1.25673263467,
    25.807126034172));
#1985 = CARTESIAN_POINT('',(-12.89780278026,1.249727855095,
    25.807126034172));
#1986 = CARTESIAN_POINT('',(-12.89871501739,1.242722497985,
    25.807126034172));
#1987 = CARTESIAN_POINT('',(-12.89962282349,1.235716566699,
    25.807126034172));
#1988 = CARTESIAN_POINT('',(-12.90052619812,1.228710064592,
    25.807126034172));
#1989 = CARTESIAN_POINT('',(-12.90299706153,1.209450203735,
    25.807126034172));
#1990 = CARTESIAN_POINT('',(-12.90455543071,1.19719567731,
    25.807126034172));
#1991 = CARTESIAN_POINT('',(-12.90610024609,1.184939433704,
    25.807126034172));
#1992 = CARTESIAN_POINT('',(-12.9076315054,1.172681490875,
    25.807126034172));
#1993 = CARTESIAN_POINT('',(-12.90914920641,1.160421866787,
    25.807126034172));
#1994 = CARTESIAN_POINT('',(-12.91065334689,1.148160579406,
    25.807126034172));
#1995 = CARTESIAN_POINT('',(-12.91380318247,1.122246989354,
    25.807126034172));
#1996 = CARTESIAN_POINT('',(-12.91544563425,1.108594293229,
    25.807126034172));
#1997 = CARTESIAN_POINT('',(-12.91707127702,1.094939583115,
    25.807126034172));
#1998 = CARTESIAN_POINT('',(-12.9186801078,1.081282883804,
    25.807126034172));
#1999 = CARTESIAN_POINT('',(-12.9202721237,1.067624220096,
    25.807126034172));
#2000 = CARTESIAN_POINT('',(-12.92184732183,1.053963616792,
    25.807126034172));
#2001 = CARTESIAN_POINT('',(-12.92436391681,1.031900269896,
    25.807126034172));
#2002 = CARTESIAN_POINT('',(-12.92531577473,1.023498717149,
    25.807126034172));
#2003 = CARTESIAN_POINT('',(-12.92626127247,1.015096446228,
    25.807126034172));
#2004 = CARTESIAN_POINT('',(-12.9272004094,1.006693462902,
    25.807126034172));
#2005 = CARTESIAN_POINT('',(-12.92813318486,0.99828977294,
    25.807126034172));
#2006 = CARTESIAN_POINT('',(-12.92905959822,0.98988538211,
    25.807126034172));
#2007 = CARTESIAN_POINT('',(-12.93082254593,0.973780043432,
    25.807126034172));
#2008 = CARTESIAN_POINT('',(-12.93166010267,0.966079207275,
    25.807126034172));
#2009 = CARTESIAN_POINT('',(-12.93249231858,0.958377792149,
    25.807126034172));
#2010 = CARTESIAN_POINT('',(-12.93331919318,0.95067580249,
    25.807126034172));
#2011 = CARTESIAN_POINT('',(-12.93414072599,0.942973242739,
    25.807126034172));
#2012 = CARTESIAN_POINT('',(-12.93495691655,0.935270117332,
    25.807126034172));
#2013 = CARTESIAN_POINT('',(-12.93643086589,0.921266449443,
    25.807126034172));
#2014 = CARTESIAN_POINT('',(-12.93709039431,0.914966092849,
    25.807126034172));
#2015 = CARTESIAN_POINT('',(-12.93774634938,0.908665363354,
    25.807126034172));
#2016 = CARTESIAN_POINT('',(-12.93839873085,0.902364263387,
    25.807126034172));
#2017 = CARTESIAN_POINT('',(-12.93904753847,0.896062795374,
    25.807126034172));
#2018 = CARTESIAN_POINT('',(-12.939692772,0.889760961746,25.807126034172
    ));
#2019 = CARTESIAN_POINT('',(-12.94104706991,0.876459426981,
    25.807126034172));
#2020 = CARTESIAN_POINT('',(-12.94175529977,0.86945964105,
    25.807126034172));
#2021 = CARTESIAN_POINT('',(-12.94245912043,0.862459410463,
    25.807126034172));
#2022 = CARTESIAN_POINT('',(-12.94315853156,0.855458738548,
    25.807126034172));
#2023 = CARTESIAN_POINT('',(-12.94385353282,0.848457628632,
    25.807126034172));
#2024 = CARTESIAN_POINT('',(-12.9445441239,0.841456084043,
    25.807126034172));
#2025 = CARTESIAN_POINT('',(-12.94622471821,0.824306835332,
    25.807126034172));
#2026 = CARTESIAN_POINT('',(-12.94720986907,0.814158656651,
    25.807126034172));
#2027 = CARTESIAN_POINT('',(-12.94818575603,0.804009582197,
    25.807126034172));
#2028 = CARTESIAN_POINT('',(-12.94915237813,0.793859622099,
    25.807126034172));
#2029 = CARTESIAN_POINT('',(-12.95010973439,0.783708786491,
    25.807126034172));
#2030 = CARTESIAN_POINT('',(-12.95105782386,0.773557085505,
    25.807126034172));
#2031 = CARTESIAN_POINT('',(-12.9528055036,0.754657420385,
    25.807126034172));
#2032 = CARTESIAN_POINT('',(-12.95360748217,0.745909676648,
    25.807126034172));
#2033 = CARTESIAN_POINT('',(-12.95440258074,0.737161304548,
    25.807126034172));
#2034 = CARTESIAN_POINT('',(-12.9551907987,0.728412310568,
    25.807126034172));
#2035 = CARTESIAN_POINT('',(-12.95597213549,0.719662701191,
    25.807126034172));
#2036 = CARTESIAN_POINT('',(-12.95674659052,0.710912482899,
    25.807126034172));
#2037 = CARTESIAN_POINT('',(-12.95834269874,0.692715826433,
    25.807126034172));
#2038 = CARTESIAN_POINT('',(-12.95916321529,0.683269288764,
    25.807126034172));
#2039 = CARTESIAN_POINT('',(-12.95997571216,0.673822057328,
    25.807126034172));
#2040 = CARTESIAN_POINT('',(-12.96078018865,0.664374140282,
    25.807126034172));
#2041 = CARTESIAN_POINT('',(-12.96157664406,0.654925545782,
    25.807126034172));
#2042 = CARTESIAN_POINT('',(-12.96236507772,0.645476281986,
    25.807126034172));
#2043 = CARTESIAN_POINT('',(-12.96375218916,0.628679882077,
    25.807126034172));
#2044 = CARTESIAN_POINT('',(-12.96435404088,0.62133300753,
    25.807126034172));
#2045 = CARTESIAN_POINT('',(-12.96495104379,0.613985737248,
    25.807126034172));
#2046 = CARTESIAN_POINT('',(-12.96554319757,0.606638075063,
    25.807126034172));
#2047 = CARTESIAN_POINT('',(-12.96613050192,0.59929002481,
    25.807126034172));
#2048 = CARTESIAN_POINT('',(-12.96671295653,0.591941590322,
    25.807126034172));
#2049 = CARTESIAN_POINT('',(-12.96781295892,0.577946351324,
    25.807126034172));
#2050 = CARTESIAN_POINT('',(-12.96833138952,0.571299616054,
    25.807126034172));
#2051 = CARTESIAN_POINT('',(-12.96884585268,0.564652572463,
    25.807126034172));
#2052 = CARTESIAN_POINT('',(-12.96935634817,0.558005223388,
    25.807126034172));
#2053 = CARTESIAN_POINT('',(-12.96986287577,0.551357571665,
    25.807126034172));
#2054 = CARTESIAN_POINT('',(-12.97036543527,0.544709620133,
    25.807126034172));
#2055 = CARTESIAN_POINT('',(-12.97159848176,0.528268095179,
    25.807126034172));
#2056 = CARTESIAN_POINT('',(-12.97232432619,0.518474174328,
    25.807126034172));
#2057 = CARTESIAN_POINT('',(-12.97304155906,0.508679618145,
    25.807126034172));
#2058 = CARTESIAN_POINT('',(-12.97375017971,0.4988844357,25.807126034172
    ));
#2059 = CARTESIAN_POINT('',(-12.97445018749,0.489088636065,
    25.807126034172));
#2060 = CARTESIAN_POINT('',(-12.97514158174,0.479292228314,
    25.807126034172));
#2061 = CARTESIAN_POINT('',(-12.97653118309,0.45935325557,
    25.807126034172));
#2062 = CARTESIAN_POINT('',(-12.97722877288,0.449210647649,
    25.807126034172));
#2063 = CARTESIAN_POINT('',(-12.97791713053,0.439067407823,
    25.807126034172));
#2064 = CARTESIAN_POINT('',(-12.97859625533,0.428923546159,
    25.807126034172));
#2065 = CARTESIAN_POINT('',(-12.97926614663,0.418779072726,
    25.807126034172));
#2066 = CARTESIAN_POINT('',(-12.97992680376,0.408633997592,
    25.807126034172));
#2067 = CARTESIAN_POINT('',(-12.98122934588,0.388347375539,
    25.807126034172));
#2068 = CARTESIAN_POINT('',(-12.98187123945,0.378205829168,
    25.807126034172));
#2069 = CARTESIAN_POINT('',(-12.98250390613,0.368063701773,
    25.807126034172));
#2070 = CARTESIAN_POINT('',(-12.9831273453,0.357921003408,
    25.807126034172));
#2071 = CARTESIAN_POINT('',(-12.98374155634,0.347777744133,
    25.807126034172));
#2072 = CARTESIAN_POINT('',(-12.98434653864,0.337633934004,
    25.807126034172));
#2073 = CARTESIAN_POINT('',(-12.9855377862,0.317349632259,
    25.807126034172));
#2074 = CARTESIAN_POINT('',(-12.98612405946,0.307209141111,
    25.807126034172));
#2075 = CARTESIAN_POINT('',(-12.98670111081,0.297068119684,
    25.807126034172));
#2076 = CARTESIAN_POINT('',(-12.98726893967,0.286926578026,
    25.807126034172));
#2077 = CARTESIAN_POINT('',(-12.9878275455,0.276784526185,
    25.807126034172));
#2078 = CARTESIAN_POINT('',(-12.98837692773,0.266641974209,
    25.807126034172));
#2079 = CARTESIAN_POINT('',(-12.98945702614,0.246359980023,
    25.807126034172));
#2080 = CARTESIAN_POINT('',(-12.98998774975,0.236220538208,
    25.807126034172));
#2081 = CARTESIAN_POINT('',(-12.99050925614,0.22608061674,
    25.807126034172));
#2082 = CARTESIAN_POINT('',(-12.99102154479,0.215940225656,
    25.807126034172));
#2083 = CARTESIAN_POINT('',(-12.9915246152,0.205799374995,
    25.807126034172));
#2084 = CARTESIAN_POINT('',(-12.99201846686,0.195658074795,
    25.807126034172));
#2085 = CARTESIAN_POINT('',(-12.99298755108,0.175378376335,
    25.807126034172));
#2086 = CARTESIAN_POINT('',(-12.99346279051,0.165239978402,
    25.807126034172));
#2087 = CARTESIAN_POINT('',(-12.99392881711,0.155101151327,
    25.807126034172));
#2088 = CARTESIAN_POINT('',(-12.99438563042,0.144961905139,
    25.807126034172));
#2089 = CARTESIAN_POINT('',(-12.99483323,0.134822249868,25.807126034172)
  );
#2090 = CARTESIAN_POINT('',(-12.9952716154,0.124682195545,
    25.807126034172));
#2091 = CARTESIAN_POINT('',(-12.99607064258,0.105802789567,
    25.807126034172));
#2092 = CARTESIAN_POINT('',(-12.99643365539,9.706353801256E-02,
    25.807126034172));
#2093 = CARTESIAN_POINT('',(-12.99678982436,8.832400395749E-02,
    25.807126034172));
#2094 = CARTESIAN_POINT('',(-12.99713914924,7.958419382208E-02,
    25.807126034172));
#2095 = CARTESIAN_POINT('',(-12.99748162976,7.084411402724E-02,
    25.807126034172));
#2096 = CARTESIAN_POINT('',(-12.99781726567,6.210377099419E-02,
    25.807126034172));
#2097 = CARTESIAN_POINT('',(-12.99851419662,4.35765206962E-02,
    25.807126034172));
#2098 = CARTESIAN_POINT('',(-12.99887375527,3.37895482827E-02,
    25.807126034172));
#2099 = CARTESIAN_POINT('',(-12.99922473236,2.400226291795E-02,
    25.807126034172));
#2100 = CARTESIAN_POINT('',(-12.99956712755,1.421467361633E-02,
    25.807126034172));
#2101 = CARTESIAN_POINT('',(-12.99990094055,4.426789392632E-03,
    25.807126034172));
#2102 = CARTESIAN_POINT('',(-13.00022617104,-5.361380737931E-03,
    25.807126034172));
#2103 = CARTESIAN_POINT('',(-13.00087068277,-2.52850029147E-02,
    25.807126034172));
#2104 = CARTESIAN_POINT('',(-13.00118934521,-3.542047492455E-02,
    25.807126034172));
#2105 = CARTESIAN_POINT('',(-13.00149880571,-4.555623378127E-02,
    25.807126034172));
#2106 = CARTESIAN_POINT('',(-13.00179906397,-5.569226947641E-02,
    25.807126034172));
#2107 = CARTESIAN_POINT('',(-13.0020901197,-6.582857200115E-02,
    25.807126034172));
#2108 = CARTESIAN_POINT('',(-13.00237197261,-7.596513134625E-02,
    25.807126034172));
#2109 = CARTESIAN_POINT('',(-13.00291720211,-9.623613583737E-02,
    25.807126034172));
#2110 = CARTESIAN_POINT('',(-13.00318058343,-0.106370580856,
    25.807126034172));
#2111 = CARTESIAN_POINT('',(-13.00343476614,-0.116505262557,
    25.807126034172));
#2112 = CARTESIAN_POINT('',(-13.00367974997,-0.126640170938,
    25.807126034172));
#2113 = CARTESIAN_POINT('',(-13.00391553468,-0.136775295996,
    25.807126034172));
#2114 = CARTESIAN_POINT('',(-13.00414212005,-0.146910627727,
    25.807126034172));
#2115 = CARTESIAN_POINT('',(-13.00456185501,-0.166480605547,
    25.807126034172));
#2116 = CARTESIAN_POINT('',(-13.00475623325,-0.175915225369,
    25.807126034172));
#2117 = CARTESIAN_POINT('',(-13.00494264042,-0.185350007527,
    25.807126034172));
#2118 = CARTESIAN_POINT('',(-13.00512107636,-0.194784943954,
    25.807126034172));
#2119 = CARTESIAN_POINT('',(-13.00529154091,-0.204220026581,
    25.807126034172));
#2120 = CARTESIAN_POINT('',(-13.00545403393,-0.213655247341,
    25.807126034172));
#2121 = CARTESIAN_POINT('',(-13.00577449084,-0.233222919255,
    25.807126034172));
#2122 = CARTESIAN_POINT('',(-13.00593123353,-0.243355390335,
    25.807126034172));
#2123 = CARTESIAN_POINT('',(-13.0060787832,-0.253488001412,
    25.807126034172));
#2124 = CARTESIAN_POINT('',(-13.0062171397,-0.263620742493,
    25.807126034172));
#2125 = CARTESIAN_POINT('',(-13.0063463029,-0.273753603587,
    25.807126034172));
#2126 = CARTESIAN_POINT('',(-13.00646627267,-0.283886574702,
    25.807126034172));
#2127 = CARTESIAN_POINT('',(-13.00668780635,-0.304150998678,
    25.807126034172));
#2128 = CARTESIAN_POINT('',(-13.00678937338,-0.314282451506,
    25.807126034172));
#2129 = CARTESIAN_POINT('',(-13.00688174988,-0.324413994341,
    25.807126034172));
#2130 = CARTESIAN_POINT('',(-13.00696493576,-0.334545617194,
    25.807126034172));
#2131 = CARTESIAN_POINT('',(-13.00703893094,-0.344677310078,
    25.807126034172));
#2132 = CARTESIAN_POINT('',(-13.00710373534,-0.354809063005,
    25.807126034172));
#2133 = CARTESIAN_POINT('',(-13.00721303739,-0.374721949291,
    25.807126034172));
#2134 = CARTESIAN_POINT('',(-13.00725816032,-0.384503079245,
    25.807126034172));
#2135 = CARTESIAN_POINT('',(-13.00729471766,-0.394284246862,
    25.807126034172));
#2136 = CARTESIAN_POINT('',(-13.00732270936,-0.404065443157,
    25.807126034172));
#2137 = CARTESIAN_POINT('',(-13.00734213541,-0.413846659143,
    25.807126034172));
#2138 = CARTESIAN_POINT('',(-13.00735299579,-0.423627885833,
    25.807126034172));
#2139 = CARTESIAN_POINT('',(-13.00735758496,-0.443189293624,
    25.807126034172));
#2140 = CARTESIAN_POINT('',(-13.00735131559,-0.452969474724,
    25.807126034172));
#2141 = CARTESIAN_POINT('',(-13.00733648238,-0.462749648559,
    25.807126034172));
#2142 = CARTESIAN_POINT('',(-13.00731308534,-0.472529806145,
    25.807126034172));
#2143 = CARTESIAN_POINT('',(-13.0072811245,-0.482309938498,
    25.807126034172));
#2144 = CARTESIAN_POINT('',(-13.00724059989,-0.492090036636,
    25.807126034172));
#2145 = CARTESIAN_POINT('',(-13.00714593305,-0.510950868517,
    25.807126034172));
#2146 = CARTESIAN_POINT('',(-13.00709297166,-0.520031608218,
    25.807126034172));
#2147 = CARTESIAN_POINT('',(-13.00703262742,-0.529112303486,
    25.807126034172));
#2148 = CARTESIAN_POINT('',(-13.00696490038,-0.538192947129,
    25.807126034172));
#2149 = CARTESIAN_POINT('',(-13.00688979059,-0.547273531957,
    25.807126034172));
#2150 = CARTESIAN_POINT('',(-13.0068072981,-0.55635405078,
    25.807126034172));
#2151 = CARTESIAN_POINT('',(-13.00661718291,-0.575562159193,
    25.807126034172));
#2152 = CARTESIAN_POINT('',(-13.00650775919,-0.585689730927,
    25.807126034172));
#2153 = CARTESIAN_POINT('',(-13.00638915193,-0.595817201632,
    25.807126034172));
#2154 = CARTESIAN_POINT('',(-13.00626136125,-0.605944561331,
    25.807126034172));
#2155 = CARTESIAN_POINT('',(-13.00612438727,-0.616071800048,
    25.807126034172));
#2156 = CARTESIAN_POINT('',(-13.00597823014,-0.626198907808,
    25.807126034172));
#2157 = CARTESIAN_POINT('',(-13.00567826675,-0.645754184823,
    25.807126034172));
#2158 = CARTESIAN_POINT('',(-13.00552568385,-0.655182372853,
    25.807126034172));
#2159 = CARTESIAN_POINT('',(-13.00536514142,-0.664610430674,
    25.807126034172));
#2160 = CARTESIAN_POINT('',(-13.00519663961,-0.674038350237,
    25.807126034172));
#2161 = CARTESIAN_POINT('',(-13.00502017855,-0.683466123491,
    25.807126034172));
#2162 = CARTESIAN_POINT('',(-13.00483575841,-0.692893742387,
    25.807126034172));
#2163 = CARTESIAN_POINT('',(-13.00443674958,-0.712447004613,
    25.807126034172));
#2164 = CARTESIAN_POINT('',(-13.00422093809,-0.722572622991,
    25.807126034172));
#2165 = CARTESIAN_POINT('',(-13.00399594507,-0.732698044034,
    25.807126034172));
#2166 = CARTESIAN_POINT('',(-13.00376177074,-0.74282325777,
    25.807126034172));
#2167 = CARTESIAN_POINT('',(-13.00351841534,-0.752948254224,
    25.807126034172));
#2168 = CARTESIAN_POINT('',(-13.0032658791,-0.763073023423,
    25.807126034172));
#2169 = CARTESIAN_POINT('',(-13.0027424374,-0.783322399331,
    25.807126034172));
#2170 = CARTESIAN_POINT('',(-13.00247153138,-0.793447006026,
    25.807126034172));
#2171 = CARTESIAN_POINT('',(-13.00219144447,-0.803571365505,
    25.807126034172));
#2172 = CARTESIAN_POINT('',(-13.00190217695,-0.813695467794,
    25.807126034172));
#2173 = CARTESIAN_POINT('',(-13.0016037291,-0.82381930292,
    25.807126034172));
#2174 = CARTESIAN_POINT('',(-13.00129610122,-0.833942860911,
    25.807126034172));
#2175 = CARTESIAN_POINT('',(-13.00068431784,-0.853491788827,
    25.807126034172));
#2176 = CARTESIAN_POINT('',(-13.00038138393,-0.86291719696,
    25.807126034172));
#2177 = CARTESIAN_POINT('',(-13.00007049214,-0.872342348141,
    25.807126034172));
#2178 = CARTESIAN_POINT('',(-12.99975164274,-0.881767234324,
    25.807126034172));
#2179 = CARTESIAN_POINT('',(-12.99942483599,-0.891191847457,
    25.807126034172));
#2180 = CARTESIAN_POINT('',(-12.99909007219,-0.900616179494,
    25.807126034172));
#2181 = CARTESIAN_POINT('',(-12.9983792129,-0.920163207,25.807126034172)
  );
#2182 = CARTESIAN_POINT('',(-12.99800189341,-0.930285857989,
    25.807126034172));
#2183 = CARTESIAN_POINT('',(-12.9976153935,-0.940408165378,
    25.807126034172));
#2184 = CARTESIAN_POINT('',(-12.99721971356,-0.950530119193,
    25.807126034172));
#2185 = CARTESIAN_POINT('',(-12.99681485398,-0.96065170946,
    25.807126034172));
#2186 = CARTESIAN_POINT('',(-12.99640081515,-0.970772926205,
    25.807126034172));
#2187 = CARTESIAN_POINT('',(-12.99555433022,-0.991015779376,
    25.807126034172));
#2188 = CARTESIAN_POINT('',(-12.99512188196,-1.001137415711,
    25.807126034172));
#2189 = CARTESIAN_POINT('',(-12.99468025315,-1.011258658486,
    25.807126034172));
#2190 = CARTESIAN_POINT('',(-12.9942294442,-1.021379497725,
    25.807126034172));
#2191 = CARTESIAN_POINT('',(-12.99376945556,-1.031499923453,
    25.807126034172));
#2192 = CARTESIAN_POINT('',(-12.99330028769,-1.041619925695,
    25.807126034172));
#2193 = CARTESIAN_POINT('',(-12.99234352426,-1.06186054793,
    25.807126034172));
#2194 = CARTESIAN_POINT('',(-12.99185592601,-1.071981167796,
    25.807126034172));
#2195 = CARTESIAN_POINT('',(-12.99135914677,-1.082101344097,
    25.807126034172));
#2196 = CARTESIAN_POINT('',(-12.99085318703,-1.092221066856,
    25.807126034172));
#2197 = CARTESIAN_POINT('',(-12.9903380473,-1.102340326094,
    25.807126034172));
#2198 = CARTESIAN_POINT('',(-12.98981372808,-1.112459111836,
    25.807126034172));
#2199 = CARTESIAN_POINT('',(-12.98874663773,-1.132697498924,
    25.807126034172));
#2200 = CARTESIAN_POINT('',(-12.98820386336,-1.142817100099,
    25.807126034172));
#2201 = CARTESIAN_POINT('',(-12.98765190733,-1.15293620765,
    25.807126034172));
#2202 = CARTESIAN_POINT('',(-12.98709077017,-1.163054811599,
    25.807126034172));
#2203 = CARTESIAN_POINT('',(-12.98652045242,-1.173172901964,
    25.807126034172));
#2204 = CARTESIAN_POINT('',(-12.98594095467,-1.183290468769,
    25.807126034172));
#2205 = CARTESIAN_POINT('',(-12.98476347926,-1.203526615645,
    25.807126034172));
#2206 = CARTESIAN_POINT('',(-12.98416549782,-1.213645195497,
    25.807126034172));
#2207 = CARTESIAN_POINT('',(-12.98355833375,-1.223763231606,
    25.807126034172));
#2208 = CARTESIAN_POINT('',(-12.98294198766,-1.233880713989,
    25.807126034172));
#2209 = CARTESIAN_POINT('',(-12.98231646013,-1.243997632664,
    25.807126034172));
#2210 = CARTESIAN_POINT('',(-12.98168175181,-1.254113977648,
    25.807126034172));
#2211 = CARTESIAN_POINT('',(-12.98043824524,-1.273649993157,
    25.807126034172));
#2212 = CARTESIAN_POINT('',(-12.97983066596,-1.283069741182,
    25.807126034172));
#2213 = CARTESIAN_POINT('',(-12.97921512599,-1.292488974977,
    25.807126034172));
#2214 = CARTESIAN_POINT('',(-12.97859162585,-1.301907686482,
    25.807126034172));
#2215 = CARTESIAN_POINT('',(-12.97796016608,-1.311325867638,
    25.807126034172));
#2216 = CARTESIAN_POINT('',(-12.97732074721,-1.320743510387,
    25.807126034172));
#2217 = CARTESIAN_POINT('',(-12.97607380555,-1.338882187273,
    25.807126034172));
#2218 = CARTESIAN_POINT('',(-12.97546741493,-1.34760329915,
    25.807126034172));
#2219 = CARTESIAN_POINT('',(-12.97485419838,-1.3563239359,
    25.807126034172));
#2220 = CARTESIAN_POINT('',(-12.97423415635,-1.365044091123,
    25.807126034172));
#2221 = CARTESIAN_POINT('',(-12.97360728929,-1.373763758419,
    25.807126034172));
#2222 = CARTESIAN_POINT('',(-12.97297359766,-1.382482931387,
    25.807126034172));
#2223 = CARTESIAN_POINT('',(-12.97158988357,-1.401317987567,
    25.807126034172));
#2224 = CARTESIAN_POINT('',(-12.97083749775,-1.411433697365,
    25.807126034172));
#2225 = CARTESIAN_POINT('',(-12.97007592522,-1.421548723027,
    25.807126034172));
#2226 = CARTESIAN_POINT('',(-12.96930516671,-1.431663054558,
    25.807126034172));
#2227 = CARTESIAN_POINT('',(-12.96852522299,-1.441776681964,
    25.807126034172));
#2228 = CARTESIAN_POINT('',(-12.96773609483,-1.451889595253,
    25.807126034172));
#2229 = CARTESIAN_POINT('',(-12.96630446014,-1.470024064466,
    25.807126034172));
#2230 = CARTESIAN_POINT('',(-12.96566535734,-1.478045888768,
    25.807126034172));
#2231 = CARTESIAN_POINT('',(-12.96502047504,-1.486067252349,
    25.807126034172));
#2232 = CARTESIAN_POINT('',(-12.96436981363,-1.494088150221,
    25.807126034172));
#2233 = CARTESIAN_POINT('',(-12.96371337352,-1.502108577395,
    25.807126034172));
#2234 = CARTESIAN_POINT('',(-12.9630511551,-1.510128528883,
    25.807126034172));
#2235 = CARTESIAN_POINT('',(-12.96142441075,-1.529658021603,
    25.807126034172));
#2236 = CARTESIAN_POINT('',(-12.96045376044,-1.541167053336,
    25.807126034172));
#2237 = CARTESIAN_POINT('',(-12.95947120909,-1.552675080152,
    25.807126034172));
#2238 = CARTESIAN_POINT('',(-12.95847675796,-1.564182087309,
    25.807126034172));
#2239 = CARTESIAN_POINT('',(-12.95747040831,-1.575688060064,
    25.807126034172));
#2240 = CARTESIAN_POINT('',(-12.95645216144,-1.58719298368,
    25.807126034172));
#2241 = CARTESIAN_POINT('',(-12.95451638058,-1.608810328424,
    25.807126034172));
#2242 = CARTESIAN_POINT('',(-12.95360154834,-1.618922991177,
    25.807126034172));
#2243 = CARTESIAN_POINT('',(-12.95267752284,-1.629034821661,
    25.807126034172));
#2244 = CARTESIAN_POINT('',(-12.95174430499,-1.639145809866,
    25.807126034172));
#2245 = CARTESIAN_POINT('',(-12.95080189572,-1.649255945778,
    25.807126034172));
#2246 = CARTESIAN_POINT('',(-12.94985029595,-1.659365219389,
    25.807126034172));
#2247 = CARTESIAN_POINT('',(-12.94792832907,-1.6795861068,
    25.807126034172));
#2248 = CARTESIAN_POINT('',(-12.94695795453,-1.689697719895,
    25.807126034172));
#2249 = CARTESIAN_POINT('',(-12.94597838397,-1.699808449953,
    25.807126034172));
#2250 = CARTESIAN_POINT('',(-12.94498961836,-1.709918286957,
    25.807126034172));
#2251 = CARTESIAN_POINT('',(-12.94399165867,-1.720027220886,
    25.807126034172));
#2252 = CARTESIAN_POINT('',(-12.9429845059,-1.730135241725,
    25.807126034172));
#2253 = CARTESIAN_POINT('',(-12.94095137538,-1.750353820993,
    25.807126034172));
#2254 = CARTESIAN_POINT('',(-12.93992538965,-1.76046437862,
    25.807126034172));
#2255 = CARTESIAN_POINT('',(-12.93889020488,-1.770574002313,
    25.807126034172));
#2256 = CARTESIAN_POINT('',(-12.93784582208,-1.780682682042,
    25.807126034172));
#2257 = CARTESIAN_POINT('',(-12.93679224229,-1.790790407784,
    25.807126034172));
#2258 = CARTESIAN_POINT('',(-12.93572946656,-1.800897169512,
    25.807126034172));
#2259 = CARTESIAN_POINT('',(-12.93365900844,-1.820415997621,
    25.807126034172));
#2260 = CARTESIAN_POINT('',(-12.93265254346,-1.829828192963,
    25.807126034172));
#2261 = CARTESIAN_POINT('',(-12.93163810186,-1.839239535133,
    25.807126034172));
#2262 = CARTESIAN_POINT('',(-12.93061568451,-1.84865001603,
    25.807126034172));
#2263 = CARTESIAN_POINT('',(-12.92958529228,-1.858059627559,
    25.807126034172));
#2264 = CARTESIAN_POINT('',(-12.92854692608,-1.867468361622,
    25.807126034172));
#2265 = CARTESIAN_POINT('',(-12.92641498851,-1.886637044009,
    25.807126034172));
#2266 = CARTESIAN_POINT('',(-12.92532080763,-1.896396924634,
    25.807126034172));
#2267 = CARTESIAN_POINT('',(-12.92421804513,-1.906155842956,
    25.807126034172));
#2268 = CARTESIAN_POINT('',(-12.92310670204,-1.915913789937,
    25.807126034172));
#2269 = CARTESIAN_POINT('',(-12.92198677939,-1.925670756538,
    25.807126034172));
#2270 = CARTESIAN_POINT('',(-12.92085827821,-1.935426733721,
    25.807126034172));
#2271 = CARTESIAN_POINT('',(-12.91854290888,-1.955290248364,
    25.807126034172));
#2272 = CARTESIAN_POINT('',(-12.91735540771,-1.965397712137,
    25.807126034172));
#2273 = CARTESIAN_POINT('',(-12.9161586972,-1.975504093716,
    25.807126034172));
#2274 = CARTESIAN_POINT('',(-12.91495277855,-1.985609383047,
    25.807126034172));
#2275 = CARTESIAN_POINT('',(-12.91373765295,-1.99571357008,
    25.807126034172));
#2276 = CARTESIAN_POINT('',(-12.9125133216,-2.005816644764,
    25.807126034172));
#2277 = CARTESIAN_POINT('',(-12.91004557183,-2.02602610235,
    25.807126034172));
#2278 = CARTESIAN_POINT('',(-12.90880214327,-2.036132484017,
    25.807126034172));
#2279 = CARTESIAN_POINT('',(-12.9075495013,-2.04623773199,
    25.807126034172));
#2280 = CARTESIAN_POINT('',(-12.90628764716,-2.056341836205,
    25.807126034172));
#2281 = CARTESIAN_POINT('',(-12.90501658211,-2.066444786601,
    25.807126034172));
#2282 = CARTESIAN_POINT('',(-12.90373630742,-2.07654657312,
    25.807126034172));
#2283 = CARTESIAN_POINT('',(-12.90066699254,-2.100588735167,
    25.807126034172));
#2284 = CARTESIAN_POINT('',(-12.89886961751,-2.11452804812,
    25.807126034172));
#2285 = CARTESIAN_POINT('',(-12.89705470263,-2.128465098116,
    25.807126034172));
#2286 = CARTESIAN_POINT('',(-12.89522225134,-2.142399858713,
    25.807126034172));
#2287 = CARTESIAN_POINT('',(-12.89337226711,-2.156332303476,
    25.807126034172));
#2288 = CARTESIAN_POINT('',(-12.89150475346,-2.170262405979,
    25.807126034172));
#2289 = CARTESIAN_POINT('',(-12.8883464061,-2.193598055494,
    25.807126034172));
#2290 = CARTESIAN_POINT('',(-12.88706510166,-2.203004890421,
    25.807126034172));
#2291 = CARTESIAN_POINT('',(-12.88577580173,-2.212410636436,
    25.807126034172));
#2292 = CARTESIAN_POINT('',(-12.88447850741,-2.221815285397,
    25.807126034172));
#2293 = CARTESIAN_POINT('',(-12.88317321983,-2.231218829164,
    25.807126034172));
#2294 = CARTESIAN_POINT('',(-12.88185994013,-2.240621259597,
    25.807126034172));
#2295 = CARTESIAN_POINT('',(-12.87916761908,-2.259778077421,
    25.807126034172));
#2296 = CARTESIAN_POINT('',(-12.87778796426,-2.269532378716,
    25.807126034172));
#2297 = CARTESIAN_POINT('',(-12.87639970627,-2.279285463352,
    25.807126034172));
#2298 = CARTESIAN_POINT('',(-12.87500284637,-2.289037322238,
    25.807126034172));
#2299 = CARTESIAN_POINT('',(-12.87359738588,-2.298787946285,
    25.807126034172));
#2300 = CARTESIAN_POINT('',(-12.8721833261,-2.308537326405,
    25.807126034172));
#2301 = CARTESIAN_POINT('',(-12.86938793813,-2.327691474736,
    25.807126034172));
#2302 = CARTESIAN_POINT('',(-12.86800720282,-2.337096329351,
    25.807126034172));
#2303 = CARTESIAN_POINT('',(-12.86661846364,-2.346500009196,
    25.807126034172));
#2304 = CARTESIAN_POINT('',(-12.86522172178,-2.355902506111,
    25.807126034172));
#2305 = CARTESIAN_POINT('',(-12.86381697845,-2.365303811936,
    25.807126034172));
#2306 = CARTESIAN_POINT('',(-12.86240423488,-2.374703918514,
    25.807126034172));
#2307 = CARTESIAN_POINT('',(-12.85945646784,-2.394204822713,
    25.807126034172));
#2308 = CARTESIAN_POINT('',(-12.85792020285,-2.404305432932,
    25.807126034172));
#2309 = CARTESIAN_POINT('',(-12.85637469884,-2.414404638219,
    25.807126034172));
#2310 = CARTESIAN_POINT('',(-12.85481995735,-2.42450242845,
    25.807126034172));
#2311 = CARTESIAN_POINT('',(-12.85325597994,-2.434598793501,
    25.807126034172));
#2312 = CARTESIAN_POINT('',(-12.85168276818,-2.444693723253,
    25.807126034172));
#2313 = CARTESIAN_POINT('',(-12.84851671341,-2.464888127364,
    25.807126034172));
#2314 = CARTESIAN_POINT('',(-12.84692385679,-2.474987599593,
    25.807126034172));
#2315 = CARTESIAN_POINT('',(-12.84532175539,-2.485085614133,
    25.807126034172));
#2316 = CARTESIAN_POINT('',(-12.8437104108,-2.495182160846,
    25.807126034172));
#2317 = CARTESIAN_POINT('',(-12.84208982464,-2.505277229595,
    25.807126034172));
#2318 = CARTESIAN_POINT('',(-12.84045999854,-2.515370810246,
    25.807126034172));
#2319 = CARTESIAN_POINT('',(-12.83701085014,-2.536607980676,
    25.807126034172));
#2320 = CARTESIAN_POINT('',(-12.83518949942,-2.547751241495,
    25.807126034172));
#2321 = CARTESIAN_POINT('',(-12.8333568842,-2.558892661477,
    25.807126034172));
#2322 = CARTESIAN_POINT('',(-12.83151300671,-2.57003222698,
    25.807126034172));
#2323 = CARTESIAN_POINT('',(-12.8296578692,-2.581169924366,
    25.807126034172));
#2324 = CARTESIAN_POINT('',(-12.82779147395,-2.592305739997,
    25.807126034172));
#2325 = CARTESIAN_POINT('',(-12.82485692013,-2.609706787131,
    25.807126034172));
#2326 = CARTESIAN_POINT('',(-12.82379645082,-2.615973313483,
    25.807126034172));
#2327 = CARTESIAN_POINT('',(-12.82273241574,-2.622239236868,
    25.807126034172));
#2328 = CARTESIAN_POINT('',(-12.8216648153,-2.628504554857,
    25.807126034172));
#2329 = CARTESIAN_POINT('',(-12.82059364991,-2.634769265017,
    25.807126034172));
#2330 = CARTESIAN_POINT('',(-12.81951891999,-2.64103336492,
    25.807126034172));
#2331 = CARTESIAN_POINT('',(-12.81670221486,-2.65739476175,
    25.807126034172));
#2332 = CARTESIAN_POINT('',(-12.81495454012,-2.6674910789,
    25.807126034172));
#2333 = CARTESIAN_POINT('',(-12.81319760347,-2.677585793403,
    25.807126034172));
#2334 = CARTESIAN_POINT('',(-12.81143140669,-2.687678895081,
    25.807126034172));
#2335 = CARTESIAN_POINT('',(-12.80965595156,-2.697770373756,
    25.807126034172));
#2336 = CARTESIAN_POINT('',(-12.80787123986,-2.707860219254,
    25.807126034172));
#2337 = CARTESIAN_POINT('',(-12.803910104,-2.73013529535,25.807126034172
    ));
#2338 = CARTESIAN_POINT('',(-12.80172942873,-2.742319771087,
    25.807126034172));
#2339 = CARTESIAN_POINT('',(-12.7995352508,-2.754501830684,
    25.807126034172));
#2340 = CARTESIAN_POINT('',(-12.7973275734,-2.766681456212,
    25.807126034172));
#2341 = CARTESIAN_POINT('',(-12.79510639979,-2.778858629749,
    25.807126034172));
#2342 = CARTESIAN_POINT('',(-12.79287173324,-2.791033333379,
    25.807126034172));
#2343 = CARTESIAN_POINT('',(-12.78920922366,-2.81086329774,
    25.807126034172));
#2344 = CARTESIAN_POINT('',(-12.78778953122,-2.81852006164,
    25.807126034172));
#2345 = CARTESIAN_POINT('',(-12.78636450057,-2.826175836431,
    25.807126034172));
#2346 = CARTESIAN_POINT('',(-12.78493413252,-2.833830617653,
    25.807126034172));
#2347 = CARTESIAN_POINT('',(-12.78349842792,-2.841484400849,
    25.807126034172));
#2348 = CARTESIAN_POINT('',(-12.78205738759,-2.849137181562,
    25.807126034172));
#2349 = CARTESIAN_POINT('',(-12.77955847656,-2.862357196514,
    25.807126034172));
#2350 = CARTESIAN_POINT('',(-12.77850311562,-2.867924904462,
    25.807126034172));
#2351 = CARTESIAN_POINT('',(-12.77744492989,-2.873492077462,
    25.807126034172));
#2352 = CARTESIAN_POINT('',(-12.77638391968,-2.879058713797,
    25.807126034172));
#2353 = CARTESIAN_POINT('',(-12.77532008534,-2.884624811749,
    25.807126034172));
#2354 = CARTESIAN_POINT('',(-12.77425342718,-2.890190369603,
    25.807126034172));
#2355 = CARTESIAN_POINT('',(-12.76595008945,-2.933396541496,
    25.807126034172));
#2356 = CARTESIAN_POINT('',(-12.75858705838,-2.97101290921,
    25.807126034172));
#2357 = CARTESIAN_POINT('',(-12.75109495423,-3.00860395764,
    25.807126034172));
#2358 = CARTESIAN_POINT('',(-12.74347388167,-3.046169156194,
    25.807126034172));
#2359 = CARTESIAN_POINT('',(-12.73572394806,-3.083707974828,
    25.807126034172));
#2360 = CARTESIAN_POINT('',(-12.7278452635,-3.121219884046,
    25.807126034172));
#2361 = CARTESIAN_POINT('',(-12.70185163976,-3.242903157046,
    25.807126034172));
#2362 = CARTESIAN_POINT('',(-12.68321628762,-3.326963518252,
    25.807126034172));
#2363 = CARTESIAN_POINT('',(-12.6639331633,-3.410879442608,
    25.807126034172));
#2364 = CARTESIAN_POINT('',(-12.64400361462,-3.49464495047,
    25.807126034172));
#2365 = CARTESIAN_POINT('',(-12.62342905824,-3.578254078461,
    25.807126034172));
#2366 = CARTESIAN_POINT('',(-12.60221097969,-3.661700879477,
    25.807126034172));
#2367 = CARTESIAN_POINT('',(-12.57450757346,-3.767240423128,
    25.807126034172));
#2368 = CARTESIAN_POINT('',(-12.56861834273,-3.789489401033,
    25.807126034172));
#2369 = CARTESIAN_POINT('',(-12.56268327087,-3.811726243142,
    25.807126034172));
#2370 = CARTESIAN_POINT('',(-12.55670238791,-3.833950836293,
    25.807126034172));
#2371 = CARTESIAN_POINT('',(-12.55067572423,-3.856163067417,
    25.807126034172));
#2372 = CARTESIAN_POINT('',(-12.54460331056,-3.87836282354,
    25.807126034172));
#2373 = CARTESIAN_POINT('',(-12.53426813181,-3.915842944574,
    25.807126034172));
#2374 = CARTESIAN_POINT('',(-12.5300293649,-3.93112991695,
    25.807126034172));
#2375 = CARTESIAN_POINT('',(-12.52576888741,-3.946410871942,
    25.807126034172));
#2376 = CARTESIAN_POINT('',(-12.5214867096,-3.961685772608,
    25.807126034172));
#2377 = CARTESIAN_POINT('',(-12.51718284182,-3.976954582025,
    25.807126034172));
#2378 = CARTESIAN_POINT('',(-12.51285729446,-3.992217263295,
    25.807126034172));
#2379 = CARTESIAN_POINT('',(-12.50236822772,-4.029028546957,
    25.807126034172));
#2380 = CARTESIAN_POINT('',(-12.49618312439,-4.05057100855,
    25.807126034172));
#2381 = CARTESIAN_POINT('',(-12.48995479765,-4.07210106032,
    25.807126034172));
#2382 = CARTESIAN_POINT('',(-12.48368327737,-4.093618598359,
    25.807126034172));
#2383 = CARTESIAN_POINT('',(-12.47736859379,-4.115123518851,
    25.807126034172));
#2384 = CARTESIAN_POINT('',(-12.47101077743,-4.136615718066,
    25.807126034172));
#2385 = CARTESIAN_POINT('',(-12.45476136189,-4.19114340629,
    25.807126034172));
#2386 = CARTESIAN_POINT('',(-12.44481082895,-4.224161359661,
    25.807126034172));
#2387 = CARTESIAN_POINT('',(-12.43475837258,-4.25714857499,
    25.807126034172));
#2388 = CARTESIAN_POINT('',(-12.42460410687,-4.290104675318,
    25.807126034172));
#2389 = CARTESIAN_POINT('',(-12.4143481476,-4.323029284219,
    25.807126034172));
#2390 = CARTESIAN_POINT('',(-12.40399061233,-4.3559220258,
    25.807126034172));
#2391 = CARTESIAN_POINT('',(-12.36303647649,-4.484593444248,
    25.807126034172));
#2392 = CARTESIAN_POINT('',(-12.33167882526,-4.580130263136,
    25.807126034172));
#2393 = CARTESIAN_POINT('',(-12.29946162421,-4.675383674769,
    25.807126034172));
#2394 = CARTESIAN_POINT('',(-12.2663879553,-4.77034441559,
    25.807126034172));
#2395 = CARTESIAN_POINT('',(-12.2324610249,-4.865003265076,
    25.807126034172));
#2396 = CARTESIAN_POINT('',(-12.19768416379,-4.959351045741,
    25.807126034172));
#2397 = CARTESIAN_POINT('',(-12.12589718307,-5.14883233861,
    25.807126034172));
#2398 = CARTESIAN_POINT('',(-12.08886119004,-5.243956067453,
    25.807126034172));
#2399 = CARTESIAN_POINT('',(-12.05095646294,-5.338740253179,
    25.807126034172));
#2400 = CARTESIAN_POINT('',(-12.01218674614,-5.43317539211,
    25.807126034172));
#2401 = CARTESIAN_POINT('',(-11.97255591348,-5.527252033374,
    25.807126034172));
#2402 = CARTESIAN_POINT('',(-11.93206796829,-5.620960778901,
    25.807126034172));
#2403 = CARTESIAN_POINT('',(-11.89072704334,-5.714292283429,
    25.807126034172));
#2404 = ORIENTED_EDGE('',*,*,#2405,.T.);
#2405 = EDGE_CURVE('',#1331,#2406,#2408,.T.);
#2406 = VERTEX_POINT('',#2407);
#2407 = CARTESIAN_POINT('',(-4.314946258514,-12.46690678179,
    25.807126034172));
#2408 = B_SPLINE_CURVE_WITH_KNOTS('',7,(#2409,#2410,#2411,#2412,#2413,
    #2414,#2415,#2416,#2417,#2418,#2419,#2420,#2421,#2422,#2423,#2424,
    #2425,#2426,#2427,#2428,#2429,#2430,#2431,#2432,#2433,#2434,#2435,
    #2436,#2437,#2438,#2439,#2440,#2441,#2442,#2443,#2444,#2445,#2446,
    #2447,#2448,#2449,#2450,#2451,#2452,#2453,#2454,#2455,#2456,#2457,
    #2458,#2459,#2460,#2461,#2462,#2463,#2464,#2465,#2466,#2467,#2468,
    #2469,#2470,#2471,#2472,#2473,#2474,#2475,#2476,#2477,#2478,#2479,
    #2480,#2481,#2482),.UNSPECIFIED.,.F.,.F.,(8,6,6,6,6,6,6,6,6,6,6,6,8)
  ,(0.,4.174877527678E-02,9.202449316197E-02,0.160961945337,
    0.189844761232,0.203054927682,0.21528976801,0.41644735013,
    0.654219192775,0.857394212389,0.914530211251,0.9612559463,1.),
  .UNSPECIFIED.);
#2409 = CARTESIAN_POINT('',(-11.89072704334,-5.714292283428,
    25.807126034172));
#2410 = CARTESIAN_POINT('',(-11.86579188649,-5.76951854921,
    25.807126034172));
#2411 = CARTESIAN_POINT('',(-11.84048817315,-5.824634262159,
    25.807126034172));
#2412 = CARTESIAN_POINT('',(-11.8148234613,-5.879631967216,
    25.807126034172));
#2413 = CARTESIAN_POINT('',(-11.78880418207,-5.93450527452,
    25.807126034172));
#2414 = CARTESIAN_POINT('',(-11.76243583016,-5.989248728867,
    25.807126034172));
#2415 = CARTESIAN_POINT('',(-11.73572315428,-6.043857679166,
    25.807126034172));
#2416 = CARTESIAN_POINT('',(-11.67609216348,-6.163923890548,
    25.807126034172));
#2417 = CARTESIAN_POINT('',(-11.64302088085,-6.22931847559,
    25.807126034172));
#2418 = CARTESIAN_POINT('',(-11.60946385503,-6.294504774512,
    25.807126034172));
#2419 = CARTESIAN_POINT('',(-11.57542758972,-6.359476357519,
    25.807126034172));
#2420 = CARTESIAN_POINT('',(-11.54091787557,-6.424227419837,
    25.807126034172));
#2421 = CARTESIAN_POINT('',(-11.50593992885,-6.48875270801,
    25.807126034172));
#2422 = CARTESIAN_POINT('',(-11.42190171566,-6.641207608331,
    25.807126034172));
#2423 = CARTESIAN_POINT('',(-11.37243371801,-6.728933976572,
    25.807126034172));
#2424 = CARTESIAN_POINT('',(-11.32210685519,-6.81621411478,
    25.807126034172));
#2425 = CARTESIAN_POINT('',(-11.27093235539,-6.903036401614,
    25.807126034172));
#2426 = CARTESIAN_POINT('',(-11.21892055059,-6.989389955834,
    25.807126034172));
#2427 = CARTESIAN_POINT('',(-11.16608107033,-7.075264561598,
    25.807126034172));
#2428 = CARTESIAN_POINT('',(-11.08994185723,-7.196424893047,
    25.807126034172));
#2429 = CARTESIAN_POINT('',(-11.06731700655,-7.232113405564,
    25.807126034172));
#2430 = CARTESIAN_POINT('',(-11.04454915917,-7.267715410749,
    25.807126034172));
#2431 = CARTESIAN_POINT('',(-11.02163897973,-7.303230199033,
    25.807126034172));
#2432 = CARTESIAN_POINT('',(-10.99858712169,-7.338657071836,
    25.807126034172));
#2433 = CARTESIAN_POINT('',(-10.97539422734,-7.373995341567,
    25.807126034172));
#2434 = CARTESIAN_POINT('',(-10.94138894995,-7.425366202408,
    25.807126034172));
#2435 = CARTESIAN_POINT('',(-10.93064276434,-7.441537130616,
    25.807126034172));
#2436 = CARTESIAN_POINT('',(-10.91982194959,-7.457756825738,
    25.807126034172));
#2437 = CARTESIAN_POINT('',(-10.90892608417,-7.474024991123,
    25.807126034172));
#2438 = CARTESIAN_POINT('',(-10.8979547464,-7.490341323971,
    25.807126034172));
#2439 = CARTESIAN_POINT('',(-10.88690751442,-7.506705515336,
    25.807126034172));
#2440 = CARTESIAN_POINT('',(-10.86548168601,-7.538317282267,
    25.807126034172));
#2441 = CARTESIAN_POINT('',(-10.85515307111,-7.553500185605,
    25.807126034172));
#2442 = CARTESIAN_POINT('',(-10.84479892826,-7.568665872216,
    25.807126034172));
#2443 = CARTESIAN_POINT('',(-10.83441744229,-7.583814372503,
    25.807126034172));
#2444 = CARTESIAN_POINT('',(-10.82401077713,-7.598945555474,
    25.807126034172));
#2445 = CARTESIAN_POINT('',(-10.81357859512,-7.614059339136,
    25.807126034172));
#2446 = CARTESIAN_POINT('',(-10.63117997134,-7.877360653932,
    25.807126034172));
#2447 = CARTESIAN_POINT('',(-10.45232562902,-8.120854416168,
    25.807126034172));
#2448 = CARTESIAN_POINT('',(-10.2667376372,-8.35940191925,
    25.807126034172));
#2449 = CARTESIAN_POINT('',(-10.07459704343,-8.592776545432,
    25.807126034172));
#2450 = CARTESIAN_POINT('',(-9.876089066628,-8.820759732554,
    25.807126034172));
#2451 = CARTESIAN_POINT('',(-9.671404497549,-9.043140542231,
    25.807126034172));
#2452 = CARTESIAN_POINT('',(-9.211729710264,-9.515710284885,
    25.807126034172));
#2453 = CARTESIAN_POINT('',(-8.954365552236,-9.763591890616,
    25.807126034172));
#2454 = CARTESIAN_POINT('',(-8.688971513224,-10.00302343019,
    25.807126034172));
#2455 = CARTESIAN_POINT('',(-8.41588511457,-10.23368000819,
    25.807126034172));
#2456 = CARTESIAN_POINT('',(-8.135458154703,-10.45524867501,
    25.807126034172));
#2457 = CARTESIAN_POINT('',(-7.848057527099,-10.66742657871,
    25.807126034172));
#2458 = CARTESIAN_POINT('',(-7.302850772843,-11.0429442096,
    25.807126034172));
#2459 = CARTESIAN_POINT('',(-7.046829047663,-11.20889397143,
    25.807126034172));
#2460 = CARTESIAN_POINT('',(-6.7862331583,-11.36758578018,
    25.807126034172));
#2461 = CARTESIAN_POINT('',(-6.521310207416,-11.51883713458,
    25.807126034172));
#2462 = CARTESIAN_POINT('',(-6.252324744493,-11.66245898927,
    25.807126034172));
#2463 = CARTESIAN_POINT('',(-5.979559315122,-11.7982594863,
    25.807126034172));
#2464 = CARTESIAN_POINT('',(-5.625641114615,-11.96193841186,
    25.807126034172));
#2465 = CARTESIAN_POINT('',(-5.547685148708,-11.99722786338,
    25.807126034172));
#2466 = CARTESIAN_POINT('',(-5.469462221668,-12.03187555302,
    25.807126034172));
#2467 = CARTESIAN_POINT('',(-5.390979800278,-12.06587606113,
    25.807126034172));
#2468 = CARTESIAN_POINT('',(-5.312245837347,-12.09922355752,
    25.807126034172));
#2469 = CARTESIAN_POINT('',(-5.233268836586,-12.13191169412,
    25.807126034172));
#2470 = CARTESIAN_POINT('',(-5.089279345431,-12.19012088102,
    25.807126034172));
#2471 = CARTESIAN_POINT('',(-5.024344485432,-12.21586256309,
    25.807126034172));
#2472 = CARTESIAN_POINT('',(-4.959258266339,-12.24115473135,
    25.807126034172));
#2473 = CARTESIAN_POINT('',(-4.894026127298,-12.26599320948,
    25.807126034172));
#2474 = CARTESIAN_POINT('',(-4.828654111586,-12.29037333309,
    25.807126034172));
#2475 = CARTESIAN_POINT('',(-4.763148960437,-12.31428982549,
    25.807126034172));
#2476 = CARTESIAN_POINT('',(-4.643098486416,-12.35717833531,
    25.807126034172));
#2477 = CARTESIAN_POINT('',(-4.588592632373,-12.37629702044,
    25.807126034172));
#2478 = CARTESIAN_POINT('',(-4.534004844947,-12.39508930585,
    25.807126034172));
#2479 = CARTESIAN_POINT('',(-4.479340030321,-12.4135513179,
    25.807126034172));
#2480 = CARTESIAN_POINT('',(-4.42460395227,-12.43167856869,
    25.807126034172));
#2481 = CARTESIAN_POINT('',(-4.369803383754,-12.44946579242,
    25.807126034172));
#2482 = CARTESIAN_POINT('',(-4.314946258514,-12.46690678179,
    25.807126034172));
#2483 = ORIENTED_EDGE('',*,*,#2484,.T.);
#2484 = EDGE_CURVE('',#2406,#1322,#2485,.T.);
#2485 = B_SPLINE_CURVE_WITH_KNOTS('',8,(#2486,#2487,#2488,#2489,#2490,
    #2491,#2492,#2493,#2494,#2495,#2496,#2497,#2498,#2499,#2500,#2501,
    #2502,#2503,#2504,#2505,#2506,#2507,#2508,#2509,#2510,#2511,#2512,
    #2513,#2514,#2515,#2516,#2517,#2518,#2519,#2520,#2521,#2522,#2523,
    #2524,#2525,#2526,#2527,#2528,#2529,#2530,#2531,#2532,#2533,#2534,
    #2535,#2536,#2537,#2538,#2539,#2540,#2541,#2542,#2543,#2544,#2545,
    #2546,#2547,#2548,#2549,#2550,#2551,#2552,#2553,#2554,#2555,#2556,
    #2557),.UNSPECIFIED.,.F.,.F.,(9,7,7,7,7,7,7,7,7,7,9),(0.,
    0.106869160672,0.162410115128,0.190512609214,0.204830549805,
    0.212593016996,0.220386750606,0.488794051157,0.751641031267,
    0.767691928674,1.),.UNSPECIFIED.);
#2486 = CARTESIAN_POINT('',(-4.314946258514,-12.46690678179,
    25.807126034172));
#2487 = CARTESIAN_POINT('',(-3.995524479487,-12.56580098628,
    25.807126034172));
#2488 = CARTESIAN_POINT('',(-3.673244220526,-12.65546954011,
    25.807126034172));
#2489 = CARTESIAN_POINT('',(-3.348417252389,-12.73581594226,
    25.807126034172));
#2490 = CARTESIAN_POINT('',(-3.021357954411,-12.80675656165,
    25.807126034172));
#2491 = CARTESIAN_POINT('',(-2.692383314507,-12.86822063716,
    25.807126034172));
#2492 = CARTESIAN_POINT('',(-2.361812929173,-12.92015027761,
    25.807126034172));
#2493 = CARTESIAN_POINT('',(-2.029969003485,-12.96250046177,
    25.807126034172));
#2494 = CARTESIAN_POINT('',(-1.524220734784,-13.01225359877,
    25.807126034172));
#2495 = CARTESIAN_POINT('',(-1.351008566569,-13.0266721232,
    25.807126034172));
#2496 = CARTESIAN_POINT('',(-1.177585296548,-13.03849012294,
    25.807126034172));
#2497 = CARTESIAN_POINT('',(-1.003996420096,-13.04770406588,
    25.807126034172));
#2498 = CARTESIAN_POINT('',(-0.830287477872,-13.0543113766,
    25.807126034172));
#2499 = CARTESIAN_POINT('',(-0.656504055818,-13.0583104363,
    25.807126034172));
#2500 = CARTESIAN_POINT('',(-0.482691785159,-13.05970058283,
    25.807126034172));
#2501 = CARTESIAN_POINT('',(-0.220959693671,-13.05786559076,
    25.807126034172));
#2502 = CARTESIAN_POINT('',(-0.133027342242,-13.05658122914,
    25.807126034172));
#2503 = CARTESIAN_POINT('',(-4.510519969564E-02,-13.05462906415,
    25.807126034172));
#2504 = CARTESIAN_POINT('',(4.28008243601E-02,-13.05200919684,
    25.807126034172));
#2505 = CARTESIAN_POINT('',(0.130684822286,-13.04872179102,
    25.807126034172));
#2506 = CARTESIAN_POINT('',(0.218540888411,-13.04476707324,
    25.807126034172));
#2507 = CARTESIAN_POINT('',(0.306363119035,-13.04014533279,
    25.807126034172));
#2508 = CARTESIAN_POINT('',(0.438869917729,-13.03216252898,
    25.807126034172));
#2509 = CARTESIAN_POINT('',(0.483583908404,-13.02929508182,
    25.807126034172));
#2510 = CARTESIAN_POINT('',(0.528286804102,-13.02625462676,
    25.807126034172));
#2511 = CARTESIAN_POINT('',(0.572977824776,-13.02304121459,
    25.807126034172));
#2512 = CARTESIAN_POINT('',(0.61765619068,-13.0196549003,25.807126034172
    ));
#2513 = CARTESIAN_POINT('',(0.66232112237,-13.01609574309,
    25.807126034172));
#2514 = CARTESIAN_POINT('',(0.706971840703,-13.0123638064,
    25.807126034172));
#2515 = CARTESIAN_POINT('',(0.775806812351,-13.00634225385,
    25.807126034172));
#2516 = CARTESIAN_POINT('',(0.800027828428,-13.00417229529,
    25.807126034172));
#2517 = CARTESIAN_POINT('',(0.824270709186,-13.00194908034,
    25.807126034172));
#2518 = CARTESIAN_POINT('',(0.848535550112,-12.99967240421,
    25.807126034172));
#2519 = CARTESIAN_POINT('',(0.872822448066,-12.99734205917,
    25.807126034172));
#2520 = CARTESIAN_POINT('',(0.89713150128,-12.99495783452,
    25.807126034172));
#2521 = CARTESIAN_POINT('',(0.921462809357,-12.99251951665,
    25.807126034172));
#2522 = CARTESIAN_POINT('',(0.970268231235,-12.98752422128,
    25.807126034172));
#2523 = CARTESIAN_POINT('',(0.994714683743,-12.98496951907,
    25.807126034172));
#2524 = CARTESIAN_POINT('',(1.019155738695,-12.98236298399,
    25.807126034172));
#2525 = CARTESIAN_POINT('',(1.043591285929,-12.97970471963,
    25.807126034172));
#2526 = CARTESIAN_POINT('',(1.068021197215,-12.97699473152,
    25.807126034172));
#2527 = CARTESIAN_POINT('',(1.092445326259,-12.97423292717,
    25.807126034172));
#2528 = CARTESIAN_POINT('',(1.116863508695,-12.97141911603,
    25.807126034172));
#2529 = CARTESIAN_POINT('',(1.981998851005,-12.86984756902,
    25.807126034172));
#2530 = CARTESIAN_POINT('',(2.815328884234,-12.70758570255,
    25.807126034172));
#2531 = CARTESIAN_POINT('',(3.635490943335,-12.48242067637,
    25.807126034172));
#2532 = CARTESIAN_POINT('',(4.436956692723,-12.19564443159,
    25.807126034172));
#2533 = CARTESIAN_POINT('',(5.214412334739,-11.84909407345,
    25.807126034172));
#2534 = CARTESIAN_POINT('',(5.962751177067,-11.44511895963,
    25.807126034172));
#2535 = CARTESIAN_POINT('',(6.677090612493,-10.98660838779,
    25.807126034172));
#2536 = CARTESIAN_POINT('',(8.014538147038,-9.978106759326,
    25.807126034172));
#2537 = CARTESIAN_POINT('',(8.639398007485,-9.430080650365,
    25.807126034172));
#2538 = CARTESIAN_POINT('',(9.223031087793,-8.836259608506,
    25.807126034172));
#2539 = CARTESIAN_POINT('',(9.761559951147,-8.200295231455,
    25.807126034172));
#2540 = CARTESIAN_POINT('',(10.251526927926,-7.526175699199,
    25.807126034172));
#2541 = CARTESIAN_POINT('',(10.689874642565,-6.818204525743,
    25.807126034172));
#2542 = CARTESIAN_POINT('',(11.073971867855,-6.081015024869,
    25.807126034172));
#2543 = CARTESIAN_POINT('',(11.421696673892,-5.273125508072,
    25.807126034172));
#2544 = CARTESIAN_POINT('',(11.44149268417,-5.226537770471,
    25.807126034172));
#2545 = CARTESIAN_POINT('',(11.461066455589,-5.179856067465,
    25.807126034172));
#2546 = CARTESIAN_POINT('',(11.480427412435,-5.133085678721,
    25.807126034172));
#2547 = CARTESIAN_POINT('',(11.499563695531,-5.086223060068,
    25.807126034172));
#2548 = CARTESIAN_POINT('',(11.518483653857,-5.039273184178,
    25.807126034172));
#2549 = CARTESIAN_POINT('',(11.53718227602,-4.99223523612,
    25.807126034172));
#2550 = CARTESIAN_POINT('',(11.823099437538,-4.263073443054,
    25.807126034172));
#2551 = CARTESIAN_POINT('',(12.044350194362,-3.562896297875,
    25.807126034172));
#2552 = CARTESIAN_POINT('',(12.21793666127,-2.848312585911,
    25.807126034172));
#2553 = CARTESIAN_POINT('',(12.34279409917,-2.123115744783,
    25.807126034172));
#2554 = CARTESIAN_POINT('',(12.418220085343,-1.391150536045,
    25.807126034172));
#2555 = CARTESIAN_POINT('',(12.443858167895,-0.65630830031,
    25.807126034172));
#2556 = CARTESIAN_POINT('',(12.419714205732,7.747333738777E-02,
    25.807126034172));
#2557 = CARTESIAN_POINT('',(12.346205394068,0.806206311987,
    25.807126034172));
#2558 = PLANE('',#2559);
#2559 = AXIS2_PLACEMENT_3D('',#2560,#2561,#2562);
#2560 = CARTESIAN_POINT('',(0.,0.,25.807126034172));
#2561 = DIRECTION('',(0.,0.,-1.));
#2562 = DIRECTION('',(-1.,0.,0.));
#2563 = ADVANCED_FACE('',(#2564,#2575),#2578,.T.);
#2564 = FACE_BOUND('',#2565,.T.);
#2565 = EDGE_LOOP('',(#2566));
#2566 = ORIENTED_EDGE('',*,*,#2567,.T.);
#2567 = EDGE_CURVE('',#2568,#2568,#2570,.T.);
#2568 = VERTEX_POINT('',#2569);
#2569 = CARTESIAN_POINT('',(8.2315,0.,14.955195508614));
#2570 = CIRCLE('',#2571,8.2315);
#2571 = AXIS2_PLACEMENT_3D('',#2572,#2573,#2574);
#2572 = CARTESIAN_POINT('',(0.,0.,14.955195508614));
#2573 = DIRECTION('',(0.,0.,1.));
#2574 = DIRECTION('',(1.,0.,0.));
#2575 = FACE_BOUND('',#2576,.T.);
#2576 = EDGE_LOOP('',(#2577));
#2577 = ORIENTED_EDGE('',*,*,#1300,.F.);
#2578 = PLANE('',#2579);
#2579 = AXIS2_PLACEMENT_3D('',#2580,#2581,#2582);
#2580 = CARTESIAN_POINT('',(-6.773744400312,3.15864888825,
    14.955195508614));
#2581 = DIRECTION('',(0.,0.,1.));
#2582 = DIRECTION('',(-0.906307787037,0.422618261741,0.));
#2583 = ADVANCED_FACE('',(#2584),#2798,.F.);
#2584 = FACE_BOUND('',#2585,.F.);
#2585 = EDGE_LOOP('',(#2586,#2587,#2689,#2698));
#2586 = ORIENTED_EDGE('',*,*,#1319,.T.);
#2587 = ORIENTED_EDGE('',*,*,#2588,.T.);
#2588 = EDGE_CURVE('',#1322,#2589,#2591,.T.);
#2589 = VERTEX_POINT('',#2590);
#2590 = CARTESIAN_POINT('',(7.096574458753,-10.13495866796,
    19.500195508614));
#2591 = ( BOUNDED_CURVE() B_SPLINE_CURVE(2,(#2592,#2593,#2594,#2595,
    #2596,#2597,#2598,#2599,#2600,#2601,#2602,#2603,#2604,#2605,#2606,
    #2607,#2608,#2609,#2610,#2611,#2612,#2613,#2614,#2615,#2616,#2617,
    #2618,#2619,#2620,#2621,#2622,#2623,#2624,#2625,#2626,#2627,#2628,
    #2629,#2630,#2631,#2632,#2633,#2634,#2635,#2636,#2637,#2638,#2639,
    #2640,#2641,#2642,#2643,#2644,#2645,#2646,#2647,#2648,#2649,#2650,
    #2651,#2652,#2653,#2654,#2655,#2656,#2657,#2658,#2659,#2660,#2661,
    #2662,#2663,#2664,#2665,#2666,#2667,#2668,#2669,#2670,#2671,#2672,
    #2673,#2674,#2675,#2676,#2677,#2678,#2679,#2680,#2681,#2682,#2683,
    #2684,#2685,#2686,#2687,#2688),.UNSPECIFIED.,.F.,.F.) 
B_SPLINE_CURVE_WITH_KNOTS((3,2,2,2,2,2,2,2,2,2,2,2,2,2,2,2,2,2,2,2,2,2,2
    ,2,2,2,2,2,2,2,2,2,2,2,2,2,2,2,2,2,2,2,2,2,2,2,2,2,3),(0.,
    2.083333333333E-02,4.166666666667E-02,6.25E-02,8.333333333333E-02,
    0.104166666667,0.125,0.145833333333,0.166666666667,0.1875,
    0.208333333333,0.229166666667,0.25,0.270833333333,0.291666666667,
    0.3125,0.333333333333,0.354166666667,0.375,0.395833333333,
    0.416666666667,0.4375,0.458333333333,0.479166666667,0.5,
    0.520833333333,0.541666666667,0.5625,0.583333333333,0.604166666667,
    0.625,0.645833333333,0.666666666667,0.6875,0.708333333333,
    0.729166666667,0.75,0.770833333333,0.791666666667,0.8125,
    0.833333333333,0.854166666667,0.875,0.895833333333,0.916666666667,
0.9375,0.958333333333,0.979166666667,1.),.UNSPECIFIED.) CURVE() 
GEOMETRIC_REPRESENTATION_ITEM() RATIONAL_B_SPLINE_CURVE((1.,
    0.866025403784,1.,0.866025403784,1.,0.866025403784,1.,0.866025403784
    ,1.,0.866025403784,1.,0.866025403784,1.,0.866025403784,1.,
    0.866025403784,1.,0.866025403784,1.,0.866025403784,1.,0.866025403784
    ,1.,0.866025403784,1.,0.866025403784,1.,0.866025403784,1.,
    0.866025403784,1.,0.866025403784,1.,0.866025403784,1.,0.866025403784
    ,1.,0.866025403784,1.,0.866025403784,1.,0.866025403784,1.,
    0.866025403784,1.,0.866025403784,1.,0.866025403784,1.,0.866025403784
    ,1.,0.866025403784,1.,0.866025403784,1.,0.866025403784,1.,
    0.866025403784,1.,0.866025403784,1.,0.866025403784,1.,0.866025403784
    ,1.,0.866025403784,1.,0.866025403784,1.,0.866025403784,1.,
    0.866025403784,1.,0.866025403784,1.,0.866025403784,1.,0.866025403784
    ,1.,0.866025403784,1.,0.866025403784,1.,0.866025403784,1.,
    0.866025403784,1.,0.866025403784,1.,0.866025403784,1.,0.866025403784
,1.,0.866025403784,1.,0.866025403784,1.)) REPRESENTATION_ITEM('') );
#2592 = CARTESIAN_POINT('',(-11.21329309511,5.228844443387,
    27.958945508614));
#2593 = CARTESIAN_POINT('',(-8.194418348171,11.702842230351,
    27.832695508614));
#2594 = CARTESIAN_POINT('',(-1.078334427145,12.32541890214,
    27.706445508614));
#2595 = CARTESIAN_POINT('',(6.03774949388,12.947995573929,
    27.580195508614));
#2596 = CARTESIAN_POINT('',(10.134958667966,7.096574458753,
    27.453945508614));
#2597 = CARTESIAN_POINT('',(14.232167842051,1.245153343578,
    27.327695508614));
#2598 = CARTESIAN_POINT('',(11.213293095111,-5.228844443387,
    27.201445508614));
#2599 = CARTESIAN_POINT('',(8.194418348171,-11.70284223035,
    27.075195508614));
#2600 = CARTESIAN_POINT('',(1.078334427145,-12.32541890214,
    26.948945508614));
#2601 = CARTESIAN_POINT('',(-6.03774949388,-12.94799557392,
    26.822695508614));
#2602 = CARTESIAN_POINT('',(-10.13495866796,-7.096574458753,
    26.696445508614));
#2603 = CARTESIAN_POINT('',(-14.23216784205,-1.245153343578,
    26.570195508614));
#2604 = CARTESIAN_POINT('',(-11.21329309511,5.228844443387,
    26.443945508614));
#2605 = CARTESIAN_POINT('',(-8.194418348171,11.702842230351,
    26.317695508614));
#2606 = CARTESIAN_POINT('',(-1.078334427145,12.32541890214,
    26.191445508614));
#2607 = CARTESIAN_POINT('',(6.03774949388,12.947995573929,
    26.065195508614));
#2608 = CARTESIAN_POINT('',(10.134958667966,7.096574458753,
    25.938945508614));
#2609 = CARTESIAN_POINT('',(14.232167842051,1.245153343578,
    25.812695508614));
#2610 = CARTESIAN_POINT('',(11.213293095111,-5.228844443387,
    25.686445508614));
#2611 = CARTESIAN_POINT('',(8.194418348171,-11.70284223035,
    25.560195508614));
#2612 = CARTESIAN_POINT('',(1.078334427145,-12.32541890214,
    25.433945508614));
#2613 = CARTESIAN_POINT('',(-6.03774949388,-12.94799557392,
    25.307695508614));
#2614 = CARTESIAN_POINT('',(-10.13495866796,-7.096574458753,
    25.181445508614));
#2615 = CARTESIAN_POINT('',(-14.23216784205,-1.245153343578,
    25.055195508614));
#2616 = CARTESIAN_POINT('',(-11.21329309511,5.228844443387,
    24.928945508614));
#2617 = CARTESIAN_POINT('',(-8.194418348171,11.702842230351,
    24.802695508614));
#2618 = CARTESIAN_POINT('',(-1.078334427145,12.32541890214,
    24.676445508614));
#2619 = CARTESIAN_POINT('',(6.03774949388,12.947995573929,
    24.550195508614));
#2620 = CARTESIAN_POINT('',(10.134958667966,7.096574458753,
    24.423945508614));
#2621 = CARTESIAN_POINT('',(14.232167842051,1.245153343578,
    24.297695508614));
#2622 = CARTESIAN_POINT('',(11.213293095111,-5.228844443387,
    24.171445508614));
#2623 = CARTESIAN_POINT('',(8.194418348171,-11.70284223035,
    24.045195508614));
#2624 = CARTESIAN_POINT('',(1.078334427145,-12.32541890214,
    23.918945508614));
#2625 = CARTESIAN_POINT('',(-6.03774949388,-12.94799557392,
    23.792695508614));
#2626 = CARTESIAN_POINT('',(-10.13495866796,-7.096574458753,
    23.666445508614));
#2627 = CARTESIAN_POINT('',(-14.23216784205,-1.245153343578,
    23.540195508614));
#2628 = CARTESIAN_POINT('',(-11.21329309511,5.228844443387,
    23.413945508614));
#2629 = CARTESIAN_POINT('',(-8.194418348171,11.702842230351,
    23.287695508614));
#2630 = CARTESIAN_POINT('',(-1.078334427145,12.32541890214,
    23.161445508614));
#2631 = CARTESIAN_POINT('',(6.03774949388,12.947995573929,
    23.035195508614));
#2632 = CARTESIAN_POINT('',(10.134958667966,7.096574458753,
    22.908945508614));
#2633 = CARTESIAN_POINT('',(14.232167842051,1.245153343578,
    22.782695508614));
#2634 = CARTESIAN_POINT('',(11.213293095111,-5.228844443387,
    22.656445508614));
#2635 = CARTESIAN_POINT('',(8.194418348171,-11.70284223035,
    22.530195508614));
#2636 = CARTESIAN_POINT('',(1.078334427145,-12.32541890214,
    22.403945508614));
#2637 = CARTESIAN_POINT('',(-6.03774949388,-12.94799557392,
    22.277695508614));
#2638 = CARTESIAN_POINT('',(-10.13495866796,-7.096574458753,
    22.151445508614));
#2639 = CARTESIAN_POINT('',(-14.23216784205,-1.245153343578,
    22.025195508614));
#2640 = CARTESIAN_POINT('',(-11.21329309511,5.228844443387,
    21.898945508614));
#2641 = CARTESIAN_POINT('',(-8.194418348171,11.702842230351,
    21.772695508614));
#2642 = CARTESIAN_POINT('',(-1.078334427145,12.32541890214,
    21.646445508614));
#2643 = CARTESIAN_POINT('',(6.03774949388,12.947995573929,
    21.520195508614));
#2644 = CARTESIAN_POINT('',(10.134958667966,7.096574458753,
    21.393945508614));
#2645 = CARTESIAN_POINT('',(14.232167842051,1.245153343578,
    21.267695508614));
#2646 = CARTESIAN_POINT('',(11.213293095111,-5.228844443387,
    21.141445508614));
#2647 = CARTESIAN_POINT('',(8.194418348171,-11.70284223035,
    21.015195508614));
#2648 = CARTESIAN_POINT('',(1.078334427145,-12.32541890214,
    20.888945508614));
#2649 = CARTESIAN_POINT('',(-6.03774949388,-12.94799557392,
    20.762695508614));
#2650 = CARTESIAN_POINT('',(-10.13495866796,-7.096574458753,
    20.636445508614));
#2651 = CARTESIAN_POINT('',(-14.23216784205,-1.245153343578,
    20.510195508614));
#2652 = CARTESIAN_POINT('',(-11.21329309511,5.228844443387,
    20.383945508614));
#2653 = CARTESIAN_POINT('',(-8.194418348171,11.702842230351,
    20.257695508614));
#2654 = CARTESIAN_POINT('',(-1.078334427145,12.32541890214,
    20.131445508614));
#2655 = CARTESIAN_POINT('',(6.03774949388,12.947995573929,
    20.005195508614));
#2656 = CARTESIAN_POINT('',(10.134958667966,7.096574458753,
    19.878945508614));
#2657 = CARTESIAN_POINT('',(14.232167842051,1.245153343578,
    19.752695508614));
#2658 = CARTESIAN_POINT('',(11.213293095111,-5.228844443387,
    19.626445508614));
#2659 = CARTESIAN_POINT('',(8.194418348171,-11.70284223035,
    19.500195508614));
#2660 = CARTESIAN_POINT('',(1.078334427145,-12.32541890214,
    19.373945508614));
#2661 = CARTESIAN_POINT('',(-6.03774949388,-12.94799557392,
    19.247695508614));
#2662 = CARTESIAN_POINT('',(-10.13495866796,-7.096574458753,
    19.121445508614));
#2663 = CARTESIAN_POINT('',(-14.23216784205,-1.245153343578,
    18.995195508614));
#2664 = CARTESIAN_POINT('',(-11.21329309511,5.228844443387,
    18.868945508614));
#2665 = CARTESIAN_POINT('',(-8.194418348171,11.702842230351,
    18.742695508614));
#2666 = CARTESIAN_POINT('',(-1.078334427145,12.32541890214,
    18.616445508614));
#2667 = CARTESIAN_POINT('',(6.03774949388,12.947995573929,
    18.490195508614));
#2668 = CARTESIAN_POINT('',(10.134958667966,7.096574458753,
    18.363945508614));
#2669 = CARTESIAN_POINT('',(14.232167842051,1.245153343578,
    18.237695508614));
#2670 = CARTESIAN_POINT('',(11.213293095111,-5.228844443387,
    18.111445508614));
#2671 = CARTESIAN_POINT('',(8.194418348171,-11.70284223035,
    17.985195508614));
#2672 = CARTESIAN_POINT('',(1.078334427145,-12.32541890214,
    17.858945508614));
#2673 = CARTESIAN_POINT('',(-6.03774949388,-12.94799557392,
    17.732695508614));
#2674 = CARTESIAN_POINT('',(-10.13495866796,-7.096574458753,
    17.606445508614));
#2675 = CARTESIAN_POINT('',(-14.23216784205,-1.245153343578,
    17.480195508614));
#2676 = CARTESIAN_POINT('',(-11.21329309511,5.228844443387,
    17.353945508614));
#2677 = CARTESIAN_POINT('',(-8.194418348171,11.702842230351,
    17.227695508614));
#2678 = CARTESIAN_POINT('',(-1.078334427145,12.32541890214,
    17.101445508614));
#2679 = CARTESIAN_POINT('',(6.03774949388,12.947995573929,
    16.975195508614));
#2680 = CARTESIAN_POINT('',(10.134958667966,7.096574458753,
    16.848945508614));
#2681 = CARTESIAN_POINT('',(14.232167842051,1.245153343578,
    16.722695508614));
#2682 = CARTESIAN_POINT('',(11.213293095111,-5.228844443387,
    16.596445508614));
#2683 = CARTESIAN_POINT('',(8.194418348171,-11.70284223035,
    16.470195508614));
#2684 = CARTESIAN_POINT('',(1.078334427145,-12.32541890214,
    16.343945508614));
#2685 = CARTESIAN_POINT('',(-6.03774949388,-12.94799557392,
    16.217695508614));
#2686 = CARTESIAN_POINT('',(-10.13495866796,-7.096574458753,
    16.091445508614));
#2687 = CARTESIAN_POINT('',(-14.23216784205,-1.245153343578,
    15.965195508614));
#2688 = CARTESIAN_POINT('',(-11.21329309511,5.228844443387,
    15.838945508614));
#2689 = ORIENTED_EDGE('',*,*,#2690,.T.);
#2690 = EDGE_CURVE('',#2589,#2691,#2693,.T.);
#2691 = VERTEX_POINT('',#2692);
#2692 = CARTESIAN_POINT('',(10.134958667966,7.096574458753,
    19.500195508614));
#2693 = CIRCLE('',#2694,12.3725);
#2694 = AXIS2_PLACEMENT_3D('',#2695,#2696,#2697);
#2695 = CARTESIAN_POINT('',(0.,0.,19.500195508614));
#2696 = DIRECTION('',(0.,0.,1.));
#2697 = DIRECTION('',(-0.906307787037,0.422618261741,0.));
#2698 = ORIENTED_EDGE('',*,*,#2699,.F.);
#2699 = EDGE_CURVE('',#1320,#2691,#2700,.T.);
#2700 = ( BOUNDED_CURVE() B_SPLINE_CURVE(2,(#2701,#2702,#2703,#2704,
    #2705,#2706,#2707,#2708,#2709,#2710,#2711,#2712,#2713,#2714,#2715,
    #2716,#2717,#2718,#2719,#2720,#2721,#2722,#2723,#2724,#2725,#2726,
    #2727,#2728,#2729,#2730,#2731,#2732,#2733,#2734,#2735,#2736,#2737,
    #2738,#2739,#2740,#2741,#2742,#2743,#2744,#2745,#2746,#2747,#2748,
    #2749,#2750,#2751,#2752,#2753,#2754,#2755,#2756,#2757,#2758,#2759,
    #2760,#2761,#2762,#2763,#2764,#2765,#2766,#2767,#2768,#2769,#2770,
    #2771,#2772,#2773,#2774,#2775,#2776,#2777,#2778,#2779,#2780,#2781,
    #2782,#2783,#2784,#2785,#2786,#2787,#2788,#2789,#2790,#2791,#2792,
    #2793,#2794,#2795,#2796,#2797),.UNSPECIFIED.,.F.,.F.) 
B_SPLINE_CURVE_WITH_KNOTS((3,2,2,2,2,2,2,2,2,2,2,2,2,2,2,2,2,2,2,2,2,2,2
    ,2,2,2,2,2,2,2,2,2,2,2,2,2,2,2,2,2,2,2,2,2,2,2,2,2,3),(0.,
    2.083333333333E-02,4.166666666667E-02,6.25E-02,8.333333333333E-02,
    0.104166666667,0.125,0.145833333333,0.166666666667,0.1875,
    0.208333333333,0.229166666667,0.25,0.270833333333,0.291666666667,
    0.3125,0.333333333333,0.354166666667,0.375,0.395833333333,
    0.416666666667,0.4375,0.458333333333,0.479166666667,0.5,
    0.520833333333,0.541666666667,0.5625,0.583333333333,0.604166666667,
    0.625,0.645833333333,0.666666666667,0.6875,0.708333333333,
    0.729166666667,0.75,0.770833333333,0.791666666667,0.8125,
    0.833333333333,0.854166666667,0.875,0.895833333333,0.916666666667,
0.9375,0.958333333333,0.979166666667,1.),.UNSPECIFIED.) CURVE() 
GEOMETRIC_REPRESENTATION_ITEM() RATIONAL_B_SPLINE_CURVE((1.,
    0.866025403784,1.,0.866025403784,1.,0.866025403784,1.,0.866025403784
    ,1.,0.866025403784,1.,0.866025403784,1.,0.866025403784,1.,
    0.866025403784,1.,0.866025403784,1.,0.866025403784,1.,0.866025403784
    ,1.,0.866025403784,1.,0.866025403784,1.,0.866025403784,1.,
    0.866025403784,1.,0.866025403784,1.,0.866025403784,1.,0.866025403784
    ,1.,0.866025403784,1.,0.866025403784,1.,0.866025403784,1.,
    0.866025403784,1.,0.866025403784,1.,0.866025403784,1.,0.866025403784
    ,1.,0.866025403784,1.,0.866025403784,1.,0.866025403784,1.,
    0.866025403784,1.,0.866025403784,1.,0.866025403784,1.,0.866025403784
    ,1.,0.866025403784,1.,0.866025403784,1.,0.866025403784,1.,
    0.866025403784,1.,0.866025403784,1.,0.866025403784,1.,0.866025403784
    ,1.,0.866025403784,1.,0.866025403784,1.,0.866025403784,1.,
    0.866025403784,1.,0.866025403784,1.,0.866025403784,1.,0.866025403784
,1.,0.866025403784,1.,0.866025403784,1.)) REPRESENTATION_ITEM('') );
#2701 = CARTESIAN_POINT('',(-11.21329309511,5.228844443387,
    29.095195508614));
#2702 = CARTESIAN_POINT('',(-8.194418348171,11.702842230351,
    28.968945508614));
#2703 = CARTESIAN_POINT('',(-1.078334427145,12.32541890214,
    28.842695508614));
#2704 = CARTESIAN_POINT('',(6.03774949388,12.947995573929,
    28.716445508614));
#2705 = CARTESIAN_POINT('',(10.134958667966,7.096574458753,
    28.590195508614));
#2706 = CARTESIAN_POINT('',(14.232167842051,1.245153343578,
    28.463945508614));
#2707 = CARTESIAN_POINT('',(11.213293095111,-5.228844443387,
    28.337695508614));
#2708 = CARTESIAN_POINT('',(8.194418348171,-11.70284223035,
    28.211445508614));
#2709 = CARTESIAN_POINT('',(1.078334427145,-12.32541890214,
    28.085195508614));
#2710 = CARTESIAN_POINT('',(-6.03774949388,-12.94799557392,
    27.958945508614));
#2711 = CARTESIAN_POINT('',(-10.13495866796,-7.096574458753,
    27.832695508614));
#2712 = CARTESIAN_POINT('',(-14.23216784205,-1.245153343578,
    27.706445508614));
#2713 = CARTESIAN_POINT('',(-11.21329309511,5.228844443387,
    27.580195508614));
#2714 = CARTESIAN_POINT('',(-8.194418348171,11.702842230351,
    27.453945508614));
#2715 = CARTESIAN_POINT('',(-1.078334427145,12.32541890214,
    27.327695508614));
#2716 = CARTESIAN_POINT('',(6.03774949388,12.947995573929,
    27.201445508614));
#2717 = CARTESIAN_POINT('',(10.134958667966,7.096574458753,
    27.075195508615));
#2718 = CARTESIAN_POINT('',(14.232167842051,1.245153343578,
    26.948945508614));
#2719 = CARTESIAN_POINT('',(11.213293095111,-5.228844443387,
    26.822695508615));
#2720 = CARTESIAN_POINT('',(8.194418348171,-11.70284223035,
    26.696445508615));
#2721 = CARTESIAN_POINT('',(1.078334427145,-12.32541890214,
    26.570195508614));
#2722 = CARTESIAN_POINT('',(-6.03774949388,-12.94799557392,
    26.443945508614));
#2723 = CARTESIAN_POINT('',(-10.13495866796,-7.096574458753,
    26.317695508614));
#2724 = CARTESIAN_POINT('',(-14.23216784205,-1.245153343578,
    26.191445508614));
#2725 = CARTESIAN_POINT('',(-11.21329309511,5.228844443387,
    26.065195508614));
#2726 = CARTESIAN_POINT('',(-8.194418348171,11.702842230351,
    25.938945508614));
#2727 = CARTESIAN_POINT('',(-1.078334427145,12.32541890214,
    25.812695508614));
#2728 = CARTESIAN_POINT('',(6.03774949388,12.947995573929,
    25.686445508614));
#2729 = CARTESIAN_POINT('',(10.134958667966,7.096574458753,
    25.560195508614));
#2730 = CARTESIAN_POINT('',(14.232167842051,1.245153343578,
    25.433945508614));
#2731 = CARTESIAN_POINT('',(11.213293095111,-5.228844443387,
    25.307695508614));
#2732 = CARTESIAN_POINT('',(8.194418348171,-11.70284223035,
    25.181445508614));
#2733 = CARTESIAN_POINT('',(1.078334427145,-12.32541890214,
    25.055195508614));
#2734 = CARTESIAN_POINT('',(-6.03774949388,-12.94799557392,
    24.928945508614));
#2735 = CARTESIAN_POINT('',(-10.13495866796,-7.096574458753,
    24.802695508614));
#2736 = CARTESIAN_POINT('',(-14.23216784205,-1.245153343578,
    24.676445508614));
#2737 = CARTESIAN_POINT('',(-11.21329309511,5.228844443387,
    24.550195508614));
#2738 = CARTESIAN_POINT('',(-8.194418348171,11.702842230351,
    24.423945508614));
#2739 = CARTESIAN_POINT('',(-1.078334427145,12.32541890214,
    24.297695508614));
#2740 = CARTESIAN_POINT('',(6.03774949388,12.947995573929,
    24.171445508614));
#2741 = CARTESIAN_POINT('',(10.134958667966,7.096574458753,
    24.045195508614));
#2742 = CARTESIAN_POINT('',(14.232167842051,1.245153343578,
    23.918945508614));
#2743 = CARTESIAN_POINT('',(11.213293095111,-5.228844443387,
    23.792695508614));
#2744 = CARTESIAN_POINT('',(8.194418348171,-11.70284223035,
    23.666445508614));
#2745 = CARTESIAN_POINT('',(1.078334427145,-12.32541890214,
    23.540195508614));
#2746 = CARTESIAN_POINT('',(-6.03774949388,-12.94799557392,
    23.413945508614));
#2747 = CARTESIAN_POINT('',(-10.13495866796,-7.096574458753,
    23.287695508614));
#2748 = CARTESIAN_POINT('',(-14.23216784205,-1.245153343578,
    23.161445508614));
#2749 = CARTESIAN_POINT('',(-11.21329309511,5.228844443387,
    23.035195508614));
#2750 = CARTESIAN_POINT('',(-8.194418348171,11.702842230351,
    22.908945508614));
#2751 = CARTESIAN_POINT('',(-1.078334427145,12.32541890214,
    22.782695508614));
#2752 = CARTESIAN_POINT('',(6.03774949388,12.947995573929,
    22.656445508614));
#2753 = CARTESIAN_POINT('',(10.134958667966,7.096574458753,
    22.530195508614));
#2754 = CARTESIAN_POINT('',(14.232167842051,1.245153343578,
    22.403945508614));
#2755 = CARTESIAN_POINT('',(11.213293095111,-5.228844443387,
    22.277695508614));
#2756 = CARTESIAN_POINT('',(8.194418348171,-11.70284223035,
    22.151445508614));
#2757 = CARTESIAN_POINT('',(1.078334427145,-12.32541890214,
    22.025195508614));
#2758 = CARTESIAN_POINT('',(-6.03774949388,-12.94799557392,
    21.898945508614));
#2759 = CARTESIAN_POINT('',(-10.13495866796,-7.096574458753,
    21.772695508614));
#2760 = CARTESIAN_POINT('',(-14.23216784205,-1.245153343578,
    21.646445508614));
#2761 = CARTESIAN_POINT('',(-11.21329309511,5.228844443387,
    21.520195508614));
#2762 = CARTESIAN_POINT('',(-8.194418348171,11.702842230351,
    21.393945508614));
#2763 = CARTESIAN_POINT('',(-1.078334427145,12.32541890214,
    21.267695508614));
#2764 = CARTESIAN_POINT('',(6.03774949388,12.947995573929,
    21.141445508614));
#2765 = CARTESIAN_POINT('',(10.134958667966,7.096574458753,
    21.015195508614));
#2766 = CARTESIAN_POINT('',(14.232167842051,1.245153343578,
    20.888945508614));
#2767 = CARTESIAN_POINT('',(11.213293095111,-5.228844443387,
    20.762695508614));
#2768 = CARTESIAN_POINT('',(8.194418348171,-11.70284223035,
    20.636445508614));
#2769 = CARTESIAN_POINT('',(1.078334427145,-12.32541890214,
    20.510195508614));
#2770 = CARTESIAN_POINT('',(-6.03774949388,-12.94799557392,
    20.383945508614));
#2771 = CARTESIAN_POINT('',(-10.13495866796,-7.096574458753,
    20.257695508614));
#2772 = CARTESIAN_POINT('',(-14.23216784205,-1.245153343578,
    20.131445508614));
#2773 = CARTESIAN_POINT('',(-11.21329309511,5.228844443387,
    20.005195508614));
#2774 = CARTESIAN_POINT('',(-8.194418348171,11.702842230351,
    19.878945508614));
#2775 = CARTESIAN_POINT('',(-1.078334427145,12.32541890214,
    19.752695508614));
#2776 = CARTESIAN_POINT('',(6.03774949388,12.947995573929,
    19.626445508614));
#2777 = CARTESIAN_POINT('',(10.134958667966,7.096574458753,
    19.500195508614));
#2778 = CARTESIAN_POINT('',(14.232167842051,1.245153343578,
    19.373945508614));
#2779 = CARTESIAN_POINT('',(11.213293095111,-5.228844443387,
    19.247695508614));
#2780 = CARTESIAN_POINT('',(8.194418348171,-11.70284223035,
    19.121445508614));
#2781 = CARTESIAN_POINT('',(1.078334427145,-12.32541890214,
    18.995195508614));
#2782 = CARTESIAN_POINT('',(-6.03774949388,-12.94799557392,
    18.868945508614));
#2783 = CARTESIAN_POINT('',(-10.13495866796,-7.096574458753,
    18.742695508614));
#2784 = CARTESIAN_POINT('',(-14.23216784205,-1.245153343578,
    18.616445508614));
#2785 = CARTESIAN_POINT('',(-11.21329309511,5.228844443387,
    18.490195508614));
#2786 = CARTESIAN_POINT('',(-8.194418348171,11.702842230351,
    18.363945508614));
#2787 = CARTESIAN_POINT('',(-1.078334427145,12.32541890214,
    18.237695508614));
#2788 = CARTESIAN_POINT('',(6.03774949388,12.947995573929,
    18.111445508614));
#2789 = CARTESIAN_POINT('',(10.134958667966,7.096574458753,
    17.985195508614));
#2790 = CARTESIAN_POINT('',(14.232167842051,1.245153343578,
    17.858945508614));
#2791 = CARTESIAN_POINT('',(11.213293095111,-5.228844443387,
    17.732695508614));
#2792 = CARTESIAN_POINT('',(8.194418348171,-11.70284223035,
    17.606445508614));
#2793 = CARTESIAN_POINT('',(1.078334427145,-12.32541890214,
    17.480195508614));
#2794 = CARTESIAN_POINT('',(-6.03774949388,-12.94799557392,
    17.353945508614));
#2795 = CARTESIAN_POINT('',(-10.13495866796,-7.096574458753,
    17.227695508614));
#2796 = CARTESIAN_POINT('',(-14.23216784205,-1.245153343578,
    17.101445508614));
#2797 = CARTESIAN_POINT('',(-11.21329309511,5.228844443387,
    16.975195508614));
#2798 = CYLINDRICAL_SURFACE('',#2799,12.3725);
#2799 = AXIS2_PLACEMENT_3D('',#2800,#2801,#2802);
#2800 = CARTESIAN_POINT('',(0.,0.,26.065195508614));
#2801 = DIRECTION('',(0.,0.,-1.));
#2802 = DIRECTION('',(0.906307787037,-0.422618261741,0.));
#2803 = ADVANCED_FACE('',(#2804),#2920,.F.);
#2804 = FACE_BOUND('',#2805,.F.);
#2805 = EDGE_LOOP('',(#2806,#2807,#2808,#2910));
#2806 = ORIENTED_EDGE('',*,*,#2588,.F.);
#2807 = ORIENTED_EDGE('',*,*,#2484,.F.);
#2808 = ORIENTED_EDGE('',*,*,#2809,.T.);
#2809 = EDGE_CURVE('',#2406,#2810,#2812,.T.);
#2810 = VERTEX_POINT('',#2811);
#2811 = CARTESIAN_POINT('',(-12.89551224454,-2.783575016184,
    19.500195508614));
#2812 = ( BOUNDED_CURVE() B_SPLINE_CURVE(2,(#2813,#2814,#2815,#2816,
    #2817,#2818,#2819,#2820,#2821,#2822,#2823,#2824,#2825,#2826,#2827,
    #2828,#2829,#2830,#2831,#2832,#2833,#2834,#2835,#2836,#2837,#2838,
    #2839,#2840,#2841,#2842,#2843,#2844,#2845,#2846,#2847,#2848,#2849,
    #2850,#2851,#2852,#2853,#2854,#2855,#2856,#2857,#2858,#2859,#2860,
    #2861,#2862,#2863,#2864,#2865,#2866,#2867,#2868,#2869,#2870,#2871,
    #2872,#2873,#2874,#2875,#2876,#2877,#2878,#2879,#2880,#2881,#2882,
    #2883,#2884,#2885,#2886,#2887,#2888,#2889,#2890,#2891,#2892,#2893,
    #2894,#2895,#2896,#2897,#2898,#2899,#2900,#2901,#2902,#2903,#2904,
    #2905,#2906,#2907,#2908,#2909),.UNSPECIFIED.,.F.,.F.) 
B_SPLINE_CURVE_WITH_KNOTS((3,2,2,2,2,2,2,2,2,2,2,2,2,2,2,2,2,2,2,2,2,2,2
    ,2,2,2,2,2,2,2,2,2,2,2,2,2,2,2,2,2,2,2,2,2,2,2,2,2,3),(0.,
    2.083333333333E-02,4.166666666667E-02,6.25E-02,8.333333333333E-02,
    0.104166666667,0.125,0.145833333333,0.166666666667,0.1875,
    0.208333333333,0.229166666667,0.25,0.270833333333,0.291666666667,
    0.3125,0.333333333333,0.354166666667,0.375,0.395833333333,
    0.416666666667,0.4375,0.458333333333,0.479166666667,0.5,
    0.520833333333,0.541666666667,0.5625,0.583333333333,0.604166666667,
    0.625,0.645833333333,0.666666666667,0.6875,0.708333333333,
    0.729166666667,0.75,0.770833333333,0.791666666667,0.8125,
    0.833333333333,0.854166666667,0.875,0.895833333333,0.916666666667,
0.9375,0.958333333333,0.979166666667,1.),.UNSPECIFIED.) CURVE() 
GEOMETRIC_REPRESENTATION_ITEM() RATIONAL_B_SPLINE_CURVE((1.,
    0.866025403784,1.,0.866025403784,1.,0.866025403784,1.,0.866025403784
    ,1.,0.866025403784,1.,0.866025403784,1.,0.866025403784,1.,
    0.866025403784,1.,0.866025403784,1.,0.866025403784,1.,0.866025403784
    ,1.,0.866025403784,1.,0.866025403784,1.,0.866025403784,1.,
    0.866025403784,1.,0.866025403784,1.,0.866025403784,1.,0.866025403784
    ,1.,0.866025403784,1.,0.866025403784,1.,0.866025403784,1.,
    0.866025403784,1.,0.866025403784,1.,0.866025403784,1.,0.866025403784
    ,1.,0.866025403784,1.,0.866025403784,1.,0.866025403784,1.,
    0.866025403784,1.,0.866025403784,1.,0.866025403784,1.,0.866025403784
    ,1.,0.866025403784,1.,0.866025403784,1.,0.866025403784,1.,
    0.866025403784,1.,0.866025403784,1.,0.866025403784,1.,0.866025403784
    ,1.,0.866025403784,1.,0.866025403784,1.,0.866025403784,1.,
    0.866025403784,1.,0.866025403784,1.,0.866025403784,1.,0.866025403784
,1.,0.866025403784,1.,0.866025403784,1.)) REPRESENTATION_ITEM('') );
#2813 = CARTESIAN_POINT('',(-11.95648161332,5.575398940883,
    28.432383008614));
#2814 = CARTESIAN_POINT('',(-8.737523533967,12.478476818898,
    28.306133008614));
#2815 = CARTESIAN_POINT('',(-1.149803687625,13.142316287464,
    28.179883008614));
#2816 = CARTESIAN_POINT('',(6.437916158717,13.806155756029,
    28.053633008614));
#2817 = CARTESIAN_POINT('',(10.806677925701,7.56691734658,
    27.927383008614));
#2818 = CARTESIAN_POINT('',(15.175439692685,1.327678937131,
    27.801133008614));
#2819 = CARTESIAN_POINT('',(11.956481613326,-5.575398940883,
    27.674883008614));
#2820 = CARTESIAN_POINT('',(8.737523533967,-12.47847681889,
    27.548633008614));
#2821 = CARTESIAN_POINT('',(1.149803687625,-13.14231628746,
    27.422383008614));
#2822 = CARTESIAN_POINT('',(-6.437916158717,-13.80615575602,
    27.296133008614));
#2823 = CARTESIAN_POINT('',(-10.8066779257,-7.56691734658,
    27.169883008614));
#2824 = CARTESIAN_POINT('',(-15.17543969268,-1.327678937131,
    27.043633008614));
#2825 = CARTESIAN_POINT('',(-11.95648161332,5.575398940883,
    26.917383008614));
#2826 = CARTESIAN_POINT('',(-8.737523533968,12.478476818898,
    26.791133008614));
#2827 = CARTESIAN_POINT('',(-1.149803687625,13.142316287464,
    26.664883008614));
#2828 = CARTESIAN_POINT('',(6.437916158717,13.806155756029,
    26.538633008614));
#2829 = CARTESIAN_POINT('',(10.806677925701,7.56691734658,
    26.412383008614));
#2830 = CARTESIAN_POINT('',(15.175439692685,1.327678937131,
    26.286133008614));
#2831 = CARTESIAN_POINT('',(11.956481613326,-5.575398940883,
    26.159883008614));
#2832 = CARTESIAN_POINT('',(8.737523533968,-12.47847681889,
    26.033633008614));
#2833 = CARTESIAN_POINT('',(1.149803687625,-13.14231628746,
    25.907383008614));
#2834 = CARTESIAN_POINT('',(-6.437916158717,-13.80615575602,
    25.781133008614));
#2835 = CARTESIAN_POINT('',(-10.8066779257,-7.56691734658,
    25.654883008614));
#2836 = CARTESIAN_POINT('',(-15.17543969268,-1.327678937131,
    25.528633008614));
#2837 = CARTESIAN_POINT('',(-11.95648161332,5.575398940883,
    25.402383008614));
#2838 = CARTESIAN_POINT('',(-8.737523533968,12.478476818898,
    25.276133008614));
#2839 = CARTESIAN_POINT('',(-1.149803687625,13.142316287464,
    25.149883008614));
#2840 = CARTESIAN_POINT('',(6.437916158717,13.806155756029,
    25.023633008614));
#2841 = CARTESIAN_POINT('',(10.806677925701,7.56691734658,
    24.897383008614));
#2842 = CARTESIAN_POINT('',(15.175439692685,1.327678937131,
    24.771133008614));
#2843 = CARTESIAN_POINT('',(11.956481613326,-5.575398940883,
    24.644883008614));
#2844 = CARTESIAN_POINT('',(8.737523533968,-12.47847681889,
    24.518633008614));
#2845 = CARTESIAN_POINT('',(1.149803687625,-13.14231628746,
    24.392383008614));
#2846 = CARTESIAN_POINT('',(-6.437916158717,-13.80615575602,
    24.266133008614));
#2847 = CARTESIAN_POINT('',(-10.8066779257,-7.56691734658,
    24.139883008614));
#2848 = CARTESIAN_POINT('',(-15.17543969268,-1.327678937131,
    24.013633008614));
#2849 = CARTESIAN_POINT('',(-11.95648161332,5.575398940883,
    23.887383008614));
#2850 = CARTESIAN_POINT('',(-8.737523533968,12.478476818898,
    23.761133008614));
#2851 = CARTESIAN_POINT('',(-1.149803687625,13.142316287464,
    23.634883008614));
#2852 = CARTESIAN_POINT('',(6.437916158717,13.806155756029,
    23.508633008614));
#2853 = CARTESIAN_POINT('',(10.806677925701,7.56691734658,
    23.382383008614));
#2854 = CARTESIAN_POINT('',(15.175439692685,1.327678937131,
    23.256133008614));
#2855 = CARTESIAN_POINT('',(11.956481613326,-5.575398940883,
    23.129883008614));
#2856 = CARTESIAN_POINT('',(8.737523533968,-12.47847681889,
    23.003633008614));
#2857 = CARTESIAN_POINT('',(1.149803687625,-13.14231628746,
    22.877383008615));
#2858 = CARTESIAN_POINT('',(-6.437916158717,-13.80615575602,
    22.751133008614));
#2859 = CARTESIAN_POINT('',(-10.8066779257,-7.56691734658,
    22.624883008614));
#2860 = CARTESIAN_POINT('',(-15.17543969268,-1.327678937131,
    22.498633008614));
#2861 = CARTESIAN_POINT('',(-11.95648161332,5.575398940883,
    22.372383008614));
#2862 = CARTESIAN_POINT('',(-8.737523533968,12.478476818898,
    22.246133008614));
#2863 = CARTESIAN_POINT('',(-1.149803687625,13.142316287464,
    22.119883008614));
#2864 = CARTESIAN_POINT('',(6.437916158717,13.806155756029,
    21.993633008614));
#2865 = CARTESIAN_POINT('',(10.806677925701,7.56691734658,
    21.867383008614));
#2866 = CARTESIAN_POINT('',(15.175439692685,1.327678937131,
    21.741133008614));
#2867 = CARTESIAN_POINT('',(11.956481613326,-5.575398940883,
    21.614883008614));
#2868 = CARTESIAN_POINT('',(8.737523533968,-12.47847681889,
    21.488633008614));
#2869 = CARTESIAN_POINT('',(1.149803687625,-13.14231628746,
    21.362383008614));
#2870 = CARTESIAN_POINT('',(-6.437916158717,-13.80615575602,
    21.236133008614));
#2871 = CARTESIAN_POINT('',(-10.8066779257,-7.56691734658,
    21.109883008614));
#2872 = CARTESIAN_POINT('',(-15.17543969268,-1.327678937131,
    20.983633008614));
#2873 = CARTESIAN_POINT('',(-11.95648161332,5.575398940883,
    20.857383008614));
#2874 = CARTESIAN_POINT('',(-8.737523533968,12.478476818898,
    20.731133008614));
#2875 = CARTESIAN_POINT('',(-1.149803687625,13.142316287464,
    20.604883008614));
#2876 = CARTESIAN_POINT('',(6.437916158717,13.806155756029,
    20.478633008614));
#2877 = CARTESIAN_POINT('',(10.806677925701,7.56691734658,
    20.352383008614));
#2878 = CARTESIAN_POINT('',(15.175439692685,1.327678937131,
    20.226133008614));
#2879 = CARTESIAN_POINT('',(11.956481613326,-5.575398940883,
    20.099883008614));
#2880 = CARTESIAN_POINT('',(8.737523533968,-12.47847681889,
    19.973633008614));
#2881 = CARTESIAN_POINT('',(1.149803687625,-13.14231628746,
    19.847383008614));
#2882 = CARTESIAN_POINT('',(-6.437916158717,-13.80615575602,
    19.721133008614));
#2883 = CARTESIAN_POINT('',(-10.8066779257,-7.56691734658,
    19.594883008614));
#2884 = CARTESIAN_POINT('',(-15.17543969268,-1.327678937131,
    19.468633008614));
#2885 = CARTESIAN_POINT('',(-11.95648161332,5.575398940883,
    19.342383008614));
#2886 = CARTESIAN_POINT('',(-8.737523533968,12.478476818898,
    19.216133008614));
#2887 = CARTESIAN_POINT('',(-1.149803687625,13.142316287464,
    19.089883008614));
#2888 = CARTESIAN_POINT('',(6.437916158717,13.806155756029,
    18.963633008614));
#2889 = CARTESIAN_POINT('',(10.806677925701,7.56691734658,
    18.837383008614));
#2890 = CARTESIAN_POINT('',(15.175439692685,1.327678937131,
    18.711133008614));
#2891 = CARTESIAN_POINT('',(11.956481613326,-5.575398940883,
    18.584883008614));
#2892 = CARTESIAN_POINT('',(8.737523533968,-12.47847681889,
    18.458633008614));
#2893 = CARTESIAN_POINT('',(1.149803687625,-13.14231628746,
    18.332383008614));
#2894 = CARTESIAN_POINT('',(-6.437916158717,-13.80615575602,
    18.206133008614));
#2895 = CARTESIAN_POINT('',(-10.8066779257,-7.56691734658,
    18.079883008614));
#2896 = CARTESIAN_POINT('',(-15.17543969268,-1.327678937131,
    17.953633008614));
#2897 = CARTESIAN_POINT('',(-11.95648161332,5.575398940883,
    17.827383008614));
#2898 = CARTESIAN_POINT('',(-8.737523533968,12.478476818898,
    17.701133008614));
#2899 = CARTESIAN_POINT('',(-1.149803687625,13.142316287464,
    17.574883008614));
#2900 = CARTESIAN_POINT('',(6.437916158717,13.806155756029,
    17.448633008614));
#2901 = CARTESIAN_POINT('',(10.806677925701,7.56691734658,
    17.322383008614));
#2902 = CARTESIAN_POINT('',(15.175439692685,1.327678937131,
    17.196133008614));
#2903 = CARTESIAN_POINT('',(11.956481613326,-5.575398940883,
    17.069883008614));
#2904 = CARTESIAN_POINT('',(8.737523533968,-12.47847681889,
    16.943633008614));
#2905 = CARTESIAN_POINT('',(1.149803687625,-13.14231628746,
    16.817383008614));
#2906 = CARTESIAN_POINT('',(-6.437916158717,-13.80615575602,
    16.691133008614));
#2907 = CARTESIAN_POINT('',(-10.8066779257,-7.56691734658,
    16.564883008614));
#2908 = CARTESIAN_POINT('',(-15.17543969268,-1.327678937131,
    16.438633008614));
#2909 = CARTESIAN_POINT('',(-11.95648161332,5.575398940883,
    16.312383008614));
#2910 = ORIENTED_EDGE('',*,*,#2911,.T.);
#2911 = EDGE_CURVE('',#2810,#2589,#2912,.T.);
#2912 = B_SPLINE_CURVE_WITH_KNOTS('',3,(#2913,#2914,#2915,#2916,#2917,
    #2918,#2919),.UNSPECIFIED.,.F.,.F.,(4,1,1,1,4),(2.527492552675E-02,
    3.154608341267E-02,3.78172412986E-02,4.408839918452E-02,
    5.035955707045E-02),.UNSPECIFIED.);
#2913 = CARTESIAN_POINT('',(-12.89551224454,-2.783575016184,
    19.500195508614));
#2914 = CARTESIAN_POINT('',(-12.38413609771,-4.824788420491,
    19.500195508614));
#2915 = CARTESIAN_POINT('',(-10.39386392359,-8.640592781775,
    19.500195508614));
#2916 = CARTESIAN_POINT('',(-5.052004351145,-12.32242047868,
    19.500195508614));
#2917 = CARTESIAN_POINT('',(1.41310812582,-13.03972846175,
    19.500195508614));
#2918 = CARTESIAN_POINT('',(5.403891803377,-11.41161925066,
    19.500195508614));
#2919 = CARTESIAN_POINT('',(7.096574458753,-10.13495866796,
    19.500195508614));
#2920 = ( BOUNDED_SURFACE() B_SPLINE_SURFACE(1,2,(
    (#2921,#2922,#2923,#2924,#2925,#2926,#2927,#2928,#2929,#2930,#2931
      ,#2932,#2933,#2934,#2935,#2936,#2937,#2938,#2939,#2940,#2941,#2942
      ,#2943,#2944,#2945,#2946,#2947,#2948,#2949,#2950,#2951,#2952,#2953
      ,#2954,#2955,#2956,#2957,#2958,#2959,#2960,#2961,#2962,#2963,#2964
      ,#2965,#2966,#2967,#2968,#2969,#2970,#2971,#2972,#2973,#2974,#2975
      ,#2976,#2977,#2978,#2979)
    ,(#2980,#2981,#2982,#2983,#2984,#2985,#2986,#2987,#2988,#2989,#2990
      ,#2991,#2992,#2993,#2994,#2995,#2996,#2997,#2998,#2999,#3000,#3001
      ,#3002,#3003,#3004,#3005,#3006,#3007,#3008,#3009,#3010,#3011,#3012
      ,#3013,#3014,#3015,#3016,#3017,#3018,#3019,#3020,#3021,#3022,#3023
      ,#3024,#3025,#3026,#3027,#3028,#3029,#3030,#3031,#3032,#3033,#3034
      ,#3035,#3036,#3037,#3038
)),.UNSPECIFIED.,.F.,.F.,.F.) B_SPLINE_SURFACE_WITH_KNOTS((2,2),(3,2,2,2
    ,2,2,2,2,2,2,2,2,2,2,2,2,2,2,2,2,2,2,2,2,2,2,2,2,2,3),(0.,1.),(
    0.152764635719,0.166666666667,0.1875,0.208333333333,0.229166666667,
    0.25,0.270833333333,0.291666666667,0.3125,0.333333333333,
    0.354166666667,0.375,0.395833333333,0.416666666667,0.4375,
    0.458333333333,0.479166666667,0.5,0.520833333333,0.541666666667,
    0.5625,0.583333333333,0.604166666667,0.625,0.645833333333,
    0.666666666667,0.6875,0.708333333333,0.729166666667,0.740629411059),
.UNSPECIFIED.) GEOMETRIC_REPRESENTATION_ITEM() RATIONAL_B_SPLINE_SURFACE
((
    (0.940512184104,0.910599088828,1.,0.866025403784,1.,0.866025403784
      ,1.,0.866025403784,1.,0.866025403784,1.,0.866025403784,1.
      ,0.866025403784,1.,0.866025403784,1.,0.866025403784,1.
      ,0.866025403784,1.,0.866025403784,1.,0.866025403784,1.
      ,0.866025403784,1.,0.866025403784,1.,0.866025403784,1.
      ,0.866025403784,1.,0.866025403784,1.,0.866025403784,1.
      ,0.866025403784,1.,0.866025403784,1.,0.866025403784,1.
      ,0.866025403784,1.,0.866025403784,1.,0.866025403784,1.
      ,0.866025403784,1.,0.866025403784,1.,0.866025403784,1.
      ,0.866025403784,1.,0.92628560553,0.933688260196)
    ,(0.940512184104,0.910599088828,1.,0.866025403784,1.,0.866025403784
      ,1.,0.866025403784,1.,0.866025403784,1.,0.866025403784,1.
      ,0.866025403784,1.,0.866025403784,1.,0.866025403784,1.
      ,0.866025403784,1.,0.866025403784,1.,0.866025403784,1.
      ,0.866025403784,1.,0.866025403784,1.,0.866025403784,1.
      ,0.866025403784,1.,0.866025403784,1.,0.866025403784,1.
      ,0.866025403784,1.,0.866025403784,1.,0.866025403784,1.
      ,0.866025403784,1.,0.866025403784,1.,0.866025403784,1.
      ,0.866025403784,1.,0.866025403784,1.,0.866025403784,1.
      ,0.866025403784,1.,0.92628560553,0.933688260196
))) REPRESENTATION_ITEM('') SURFACE() );
#2921 = CARTESIAN_POINT('',(3.150845855501,11.964569638933,
    26.110109987976));
#2922 = CARTESIAN_POINT('',(7.534732975951,10.810081597883,
    26.019067972386));
#2923 = CARTESIAN_POINT('',(10.134958667966,7.096574458753,
    25.938945508614));
#2924 = CARTESIAN_POINT('',(14.232167842051,1.245153343578,
    25.812695508614));
#2925 = CARTESIAN_POINT('',(11.213293095111,-5.228844443387,
    25.686445508614));
#2926 = CARTESIAN_POINT('',(8.194418348171,-11.70284223035,
    25.560195508614));
#2927 = CARTESIAN_POINT('',(1.078334427145,-12.32541890214,
    25.433945508614));
#2928 = CARTESIAN_POINT('',(-6.03774949388,-12.94799557392,
    25.307695508614));
#2929 = CARTESIAN_POINT('',(-10.13495866796,-7.096574458753,
    25.181445508614));
#2930 = CARTESIAN_POINT('',(-14.23216784205,-1.245153343578,
    25.055195508614));
#2931 = CARTESIAN_POINT('',(-11.21329309511,5.228844443387,
    24.928945508614));
#2932 = CARTESIAN_POINT('',(-8.194418348171,11.702842230351,
    24.802695508614));
#2933 = CARTESIAN_POINT('',(-1.078334427145,12.32541890214,
    24.676445508614));
#2934 = CARTESIAN_POINT('',(6.03774949388,12.947995573929,
    24.550195508614));
#2935 = CARTESIAN_POINT('',(10.134958667966,7.096574458753,
    24.423945508614));
#2936 = CARTESIAN_POINT('',(14.232167842051,1.245153343578,
    24.297695508614));
#2937 = CARTESIAN_POINT('',(11.213293095111,-5.228844443387,
    24.171445508614));
#2938 = CARTESIAN_POINT('',(8.194418348171,-11.70284223035,
    24.045195508614));
#2939 = CARTESIAN_POINT('',(1.078334427145,-12.32541890214,
    23.918945508614));
#2940 = CARTESIAN_POINT('',(-6.03774949388,-12.94799557392,
    23.792695508614));
#2941 = CARTESIAN_POINT('',(-10.13495866796,-7.096574458753,
    23.666445508614));
#2942 = CARTESIAN_POINT('',(-14.23216784205,-1.245153343578,
    23.540195508614));
#2943 = CARTESIAN_POINT('',(-11.21329309511,5.228844443387,
    23.413945508614));
#2944 = CARTESIAN_POINT('',(-8.194418348171,11.702842230351,
    23.287695508614));
#2945 = CARTESIAN_POINT('',(-1.078334427145,12.32541890214,
    23.161445508614));
#2946 = CARTESIAN_POINT('',(6.03774949388,12.947995573929,
    23.035195508614));
#2947 = CARTESIAN_POINT('',(10.134958667966,7.096574458753,
    22.908945508614));
#2948 = CARTESIAN_POINT('',(14.232167842051,1.245153343578,
    22.782695508614));
#2949 = CARTESIAN_POINT('',(11.213293095111,-5.228844443387,
    22.656445508614));
#2950 = CARTESIAN_POINT('',(8.194418348171,-11.70284223035,
    22.530195508614));
#2951 = CARTESIAN_POINT('',(1.078334427145,-12.32541890214,
    22.403945508614));
#2952 = CARTESIAN_POINT('',(-6.03774949388,-12.94799557392,
    22.277695508614));
#2953 = CARTESIAN_POINT('',(-10.13495866796,-7.096574458753,
    22.151445508614));
#2954 = CARTESIAN_POINT('',(-14.23216784205,-1.245153343578,
    22.025195508614));
#2955 = CARTESIAN_POINT('',(-11.21329309511,5.228844443387,
    21.898945508614));
#2956 = CARTESIAN_POINT('',(-8.194418348171,11.702842230351,
    21.772695508614));
#2957 = CARTESIAN_POINT('',(-1.078334427145,12.32541890214,
    21.646445508614));
#2958 = CARTESIAN_POINT('',(6.03774949388,12.947995573929,
    21.520195508614));
#2959 = CARTESIAN_POINT('',(10.134958667966,7.096574458753,
    21.393945508614));
#2960 = CARTESIAN_POINT('',(14.232167842051,1.245153343578,
    21.267695508614));
#2961 = CARTESIAN_POINT('',(11.213293095111,-5.228844443387,
    21.141445508614));
#2962 = CARTESIAN_POINT('',(8.194418348171,-11.70284223035,
    21.015195508614));
#2963 = CARTESIAN_POINT('',(1.078334427145,-12.32541890214,
    20.888945508614));
#2964 = CARTESIAN_POINT('',(-6.03774949388,-12.94799557392,
    20.762695508614));
#2965 = CARTESIAN_POINT('',(-10.13495866796,-7.096574458753,
    20.636445508614));
#2966 = CARTESIAN_POINT('',(-14.23216784205,-1.245153343578,
    20.510195508614));
#2967 = CARTESIAN_POINT('',(-11.21329309511,5.228844443387,
    20.383945508614));
#2968 = CARTESIAN_POINT('',(-8.194418348171,11.702842230351,
    20.257695508614));
#2969 = CARTESIAN_POINT('',(-1.078334427145,12.32541890214,
    20.131445508614));
#2970 = CARTESIAN_POINT('',(6.03774949388,12.947995573929,
    20.005195508614));
#2971 = CARTESIAN_POINT('',(10.134958667966,7.096574458753,
    19.878945508614));
#2972 = CARTESIAN_POINT('',(14.232167842051,1.245153343578,
    19.752695508614));
#2973 = CARTESIAN_POINT('',(11.213293095111,-5.228844443387,
    19.626445508614));
#2974 = CARTESIAN_POINT('',(8.194418348171,-11.70284223035,
    19.500195508614));
#2975 = CARTESIAN_POINT('',(1.078334427145,-12.32541890214,
    19.373945508614));
#2976 = CARTESIAN_POINT('',(-6.03774949388,-12.94799557392,
    19.247695508614));
#2977 = CARTESIAN_POINT('',(-10.13495866796,-7.096574458753,
    19.121445508614));
#2978 = CARTESIAN_POINT('',(-12.2426339317,-4.086502231979,
    19.056500325017));
#2979 = CARTESIAN_POINT('',(-12.36557358912,-0.413939684053,
    18.981616605919));
#2980 = CARTESIAN_POINT('',(3.359675897007,12.757550853784,
    26.583547487975));
#2981 = CARTESIAN_POINT('',(8.034115894782,11.526546284605,
    26.492505472386));
#2982 = CARTESIAN_POINT('',(10.806677925701,7.56691734658,
    26.412383008614));
#2983 = CARTESIAN_POINT('',(15.175439692685,1.327678937131,
    26.286133008614));
#2984 = CARTESIAN_POINT('',(11.956481613326,-5.575398940883,
    26.159883008614));
#2985 = CARTESIAN_POINT('',(8.737523533967,-12.47847681889,
    26.033633008614));
#2986 = CARTESIAN_POINT('',(1.149803687625,-13.14231628746,
    25.907383008614));
#2987 = CARTESIAN_POINT('',(-6.437916158717,-13.80615575602,
    25.781133008614));
#2988 = CARTESIAN_POINT('',(-10.8066779257,-7.56691734658,
    25.654883008614));
#2989 = CARTESIAN_POINT('',(-15.17543969268,-1.327678937131,
    25.528633008614));
#2990 = CARTESIAN_POINT('',(-11.95648161332,5.575398940883,
    25.402383008614));
#2991 = CARTESIAN_POINT('',(-8.737523533967,12.478476818898,
    25.276133008614));
#2992 = CARTESIAN_POINT('',(-1.149803687625,13.142316287464,
    25.149883008614));
#2993 = CARTESIAN_POINT('',(6.437916158717,13.806155756029,
    25.023633008614));
#2994 = CARTESIAN_POINT('',(10.806677925701,7.56691734658,
    24.897383008614));
#2995 = CARTESIAN_POINT('',(15.175439692685,1.327678937131,
    24.771133008614));
#2996 = CARTESIAN_POINT('',(11.956481613326,-5.575398940883,
    24.644883008614));
#2997 = CARTESIAN_POINT('',(8.737523533967,-12.47847681889,
    24.518633008614));
#2998 = CARTESIAN_POINT('',(1.149803687625,-13.14231628746,
    24.392383008614));
#2999 = CARTESIAN_POINT('',(-6.437916158717,-13.80615575602,
    24.266133008614));
#3000 = CARTESIAN_POINT('',(-10.8066779257,-7.56691734658,
    24.139883008614));
#3001 = CARTESIAN_POINT('',(-15.17543969268,-1.327678937131,
    24.013633008614));
#3002 = CARTESIAN_POINT('',(-11.95648161332,5.575398940883,
    23.887383008614));
#3003 = CARTESIAN_POINT('',(-8.737523533967,12.478476818898,
    23.761133008614));
#3004 = CARTESIAN_POINT('',(-1.149803687625,13.142316287464,
    23.634883008614));
#3005 = CARTESIAN_POINT('',(6.437916158717,13.806155756029,
    23.508633008614));
#3006 = CARTESIAN_POINT('',(10.806677925701,7.56691734658,
    23.382383008614));
#3007 = CARTESIAN_POINT('',(15.175439692685,1.327678937131,
    23.256133008614));
#3008 = CARTESIAN_POINT('',(11.956481613326,-5.575398940883,
    23.129883008614));
#3009 = CARTESIAN_POINT('',(8.737523533967,-12.47847681889,
    23.003633008614));
#3010 = CARTESIAN_POINT('',(1.149803687625,-13.14231628746,
    22.877383008615));
#3011 = CARTESIAN_POINT('',(-6.437916158717,-13.80615575602,
    22.751133008614));
#3012 = CARTESIAN_POINT('',(-10.8066779257,-7.56691734658,
    22.624883008614));
#3013 = CARTESIAN_POINT('',(-15.17543969268,-1.327678937131,
    22.498633008614));
#3014 = CARTESIAN_POINT('',(-11.95648161332,5.575398940883,
    22.372383008614));
#3015 = CARTESIAN_POINT('',(-8.737523533967,12.478476818898,
    22.246133008614));
#3016 = CARTESIAN_POINT('',(-1.149803687625,13.142316287464,
    22.119883008614));
#3017 = CARTESIAN_POINT('',(6.437916158717,13.806155756029,
    21.993633008614));
#3018 = CARTESIAN_POINT('',(10.806677925701,7.56691734658,
    21.867383008614));
#3019 = CARTESIAN_POINT('',(15.175439692685,1.327678937131,
    21.741133008614));
#3020 = CARTESIAN_POINT('',(11.956481613326,-5.575398940883,
    21.614883008614));
#3021 = CARTESIAN_POINT('',(8.737523533967,-12.47847681889,
    21.488633008614));
#3022 = CARTESIAN_POINT('',(1.149803687625,-13.14231628746,
    21.362383008614));
#3023 = CARTESIAN_POINT('',(-6.437916158717,-13.80615575602,
    21.236133008614));
#3024 = CARTESIAN_POINT('',(-10.8066779257,-7.56691734658,
    21.109883008614));
#3025 = CARTESIAN_POINT('',(-15.17543969268,-1.327678937131,
    20.983633008614));
#3026 = CARTESIAN_POINT('',(-11.95648161332,5.575398940883,
    20.857383008614));
#3027 = CARTESIAN_POINT('',(-8.737523533967,12.478476818898,
    20.731133008614));
#3028 = CARTESIAN_POINT('',(-1.149803687625,13.142316287464,
    20.604883008614));
#3029 = CARTESIAN_POINT('',(6.437916158717,13.806155756029,
    20.478633008614));
#3030 = CARTESIAN_POINT('',(10.806677925701,7.56691734658,
    20.352383008614));
#3031 = CARTESIAN_POINT('',(15.175439692685,1.327678937131,
    20.226133008614));
#3032 = CARTESIAN_POINT('',(11.956481613326,-5.575398940883,
    20.099883008614));
#3033 = CARTESIAN_POINT('',(8.737523533967,-12.47847681889,
    19.973633008614));
#3034 = CARTESIAN_POINT('',(1.149803687625,-13.14231628746,
    19.847383008614));
#3035 = CARTESIAN_POINT('',(-6.437916158717,-13.80615575602,
    19.721133008614));
#3036 = CARTESIAN_POINT('',(-10.8066779257,-7.56691734658,
    19.594883008614));
#3037 = CARTESIAN_POINT('',(-13.05404453995,-4.357345196013,
    19.529937825017));
#3038 = CARTESIAN_POINT('',(-13.18513232486,-0.441374552455,
    19.455054105919));
#3039 = ADVANCED_FACE('',(#3040),#3153,.F.);
#3040 = FACE_BOUND('',#3041,.F.);
#3041 = EDGE_LOOP('',(#3042,#3043,#3044,#3146));
#3042 = ORIENTED_EDGE('',*,*,#2809,.F.);
#3043 = ORIENTED_EDGE('',*,*,#2405,.F.);
#3044 = ORIENTED_EDGE('',*,*,#3045,.T.);
#3045 = EDGE_CURVE('',#1331,#3046,#3048,.T.);
#3046 = VERTEX_POINT('',#3047);
#3047 = CARTESIAN_POINT('',(-11.06722434434,7.180464555422,
    19.500195508614));
#3048 = ( BOUNDED_CURVE() B_SPLINE_CURVE(2,(#3049,#3050,#3051,#3052,
    #3053,#3054,#3055,#3056,#3057,#3058,#3059,#3060,#3061,#3062,#3063,
    #3064,#3065,#3066,#3067,#3068,#3069,#3070,#3071,#3072,#3073,#3074,
    #3075,#3076,#3077,#3078,#3079,#3080,#3081,#3082,#3083,#3084,#3085,
    #3086,#3087,#3088,#3089,#3090,#3091,#3092,#3093,#3094,#3095,#3096,
    #3097,#3098,#3099,#3100,#3101,#3102,#3103,#3104,#3105,#3106,#3107,
    #3108,#3109,#3110,#3111,#3112,#3113,#3114,#3115,#3116,#3117,#3118,
    #3119,#3120,#3121,#3122,#3123,#3124,#3125,#3126,#3127,#3128,#3129,
    #3130,#3131,#3132,#3133,#3134,#3135,#3136,#3137,#3138,#3139,#3140,
    #3141,#3142,#3143,#3144,#3145),.UNSPECIFIED.,.F.,.F.) 
B_SPLINE_CURVE_WITH_KNOTS((3,2,2,2,2,2,2,2,2,2,2,2,2,2,2,2,2,2,2,2,2,2,2
    ,2,2,2,2,2,2,2,2,2,2,2,2,2,2,2,2,2,2,2,2,2,2,2,2,2,3),(0.,
    2.083333333333E-02,4.166666666667E-02,6.25E-02,8.333333333333E-02,
    0.104166666667,0.125,0.145833333333,0.166666666667,0.1875,
    0.208333333333,0.229166666667,0.25,0.270833333333,0.291666666667,
    0.3125,0.333333333333,0.354166666667,0.375,0.395833333333,
    0.416666666667,0.4375,0.458333333333,0.479166666667,0.5,
    0.520833333333,0.541666666667,0.5625,0.583333333333,0.604166666667,
    0.625,0.645833333333,0.666666666667,0.6875,0.708333333333,
    0.729166666667,0.75,0.770833333333,0.791666666667,0.8125,
    0.833333333333,0.854166666667,0.875,0.895833333333,0.916666666667,
0.9375,0.958333333333,0.979166666667,1.),.UNSPECIFIED.) CURVE() 
GEOMETRIC_REPRESENTATION_ITEM() RATIONAL_B_SPLINE_CURVE((1.,
    0.866025403784,1.,0.866025403784,1.,0.866025403784,1.,0.866025403784
    ,1.,0.866025403784,1.,0.866025403784,1.,0.866025403784,1.,
    0.866025403784,1.,0.866025403784,1.,0.866025403784,1.,0.866025403784
    ,1.,0.866025403784,1.,0.866025403784,1.,0.866025403784,1.,
    0.866025403784,1.,0.866025403784,1.,0.866025403784,1.,0.866025403784
    ,1.,0.866025403784,1.,0.866025403784,1.,0.866025403784,1.,
    0.866025403784,1.,0.866025403784,1.,0.866025403784,1.,0.866025403784
    ,1.,0.866025403784,1.,0.866025403784,1.,0.866025403784,1.,
    0.866025403784,1.,0.866025403784,1.,0.866025403784,1.,0.866025403784
    ,1.,0.866025403784,1.,0.866025403784,1.,0.866025403784,1.,
    0.866025403784,1.,0.866025403784,1.,0.866025403784,1.,0.866025403784
    ,1.,0.866025403784,1.,0.866025403784,1.,0.866025403784,1.,
    0.866025403784,1.,0.866025403784,1.,0.866025403784,1.,0.866025403784
,1.,0.866025403784,1.,0.866025403784,1.)) REPRESENTATION_ITEM('') );
#3049 = CARTESIAN_POINT('',(-11.95648161332,5.575398940883,
    28.621758008614));
#3050 = CARTESIAN_POINT('',(-8.737523533967,12.478476818898,
    28.495508008614));
#3051 = CARTESIAN_POINT('',(-1.149803687625,13.142316287464,
    28.369258008614));
#3052 = CARTESIAN_POINT('',(6.437916158717,13.806155756029,
    28.243008008614));
#3053 = CARTESIAN_POINT('',(10.806677925701,7.56691734658,
    28.116758008614));
#3054 = CARTESIAN_POINT('',(15.175439692685,1.327678937131,
    27.990508008614));
#3055 = CARTESIAN_POINT('',(11.956481613326,-5.575398940883,
    27.864258008614));
#3056 = CARTESIAN_POINT('',(8.737523533967,-12.47847681889,
    27.738008008614));
#3057 = CARTESIAN_POINT('',(1.149803687625,-13.14231628746,
    27.611758008614));
#3058 = CARTESIAN_POINT('',(-6.437916158717,-13.80615575602,
    27.485508008614));
#3059 = CARTESIAN_POINT('',(-10.8066779257,-7.56691734658,
    27.359258008614));
#3060 = CARTESIAN_POINT('',(-15.17543969268,-1.327678937131,
    27.233008008614));
#3061 = CARTESIAN_POINT('',(-11.95648161332,5.575398940883,
    27.106758008614));
#3062 = CARTESIAN_POINT('',(-8.737523533968,12.478476818898,
    26.980508008614));
#3063 = CARTESIAN_POINT('',(-1.149803687625,13.142316287464,
    26.854258008614));
#3064 = CARTESIAN_POINT('',(6.437916158717,13.806155756029,
    26.728008008614));
#3065 = CARTESIAN_POINT('',(10.806677925701,7.56691734658,
    26.601758008614));
#3066 = CARTESIAN_POINT('',(15.175439692685,1.327678937131,
    26.475508008614));
#3067 = CARTESIAN_POINT('',(11.956481613326,-5.575398940883,
    26.349258008614));
#3068 = CARTESIAN_POINT('',(8.737523533968,-12.47847681889,
    26.223008008614));
#3069 = CARTESIAN_POINT('',(1.149803687625,-13.14231628746,
    26.096758008614));
#3070 = CARTESIAN_POINT('',(-6.437916158717,-13.80615575602,
    25.970508008614));
#3071 = CARTESIAN_POINT('',(-10.8066779257,-7.56691734658,
    25.844258008614));
#3072 = CARTESIAN_POINT('',(-15.17543969268,-1.327678937131,
    25.718008008614));
#3073 = CARTESIAN_POINT('',(-11.95648161332,5.575398940883,
    25.591758008614));
#3074 = CARTESIAN_POINT('',(-8.737523533968,12.478476818898,
    25.465508008614));
#3075 = CARTESIAN_POINT('',(-1.149803687625,13.142316287464,
    25.339258008614));
#3076 = CARTESIAN_POINT('',(6.437916158717,13.806155756029,
    25.213008008614));
#3077 = CARTESIAN_POINT('',(10.806677925701,7.56691734658,
    25.086758008614));
#3078 = CARTESIAN_POINT('',(15.175439692685,1.327678937131,
    24.960508008614));
#3079 = CARTESIAN_POINT('',(11.956481613326,-5.575398940883,
    24.834258008614));
#3080 = CARTESIAN_POINT('',(8.737523533968,-12.47847681889,
    24.708008008614));
#3081 = CARTESIAN_POINT('',(1.149803687625,-13.14231628746,
    24.581758008614));
#3082 = CARTESIAN_POINT('',(-6.437916158717,-13.80615575602,
    24.455508008614));
#3083 = CARTESIAN_POINT('',(-10.8066779257,-7.56691734658,
    24.329258008614));
#3084 = CARTESIAN_POINT('',(-15.17543969268,-1.327678937131,
    24.203008008614));
#3085 = CARTESIAN_POINT('',(-11.95648161332,5.575398940883,
    24.076758008614));
#3086 = CARTESIAN_POINT('',(-8.737523533968,12.478476818898,
    23.950508008614));
#3087 = CARTESIAN_POINT('',(-1.149803687625,13.142316287464,
    23.824258008614));
#3088 = CARTESIAN_POINT('',(6.437916158717,13.806155756029,
    23.698008008614));
#3089 = CARTESIAN_POINT('',(10.806677925701,7.56691734658,
    23.571758008614));
#3090 = CARTESIAN_POINT('',(15.175439692685,1.327678937131,
    23.445508008614));
#3091 = CARTESIAN_POINT('',(11.956481613326,-5.575398940883,
    23.319258008614));
#3092 = CARTESIAN_POINT('',(8.737523533968,-12.47847681889,
    23.193008008614));
#3093 = CARTESIAN_POINT('',(1.149803687625,-13.14231628746,
    23.066758008615));
#3094 = CARTESIAN_POINT('',(-6.437916158717,-13.80615575602,
    22.940508008614));
#3095 = CARTESIAN_POINT('',(-10.8066779257,-7.56691734658,
    22.814258008615));
#3096 = CARTESIAN_POINT('',(-15.17543969268,-1.327678937131,
    22.688008008614));
#3097 = CARTESIAN_POINT('',(-11.95648161332,5.575398940883,
    22.561758008614));
#3098 = CARTESIAN_POINT('',(-8.737523533968,12.478476818898,
    22.435508008614));
#3099 = CARTESIAN_POINT('',(-1.149803687625,13.142316287464,
    22.309258008614));
#3100 = CARTESIAN_POINT('',(6.437916158717,13.806155756029,
    22.183008008614));
#3101 = CARTESIAN_POINT('',(10.806677925701,7.56691734658,
    22.056758008614));
#3102 = CARTESIAN_POINT('',(15.175439692685,1.327678937131,
    21.930508008614));
#3103 = CARTESIAN_POINT('',(11.956481613326,-5.575398940883,
    21.804258008614));
#3104 = CARTESIAN_POINT('',(8.737523533968,-12.47847681889,
    21.678008008614));
#3105 = CARTESIAN_POINT('',(1.149803687625,-13.14231628746,
    21.551758008614));
#3106 = CARTESIAN_POINT('',(-6.437916158717,-13.80615575602,
    21.425508008614));
#3107 = CARTESIAN_POINT('',(-10.8066779257,-7.56691734658,
    21.299258008614));
#3108 = CARTESIAN_POINT('',(-15.17543969268,-1.327678937131,
    21.173008008614));
#3109 = CARTESIAN_POINT('',(-11.95648161332,5.575398940883,
    21.046758008614));
#3110 = CARTESIAN_POINT('',(-8.737523533968,12.478476818898,
    20.920508008614));
#3111 = CARTESIAN_POINT('',(-1.149803687625,13.142316287464,
    20.794258008614));
#3112 = CARTESIAN_POINT('',(6.437916158717,13.806155756029,
    20.668008008614));
#3113 = CARTESIAN_POINT('',(10.806677925701,7.56691734658,
    20.541758008614));
#3114 = CARTESIAN_POINT('',(15.175439692685,1.327678937131,
    20.415508008614));
#3115 = CARTESIAN_POINT('',(11.956481613326,-5.575398940883,
    20.289258008614));
#3116 = CARTESIAN_POINT('',(8.737523533968,-12.47847681889,
    20.163008008614));
#3117 = CARTESIAN_POINT('',(1.149803687625,-13.14231628746,
    20.036758008614));
#3118 = CARTESIAN_POINT('',(-6.437916158717,-13.80615575602,
    19.910508008614));
#3119 = CARTESIAN_POINT('',(-10.8066779257,-7.56691734658,
    19.784258008614));
#3120 = CARTESIAN_POINT('',(-15.17543969268,-1.327678937131,
    19.658008008614));
#3121 = CARTESIAN_POINT('',(-11.95648161332,5.575398940883,
    19.531758008614));
#3122 = CARTESIAN_POINT('',(-8.737523533968,12.478476818898,
    19.405508008614));
#3123 = CARTESIAN_POINT('',(-1.149803687625,13.142316287464,
    19.279258008614));
#3124 = CARTESIAN_POINT('',(6.437916158717,13.806155756029,
    19.153008008614));
#3125 = CARTESIAN_POINT('',(10.806677925701,7.56691734658,
    19.026758008614));
#3126 = CARTESIAN_POINT('',(15.175439692685,1.327678937131,
    18.900508008614));
#3127 = CARTESIAN_POINT('',(11.956481613326,-5.575398940883,
    18.774258008614));
#3128 = CARTESIAN_POINT('',(8.737523533968,-12.47847681889,
    18.648008008614));
#3129 = CARTESIAN_POINT('',(1.149803687625,-13.14231628746,
    18.521758008614));
#3130 = CARTESIAN_POINT('',(-6.437916158717,-13.80615575602,
    18.395508008614));
#3131 = CARTESIAN_POINT('',(-10.8066779257,-7.56691734658,
    18.269258008614));
#3132 = CARTESIAN_POINT('',(-15.17543969268,-1.327678937131,
    18.143008008614));
#3133 = CARTESIAN_POINT('',(-11.95648161332,5.575398940883,
    18.016758008614));
#3134 = CARTESIAN_POINT('',(-8.737523533968,12.478476818898,
    17.890508008614));
#3135 = CARTESIAN_POINT('',(-1.149803687625,13.142316287464,
    17.764258008614));
#3136 = CARTESIAN_POINT('',(6.437916158717,13.806155756029,
    17.638008008614));
#3137 = CARTESIAN_POINT('',(10.806677925701,7.56691734658,
    17.511758008614));
#3138 = CARTESIAN_POINT('',(15.175439692685,1.327678937131,
    17.385508008614));
#3139 = CARTESIAN_POINT('',(11.956481613326,-5.575398940883,
    17.259258008614));
#3140 = CARTESIAN_POINT('',(8.737523533968,-12.47847681889,
    17.133008008614));
#3141 = CARTESIAN_POINT('',(1.149803687625,-13.14231628746,
    17.006758008614));
#3142 = CARTESIAN_POINT('',(-6.437916158717,-13.80615575602,
    16.880508008614));
#3143 = CARTESIAN_POINT('',(-10.8066779257,-7.56691734658,
    16.754258008614));
#3144 = CARTESIAN_POINT('',(-15.17543969268,-1.327678937131,
    16.628008008614));
#3145 = CARTESIAN_POINT('',(-11.95648161332,5.575398940883,
    16.501758008614));
#3146 = ORIENTED_EDGE('',*,*,#3147,.F.);
#3147 = EDGE_CURVE('',#2810,#3046,#3148,.T.);
#3148 = B_SPLINE_CURVE_WITH_KNOTS('',3,(#3149,#3150,#3151,#3152),
  .UNSPECIFIED.,.F.,.F.,(4,4),(2.437150784765E-02,3.476328178939E-02),
  .PIECEWISE_BEZIER_KNOTS.);
#3149 = CARTESIAN_POINT('',(-12.89551224454,-2.783575016184,
    19.500195508614));
#3150 = CARTESIAN_POINT('',(-13.71963841178,0.614872034436,
    19.500195508614));
#3151 = CARTESIAN_POINT('',(-13.0332737206,4.301679502821,
    19.500195508614));
#3152 = CARTESIAN_POINT('',(-11.06722434434,7.180464555422,
    19.500195508614));
#3153 = ( BOUNDED_SURFACE() B_SPLINE_SURFACE(3,2,(
    (#3154,#3155,#3156,#3157,#3158,#3159,#3160,#3161,#3162,#3163,#3164
      ,#3165,#3166,#3167,#3168,#3169,#3170,#3171,#3172,#3173,#3174,#3175
      ,#3176,#3177,#3178,#3179,#3180,#3181,#3182,#3183,#3184,#3185,#3186
      ,#3187,#3188,#3189,#3190,#3191,#3192,#3193,#3194,#3195,#3196,#3197
      ,#3198,#3199,#3200,#3201,#3202,#3203,#3204,#3205,#3206,#3207,#3208
      ,#3209,#3210)
    ,(#3211,#3212,#3213,#3214,#3215,#3216,#3217,#3218,#3219,#3220,#3221
      ,#3222,#3223,#3224,#3225,#3226,#3227,#3228,#3229,#3230,#3231,#3232
      ,#3233,#3234,#3235,#3236,#3237,#3238,#3239,#3240,#3241,#3242,#3243
      ,#3244,#3245,#3246,#3247,#3248,#3249,#3250,#3251,#3252,#3253,#3254
      ,#3255,#3256,#3257,#3258,#3259,#3260,#3261,#3262,#3263,#3264,#3265
      ,#3266,#3267)
    ,(#3268,#3269,#3270,#3271,#3272,#3273,#3274,#3275,#3276,#3277,#3278
      ,#3279,#3280,#3281,#3282,#3283,#3284,#3285,#3286,#3287,#3288,#3289
      ,#3290,#3291,#3292,#3293,#3294,#3295,#3296,#3297,#3298,#3299,#3300
      ,#3301,#3302,#3303,#3304,#3305,#3306,#3307,#3308,#3309,#3310,#3311
      ,#3312,#3313,#3314,#3315,#3316,#3317,#3318,#3319,#3320,#3321,#3322
      ,#3323,#3324)
    ,(#3325,#3326,#3327,#3328,#3329,#3330,#3331,#3332,#3333,#3334,#3335
      ,#3336,#3337,#3338,#3339,#3340,#3341,#3342,#3343,#3344,#3345,#3346
      ,#3347,#3348,#3349,#3350,#3351,#3352,#3353,#3354,#3355,#3356,#3357
      ,#3358,#3359,#3360,#3361,#3362,#3363,#3364,#3365,#3366,#3367,#3368
      ,#3369,#3370,#3371,#3372,#3373,#3374,#3375,#3376,#3377,#3378,#3379
      ,#3380,#3381
)),.UNSPECIFIED.,.F.,.F.,.F.) B_SPLINE_SURFACE_WITH_KNOTS((4,4),(3,2,2,2
    ,2,2,2,2,2,2,2,2,2,2,2,2,2,2,2,2,2,2,2,2,2,2,2,2,3),(0.,1.),(
    0.192133135578,0.208333333333,0.229166666667,0.25,0.270833333333,
    0.291666666667,0.3125,0.333333333333,0.354166666667,0.375,
    0.395833333333,0.416666666667,0.4375,0.458333333333,0.479166666667,
    0.5,0.520833333333,0.541666666667,0.5625,0.583333333333,
    0.604166666667,0.625,0.645833333333,0.666666666667,0.6875,
    0.708333333333,0.729166666667,0.75,0.756195713604),.UNSPECIFIED.) 
GEOMETRIC_REPRESENTATION_ITEM() RATIONAL_B_SPLINE_SURFACE((
    (0.953662750397,0.89582008226,1.,0.866025403784,1.,0.866025403784,1.
      ,0.866025403784,1.,0.866025403784,1.,0.866025403784,1.
      ,0.866025403784,1.,0.866025403784,1.,0.866025403784,1.
      ,0.866025403784,1.,0.866025403784,1.,0.866025403784,1.
      ,0.866025403784,1.,0.866025403784,1.,0.866025403784,1.
      ,0.866025403784,1.,0.866025403784,1.,0.866025403784,1.
      ,0.866025403784,1.,0.866025403784,1.,0.866025403784,1.
      ,0.866025403784,1.,0.866025403784,1.,0.866025403784,1.
      ,0.866025403784,1.,0.866025403784,1.,0.866025403784,1.
      ,0.960156725037,0.944011772064)
    ,(0.699352683624,0.656934726991,0.733333333333,0.635085296109
      ,0.733333333333,0.635085296109,0.733333333333,0.635085296109
      ,0.733333333333,0.635085296109,0.733333333333,0.635085296109
      ,0.733333333333,0.635085296109,0.733333333333,0.635085296109
      ,0.733333333333,0.635085296109,0.733333333333,0.635085296109
      ,0.733333333333,0.635085296109,0.733333333333,0.635085296109
      ,0.733333333333,0.635085296109,0.733333333333,0.635085296109
      ,0.733333333333,0.635085296109,0.733333333333,0.635085296109
      ,0.733333333333,0.635085296109,0.733333333333,0.635085296109
      ,0.733333333333,0.635085296109,0.733333333333,0.635085296109
      ,0.733333333333,0.635085296109,0.733333333333,0.635085296109
      ,0.733333333333,0.635085296109,0.733333333333,0.635085296109
      ,0.733333333333,0.635085296109,0.733333333333,0.635085296109
      ,0.733333333333,0.635085296109,0.733333333333,0.704114931694
      ,0.692275299513)
    ,(0.699352683624,0.656934726991,0.733333333333,0.635085296109
      ,0.733333333333,0.635085296109,0.733333333333,0.635085296109
      ,0.733333333333,0.635085296109,0.733333333333,0.635085296109
      ,0.733333333333,0.635085296109,0.733333333333,0.635085296109
      ,0.733333333333,0.635085296109,0.733333333333,0.635085296109
      ,0.733333333333,0.635085296109,0.733333333333,0.635085296109
      ,0.733333333333,0.635085296109,0.733333333333,0.635085296109
      ,0.733333333333,0.635085296109,0.733333333333,0.635085296109
      ,0.733333333333,0.635085296109,0.733333333333,0.635085296109
      ,0.733333333333,0.635085296109,0.733333333333,0.635085296109
      ,0.733333333333,0.635085296109,0.733333333333,0.635085296109
      ,0.733333333333,0.635085296109,0.733333333333,0.635085296109
      ,0.733333333333,0.635085296109,0.733333333333,0.635085296109
      ,0.733333333333,0.635085296109,0.733333333333,0.704114931694
      ,0.692275299513)
    ,(0.953662750397,0.89582008226,1.,0.866025403784,1.,0.866025403784
      ,1.,0.866025403784,1.,0.866025403784,1.,0.866025403784,1.
      ,0.866025403784,1.,0.866025403784,1.,0.866025403784,1.
      ,0.866025403784,1.,0.866025403784,1.,0.866025403784,1.
      ,0.866025403784,1.,0.866025403784,1.,0.866025403784,1.
      ,0.866025403784,1.,0.866025403784,1.,0.866025403784,1.
      ,0.866025403784,1.,0.866025403784,1.,0.866025403784,1.
      ,0.866025403784,1.,0.866025403784,1.,0.866025403784,1.
      ,0.866025403784,1.,0.866025403784,1.,0.866025403784,1.
,0.960156725037,0.944011772064))) REPRESENTATION_ITEM('') SURFACE() );
#3154 = CARTESIAN_POINT('',(10.385022542017,-8.135959237951,
    26.107135299407));
#3155 = CARTESIAN_POINT('',(6.853845212203,-12.64327731778,
    26.002290999033));
#3156 = CARTESIAN_POINT('',(1.149803687625,-13.14231628746,
    25.907383008614));
#3157 = CARTESIAN_POINT('',(-6.437916158717,-13.80615575602,
    25.781133008614));
#3158 = CARTESIAN_POINT('',(-10.8066779257,-7.56691734658,
    25.654883008614));
#3159 = CARTESIAN_POINT('',(-15.17543969268,-1.327678937131,
    25.528633008614));
#3160 = CARTESIAN_POINT('',(-11.95648161332,5.575398940883,
    25.402383008614));
#3161 = CARTESIAN_POINT('',(-8.737523533967,12.478476818898,
    25.276133008614));
#3162 = CARTESIAN_POINT('',(-1.149803687625,13.142316287464,
    25.149883008614));
#3163 = CARTESIAN_POINT('',(6.437916158717,13.806155756029,
    25.023633008614));
#3164 = CARTESIAN_POINT('',(10.806677925701,7.56691734658,
    24.897383008614));
#3165 = CARTESIAN_POINT('',(15.175439692685,1.327678937131,
    24.771133008614));
#3166 = CARTESIAN_POINT('',(11.956481613326,-5.575398940883,
    24.644883008614));
#3167 = CARTESIAN_POINT('',(8.737523533967,-12.47847681889,
    24.518633008614));
#3168 = CARTESIAN_POINT('',(1.149803687625,-13.14231628746,
    24.392383008614));
#3169 = CARTESIAN_POINT('',(-6.437916158717,-13.80615575602,
    24.266133008614));
#3170 = CARTESIAN_POINT('',(-10.8066779257,-7.56691734658,
    24.139883008614));
#3171 = CARTESIAN_POINT('',(-15.17543969268,-1.327678937131,
    24.013633008614));
#3172 = CARTESIAN_POINT('',(-11.95648161332,5.575398940883,
    23.887383008614));
#3173 = CARTESIAN_POINT('',(-8.737523533967,12.478476818898,
    23.761133008614));
#3174 = CARTESIAN_POINT('',(-1.149803687625,13.142316287464,
    23.634883008614));
#3175 = CARTESIAN_POINT('',(6.437916158717,13.806155756029,
    23.508633008614));
#3176 = CARTESIAN_POINT('',(10.806677925701,7.56691734658,
    23.382383008614));
#3177 = CARTESIAN_POINT('',(15.175439692685,1.327678937131,
    23.256133008614));
#3178 = CARTESIAN_POINT('',(11.956481613326,-5.575398940883,
    23.129883008614));
#3179 = CARTESIAN_POINT('',(8.737523533967,-12.47847681889,
    23.003633008614));
#3180 = CARTESIAN_POINT('',(1.149803687625,-13.14231628746,
    22.877383008615));
#3181 = CARTESIAN_POINT('',(-6.437916158717,-13.80615575602,
    22.751133008614));
#3182 = CARTESIAN_POINT('',(-10.8066779257,-7.56691734658,
    22.624883008614));
#3183 = CARTESIAN_POINT('',(-15.17543969268,-1.327678937131,
    22.498633008614));
#3184 = CARTESIAN_POINT('',(-11.95648161332,5.575398940883,
    22.372383008614));
#3185 = CARTESIAN_POINT('',(-8.737523533967,12.478476818898,
    22.246133008614));
#3186 = CARTESIAN_POINT('',(-1.149803687625,13.142316287464,
    22.119883008614));
#3187 = CARTESIAN_POINT('',(6.437916158717,13.806155756029,
    21.993633008614));
#3188 = CARTESIAN_POINT('',(10.806677925701,7.56691734658,
    21.867383008614));
#3189 = CARTESIAN_POINT('',(15.175439692685,1.327678937131,
    21.741133008614));
#3190 = CARTESIAN_POINT('',(11.956481613326,-5.575398940883,
    21.614883008614));
#3191 = CARTESIAN_POINT('',(8.737523533967,-12.47847681889,
    21.488633008614));
#3192 = CARTESIAN_POINT('',(1.149803687625,-13.14231628746,
    21.362383008614));
#3193 = CARTESIAN_POINT('',(-6.437916158717,-13.80615575602,
    21.236133008614));
#3194 = CARTESIAN_POINT('',(-10.8066779257,-7.56691734658,
    21.109883008614));
#3195 = CARTESIAN_POINT('',(-15.17543969268,-1.327678937131,
    20.983633008614));
#3196 = CARTESIAN_POINT('',(-11.95648161332,5.575398940883,
    20.857383008614));
#3197 = CARTESIAN_POINT('',(-8.737523533967,12.478476818898,
    20.731133008614));
#3198 = CARTESIAN_POINT('',(-1.149803687625,13.142316287464,
    20.604883008614));
#3199 = CARTESIAN_POINT('',(6.437916158717,13.806155756029,
    20.478633008614));
#3200 = CARTESIAN_POINT('',(10.806677925701,7.56691734658,
    20.352383008614));
#3201 = CARTESIAN_POINT('',(15.175439692685,1.327678937131,
    20.226133008614));
#3202 = CARTESIAN_POINT('',(11.956481613326,-5.575398940883,
    20.099883008614));
#3203 = CARTESIAN_POINT('',(8.737523533967,-12.47847681889,
    19.973633008614));
#3204 = CARTESIAN_POINT('',(1.149803687625,-13.14231628746,
    19.847383008614));
#3205 = CARTESIAN_POINT('',(-6.437916158717,-13.80615575602,
    19.721133008614));
#3206 = CARTESIAN_POINT('',(-10.8066779257,-7.56691734658,
    19.594883008614));
#3207 = CARTESIAN_POINT('',(-15.17543969268,-1.327678937131,
    19.468633008614));
#3208 = CARTESIAN_POINT('',(-11.95648161332,5.575398940883,
    19.342383008614));
#3209 = CARTESIAN_POINT('',(-11.09303319913,7.42707004063,
    19.308517900836));
#3210 = CARTESIAN_POINT('',(-9.709938232329,8.930824454896,
    19.270325077644));
#3211 = CARTESIAN_POINT('',(10.439231331178,-8.178428139407,
    26.15878302668));
#3212 = CARTESIAN_POINT('',(6.889621605422,-12.70927397322,
    26.053938726306));
#3213 = CARTESIAN_POINT('',(1.155805549001,-13.2109178769,
    25.959030735887));
#3214 = CARTESIAN_POINT('',(-6.47152144347,-13.87822252174,
    25.832780735887));
#3215 = CARTESIAN_POINT('',(-10.8630877142,-7.60641590572,
    25.706530735887));
#3216 = CARTESIAN_POINT('',(-15.25465398494,-1.334609289693,
    25.580280735887));
#3217 = CARTESIAN_POINT('',(-12.0188932632,5.604501971181,
    25.454030735887));
#3218 = CARTESIAN_POINT('',(-8.783132541471,12.543613232054,
    25.327780735887));
#3219 = CARTESIAN_POINT('',(-1.155805549001,13.2109178769,
    25.201530735887));
#3220 = CARTESIAN_POINT('',(6.47152144347,13.878222521747,
    25.075280735887));
#3221 = CARTESIAN_POINT('',(10.863087714205,7.60641590572,
    24.949030735887));
#3222 = CARTESIAN_POINT('',(15.254653984941,1.334609289693,
    24.822780735887));
#3223 = CARTESIAN_POINT('',(12.018893263206,-5.604501971181,
    24.696530735887));
#3224 = CARTESIAN_POINT('',(8.783132541471,-12.54361323205,
    24.570280735887));
#3225 = CARTESIAN_POINT('',(1.155805549001,-13.2109178769,
    24.444030735887));
#3226 = CARTESIAN_POINT('',(-6.47152144347,-13.87822252174,
    24.317780735887));
#3227 = CARTESIAN_POINT('',(-10.8630877142,-7.60641590572,
    24.191530735887));
#3228 = CARTESIAN_POINT('',(-15.25465398494,-1.334609289693,
    24.065280735887));
#3229 = CARTESIAN_POINT('',(-12.0188932632,5.604501971181,
    23.939030735887));
#3230 = CARTESIAN_POINT('',(-8.783132541471,12.543613232054,
    23.812780735887));
#3231 = CARTESIAN_POINT('',(-1.155805549001,13.2109178769,
    23.686530735887));
#3232 = CARTESIAN_POINT('',(6.47152144347,13.878222521747,
    23.560280735887));
#3233 = CARTESIAN_POINT('',(10.863087714205,7.60641590572,
    23.434030735887));
#3234 = CARTESIAN_POINT('',(15.254653984941,1.334609289693,
    23.307780735887));
#3235 = CARTESIAN_POINT('',(12.018893263206,-5.604501971181,
    23.181530735887));
#3236 = CARTESIAN_POINT('',(8.783132541471,-12.54361323205,
    23.055280735887));
#3237 = CARTESIAN_POINT('',(1.155805549001,-13.2109178769,
    22.929030735887));
#3238 = CARTESIAN_POINT('',(-6.47152144347,-13.87822252174,
    22.802780735887));
#3239 = CARTESIAN_POINT('',(-10.8630877142,-7.60641590572,
    22.676530735887));
#3240 = CARTESIAN_POINT('',(-15.25465398494,-1.334609289693,
    22.550280735887));
#3241 = CARTESIAN_POINT('',(-12.0188932632,5.604501971181,
    22.424030735887));
#3242 = CARTESIAN_POINT('',(-8.783132541471,12.543613232054,
    22.297780735887));
#3243 = CARTESIAN_POINT('',(-1.155805549001,13.2109178769,
    22.171530735887));
#3244 = CARTESIAN_POINT('',(6.47152144347,13.878222521747,
    22.045280735887));
#3245 = CARTESIAN_POINT('',(10.863087714205,7.60641590572,
    21.919030735887));
#3246 = CARTESIAN_POINT('',(15.254653984941,1.334609289693,
    21.792780735887));
#3247 = CARTESIAN_POINT('',(12.018893263206,-5.604501971181,
    21.666530735887));
#3248 = CARTESIAN_POINT('',(8.783132541471,-12.54361323205,
    21.540280735887));
#3249 = CARTESIAN_POINT('',(1.155805549001,-13.2109178769,
    21.414030735887));
#3250 = CARTESIAN_POINT('',(-6.47152144347,-13.87822252174,
    21.287780735887));
#3251 = CARTESIAN_POINT('',(-10.8630877142,-7.60641590572,
    21.161530735887));
#3252 = CARTESIAN_POINT('',(-15.25465398494,-1.334609289693,
    21.035280735887));
#3253 = CARTESIAN_POINT('',(-12.0188932632,5.604501971181,
    20.909030735887));
#3254 = CARTESIAN_POINT('',(-8.783132541471,12.543613232054,
    20.782780735887));
#3255 = CARTESIAN_POINT('',(-1.155805549001,13.2109178769,
    20.656530735887));
#3256 = CARTESIAN_POINT('',(6.47152144347,13.878222521747,
    20.530280735887));
#3257 = CARTESIAN_POINT('',(10.863087714205,7.60641590572,
    20.404030735887));
#3258 = CARTESIAN_POINT('',(15.254653984941,1.334609289693,
    20.277780735887));
#3259 = CARTESIAN_POINT('',(12.018893263206,-5.604501971181,
    20.151530735887));
#3260 = CARTESIAN_POINT('',(8.783132541471,-12.54361323205,
    20.025280735887));
#3261 = CARTESIAN_POINT('',(1.155805549001,-13.2109178769,
    19.899030735887));
#3262 = CARTESIAN_POINT('',(-6.47152144347,-13.87822252174,
    19.772780735887));
#3263 = CARTESIAN_POINT('',(-10.8630877142,-7.60641590572,
    19.646530735887));
#3264 = CARTESIAN_POINT('',(-15.25465398494,-1.334609289693,
    19.520280735887));
#3265 = CARTESIAN_POINT('',(-12.0188932632,5.604501971181,
    19.394030735887));
#3266 = CARTESIAN_POINT('',(-11.1509377338,7.465838610683,
    19.360165628109));
#3267 = CARTESIAN_POINT('',(-9.760623148252,8.977442474063,
    19.321972804917));
#3268 = CARTESIAN_POINT('',(10.439231331178,-8.178428139407,
    26.244862572134));
#3269 = CARTESIAN_POINT('',(6.889621605422,-12.70927397322,
    26.140018271761));
#3270 = CARTESIAN_POINT('',(1.155805549001,-13.2109178769,
    26.045110281342));
#3271 = CARTESIAN_POINT('',(-6.47152144347,-13.87822252174,
    25.918860281342));
#3272 = CARTESIAN_POINT('',(-10.8630877142,-7.60641590572,
    25.792610281342));
#3273 = CARTESIAN_POINT('',(-15.25465398494,-1.334609289693,
    25.666360281342));
#3274 = CARTESIAN_POINT('',(-12.0188932632,5.604501971181,
    25.540110281342));
#3275 = CARTESIAN_POINT('',(-8.783132541471,12.543613232054,
    25.413860281342));
#3276 = CARTESIAN_POINT('',(-1.155805549001,13.2109178769,
    25.287610281342));
#3277 = CARTESIAN_POINT('',(6.47152144347,13.878222521747,
    25.161360281342));
#3278 = CARTESIAN_POINT('',(10.863087714205,7.60641590572,
    25.035110281342));
#3279 = CARTESIAN_POINT('',(15.254653984941,1.334609289693,
    24.908860281342));
#3280 = CARTESIAN_POINT('',(12.018893263206,-5.604501971181,
    24.782610281342));
#3281 = CARTESIAN_POINT('',(8.783132541471,-12.54361323205,
    24.656360281342));
#3282 = CARTESIAN_POINT('',(1.155805549001,-13.2109178769,
    24.530110281342));
#3283 = CARTESIAN_POINT('',(-6.47152144347,-13.87822252174,
    24.403860281342));
#3284 = CARTESIAN_POINT('',(-10.8630877142,-7.60641590572,
    24.277610281342));
#3285 = CARTESIAN_POINT('',(-15.25465398494,-1.334609289693,
    24.151360281342));
#3286 = CARTESIAN_POINT('',(-12.0188932632,5.604501971181,
    24.025110281342));
#3287 = CARTESIAN_POINT('',(-8.783132541471,12.543613232054,
    23.898860281342));
#3288 = CARTESIAN_POINT('',(-1.155805549001,13.2109178769,
    23.772610281342));
#3289 = CARTESIAN_POINT('',(6.47152144347,13.878222521747,
    23.646360281342));
#3290 = CARTESIAN_POINT('',(10.863087714205,7.60641590572,
    23.520110281342));
#3291 = CARTESIAN_POINT('',(15.254653984941,1.334609289693,
    23.393860281342));
#3292 = CARTESIAN_POINT('',(12.018893263206,-5.604501971181,
    23.267610281342));
#3293 = CARTESIAN_POINT('',(8.783132541471,-12.54361323205,
    23.141360281342));
#3294 = CARTESIAN_POINT('',(1.155805549001,-13.2109178769,
    23.015110281342));
#3295 = CARTESIAN_POINT('',(-6.47152144347,-13.87822252174,
    22.888860281342));
#3296 = CARTESIAN_POINT('',(-10.8630877142,-7.60641590572,
    22.762610281342));
#3297 = CARTESIAN_POINT('',(-15.25465398494,-1.334609289693,
    22.636360281342));
#3298 = CARTESIAN_POINT('',(-12.0188932632,5.604501971181,
    22.510110281342));
#3299 = CARTESIAN_POINT('',(-8.783132541471,12.543613232054,
    22.383860281342));
#3300 = CARTESIAN_POINT('',(-1.155805549001,13.2109178769,
    22.257610281342));
#3301 = CARTESIAN_POINT('',(6.47152144347,13.878222521747,
    22.131360281342));
#3302 = CARTESIAN_POINT('',(10.863087714205,7.60641590572,
    22.005110281342));
#3303 = CARTESIAN_POINT('',(15.254653984941,1.334609289693,
    21.878860281342));
#3304 = CARTESIAN_POINT('',(12.018893263206,-5.604501971181,
    21.752610281342));
#3305 = CARTESIAN_POINT('',(8.783132541471,-12.54361323205,
    21.626360281342));
#3306 = CARTESIAN_POINT('',(1.155805549001,-13.2109178769,
    21.500110281342));
#3307 = CARTESIAN_POINT('',(-6.47152144347,-13.87822252174,
    21.373860281342));
#3308 = CARTESIAN_POINT('',(-10.8630877142,-7.60641590572,
    21.247610281342));
#3309 = CARTESIAN_POINT('',(-15.25465398494,-1.334609289693,
    21.121360281342));
#3310 = CARTESIAN_POINT('',(-12.0188932632,5.604501971181,
    20.995110281342));
#3311 = CARTESIAN_POINT('',(-8.783132541471,12.543613232054,
    20.868860281342));
#3312 = CARTESIAN_POINT('',(-1.155805549001,13.2109178769,
    20.742610281342));
#3313 = CARTESIAN_POINT('',(6.47152144347,13.878222521747,
    20.616360281342));
#3314 = CARTESIAN_POINT('',(10.863087714205,7.60641590572,
    20.490110281342));
#3315 = CARTESIAN_POINT('',(15.254653984941,1.334609289693,
    20.363860281342));
#3316 = CARTESIAN_POINT('',(12.018893263206,-5.604501971181,
    20.237610281342));
#3317 = CARTESIAN_POINT('',(8.783132541471,-12.54361323205,
    20.111360281342));
#3318 = CARTESIAN_POINT('',(1.155805549001,-13.2109178769,
    19.985110281342));
#3319 = CARTESIAN_POINT('',(-6.47152144347,-13.87822252174,
    19.858860281342));
#3320 = CARTESIAN_POINT('',(-10.8630877142,-7.60641590572,
    19.732610281342));
#3321 = CARTESIAN_POINT('',(-15.25465398494,-1.334609289693,
    19.606360281342));
#3322 = CARTESIAN_POINT('',(-12.0188932632,5.604501971181,
    19.480110281342));
#3323 = CARTESIAN_POINT('',(-11.1509377338,7.465838610683,
    19.446245173563));
#3324 = CARTESIAN_POINT('',(-9.760623148252,8.977442474063,
    19.408052350371));
#3325 = CARTESIAN_POINT('',(10.385022542017,-8.135959237951,
    26.296510299407));
#3326 = CARTESIAN_POINT('',(6.853845212203,-12.64327731778,
    26.191665999033));
#3327 = CARTESIAN_POINT('',(1.149803687625,-13.14231628746,
    26.096758008614));
#3328 = CARTESIAN_POINT('',(-6.437916158717,-13.80615575602,
    25.970508008614));
#3329 = CARTESIAN_POINT('',(-10.8066779257,-7.56691734658,
    25.844258008614));
#3330 = CARTESIAN_POINT('',(-15.17543969268,-1.327678937131,
    25.718008008614));
#3331 = CARTESIAN_POINT('',(-11.95648161332,5.575398940883,
    25.591758008614));
#3332 = CARTESIAN_POINT('',(-8.737523533967,12.478476818898,
    25.465508008614));
#3333 = CARTESIAN_POINT('',(-1.149803687625,13.142316287464,
    25.339258008614));
#3334 = CARTESIAN_POINT('',(6.437916158717,13.806155756029,
    25.213008008614));
#3335 = CARTESIAN_POINT('',(10.806677925701,7.56691734658,
    25.086758008614));
#3336 = CARTESIAN_POINT('',(15.175439692685,1.327678937131,
    24.960508008614));
#3337 = CARTESIAN_POINT('',(11.956481613326,-5.575398940883,
    24.834258008614));
#3338 = CARTESIAN_POINT('',(8.737523533967,-12.47847681889,
    24.708008008614));
#3339 = CARTESIAN_POINT('',(1.149803687625,-13.14231628746,
    24.581758008614));
#3340 = CARTESIAN_POINT('',(-6.437916158717,-13.80615575602,
    24.455508008614));
#3341 = CARTESIAN_POINT('',(-10.8066779257,-7.56691734658,
    24.329258008614));
#3342 = CARTESIAN_POINT('',(-15.17543969268,-1.327678937131,
    24.203008008614));
#3343 = CARTESIAN_POINT('',(-11.95648161332,5.575398940883,
    24.076758008614));
#3344 = CARTESIAN_POINT('',(-8.737523533967,12.478476818898,
    23.950508008614));
#3345 = CARTESIAN_POINT('',(-1.149803687625,13.142316287464,
    23.824258008614));
#3346 = CARTESIAN_POINT('',(6.437916158717,13.806155756029,
    23.698008008614));
#3347 = CARTESIAN_POINT('',(10.806677925701,7.56691734658,
    23.571758008614));
#3348 = CARTESIAN_POINT('',(15.175439692685,1.327678937131,
    23.445508008614));
#3349 = CARTESIAN_POINT('',(11.956481613326,-5.575398940883,
    23.319258008614));
#3350 = CARTESIAN_POINT('',(8.737523533967,-12.47847681889,
    23.193008008614));
#3351 = CARTESIAN_POINT('',(1.149803687625,-13.14231628746,
    23.066758008615));
#3352 = CARTESIAN_POINT('',(-6.437916158717,-13.80615575602,
    22.940508008614));
#3353 = CARTESIAN_POINT('',(-10.8066779257,-7.56691734658,
    22.814258008615));
#3354 = CARTESIAN_POINT('',(-15.17543969268,-1.327678937131,
    22.688008008614));
#3355 = CARTESIAN_POINT('',(-11.95648161332,5.575398940883,
    22.561758008614));
#3356 = CARTESIAN_POINT('',(-8.737523533967,12.478476818898,
    22.435508008614));
#3357 = CARTESIAN_POINT('',(-1.149803687625,13.142316287464,
    22.309258008614));
#3358 = CARTESIAN_POINT('',(6.437916158717,13.806155756029,
    22.183008008614));
#3359 = CARTESIAN_POINT('',(10.806677925701,7.56691734658,
    22.056758008614));
#3360 = CARTESIAN_POINT('',(15.175439692685,1.327678937131,
    21.930508008614));
#3361 = CARTESIAN_POINT('',(11.956481613326,-5.575398940883,
    21.804258008614));
#3362 = CARTESIAN_POINT('',(8.737523533967,-12.47847681889,
    21.678008008614));
#3363 = CARTESIAN_POINT('',(1.149803687625,-13.14231628746,
    21.551758008614));
#3364 = CARTESIAN_POINT('',(-6.437916158717,-13.80615575602,
    21.425508008614));
#3365 = CARTESIAN_POINT('',(-10.8066779257,-7.56691734658,
    21.299258008614));
#3366 = CARTESIAN_POINT('',(-15.17543969268,-1.327678937131,
    21.173008008614));
#3367 = CARTESIAN_POINT('',(-11.95648161332,5.575398940883,
    21.046758008614));
#3368 = CARTESIAN_POINT('',(-8.737523533967,12.478476818898,
    20.920508008614));
#3369 = CARTESIAN_POINT('',(-1.149803687625,13.142316287464,
    20.794258008614));
#3370 = CARTESIAN_POINT('',(6.437916158717,13.806155756029,
    20.668008008614));
#3371 = CARTESIAN_POINT('',(10.806677925701,7.56691734658,
    20.541758008614));
#3372 = CARTESIAN_POINT('',(15.175439692685,1.327678937131,
    20.415508008614));
#3373 = CARTESIAN_POINT('',(11.956481613326,-5.575398940883,
    20.289258008614));
#3374 = CARTESIAN_POINT('',(8.737523533967,-12.47847681889,
    20.163008008614));
#3375 = CARTESIAN_POINT('',(1.149803687625,-13.14231628746,
    20.036758008614));
#3376 = CARTESIAN_POINT('',(-6.437916158717,-13.80615575602,
    19.910508008614));
#3377 = CARTESIAN_POINT('',(-10.8066779257,-7.56691734658,
    19.784258008614));
#3378 = CARTESIAN_POINT('',(-15.17543969268,-1.327678937131,
    19.658008008614));
#3379 = CARTESIAN_POINT('',(-11.95648161332,5.575398940883,
    19.531758008614));
#3380 = CARTESIAN_POINT('',(-11.09303319913,7.42707004063,
    19.497892900836));
#3381 = CARTESIAN_POINT('',(-9.709938232329,8.930824454896,
    19.459700077644));
#3382 = ADVANCED_FACE('',(#3383),#3398,.F.);
#3383 = FACE_BOUND('',#3384,.F.);
#3384 = EDGE_LOOP('',(#3385,#3386,#3387,#3397));
#3385 = ORIENTED_EDGE('',*,*,#1330,.F.);
#3386 = ORIENTED_EDGE('',*,*,#2699,.T.);
#3387 = ORIENTED_EDGE('',*,*,#3388,.F.);
#3388 = EDGE_CURVE('',#3046,#2691,#3389,.T.);
#3389 = B_SPLINE_CURVE_WITH_KNOTS('',3,(#3390,#3391,#3392,#3393,#3394,
    #3395,#3396),.UNSPECIFIED.,.F.,.F.,(4,1,1,1,4),(2.928873277432E-02,
    3.550730425246E-02,4.17258757306E-02,4.794444720874E-02,
    5.416301868688E-02),.UNSPECIFIED.);
#3390 = CARTESIAN_POINT('',(-11.06722434434,7.180464555422,
    19.500195508614));
#3391 = CARTESIAN_POINT('',(-9.86970079955,8.907593307575,
    19.500195508614));
#3392 = CARTESIAN_POINT('',(-6.662286199134,11.73339726337,
    19.500195508614));
#3393 = CARTESIAN_POINT('',(-0.41387014534,13.301989830917,
    19.500195508614));
#3394 = CARTESIAN_POINT('',(5.815267332282,11.750798950508,
    19.500195508614));
#3395 = CARTESIAN_POINT('',(8.996270066318,8.833588319647,
    19.500195508614));
#3396 = CARTESIAN_POINT('',(10.134958667966,7.096574458753,
    19.500195508614));
#3397 = ORIENTED_EDGE('',*,*,#3045,.F.);
#3398 = ( BOUNDED_SURFACE() B_SPLINE_SURFACE(1,2,(
    (#3399,#3400,#3401,#3402,#3403,#3404,#3405,#3406,#3407,#3408,#3409
      ,#3410,#3411,#3412,#3413,#3414,#3415,#3416,#3417,#3418,#3419,#3420
      ,#3421,#3422,#3423,#3424,#3425,#3426,#3427,#3428,#3429,#3430,#3431
      ,#3432,#3433,#3434,#3435,#3436,#3437,#3438,#3439,#3440,#3441,#3442
      ,#3443,#3444,#3445,#3446,#3447,#3448,#3449,#3450,#3451,#3452,#3453
      ,#3454,#3455,#3456,#3457,#3458,#3459)
    ,(#3460,#3461,#3462,#3463,#3464,#3465,#3466,#3467,#3468,#3469,#3470
      ,#3471,#3472,#3473,#3474,#3475,#3476,#3477,#3478,#3479,#3480,#3481
      ,#3482,#3483,#3484,#3485,#3486,#3487,#3488,#3489,#3490,#3491,#3492
      ,#3493,#3494,#3495,#3496,#3497,#3498,#3499,#3500,#3501,#3502,#3503
      ,#3504,#3505,#3506,#3507,#3508,#3509,#3510,#3511,#3512,#3513,#3514
      ,#3515,#3516,#3517,#3518,#3519,#3520
)),.UNSPECIFIED.,.F.,.F.,.F.) B_SPLINE_SURFACE_WITH_KNOTS((2,2),(3,2,2,2
    ,2,2,2,2,2,2,2,2,2,2,2,2,2,2,2,2,2,2,2,2,2,2,2,2,2,2,3),(0.,1.),(
    0.207701911218,0.208333333333,0.229166666667,0.25,0.270833333333,
    0.291666666667,0.3125,0.333333333333,0.354166666667,0.375,
    0.395833333333,0.416666666667,0.4375,0.458333333333,0.479166666667,
    0.5,0.520833333333,0.541666666667,0.5625,0.583333333333,
    0.604166666667,0.625,0.645833333333,0.666666666667,0.6875,
    0.708333333333,0.729166666667,0.75,0.770833333333,0.791666666667,
0.795149557852),.UNSPECIFIED.) GEOMETRIC_REPRESENTATION_ITEM() 
RATIONAL_B_SPLINE_SURFACE((
    (0.992125061441,0.9959394629,1.,0.866025403784,1.,0.866025403784,1.
      ,0.866025403784,1.,0.866025403784,1.,0.866025403784,1.
      ,0.866025403784,1.,0.866025403784,1.,0.866025403784,1.
      ,0.866025403784,1.,0.866025403784,1.,0.866025403784,1.
      ,0.866025403784,1.,0.866025403784,1.,0.866025403784,1.
      ,0.866025403784,1.,0.866025403784,1.,0.866025403784,1.
      ,0.866025403784,1.,0.866025403784,1.,0.866025403784,1.
      ,0.866025403784,1.,0.866025403784,1.,0.866025403784,1.
      ,0.866025403784,1.,0.866025403784,1.,0.866025403784,1.
      ,0.866025403784,1.,0.866025403784,1.,0.977602290868,0.962693424972
      )
    ,(0.992125061441,0.9959394629,1.,0.866025403784,1.,0.866025403784,1.
      ,0.866025403784,1.,0.866025403784,1.,0.866025403784,1.
      ,0.866025403784,1.,0.866025403784,1.,0.866025403784,1.
      ,0.866025403784,1.,0.866025403784,1.,0.866025403784,1.
      ,0.866025403784,1.,0.866025403784,1.,0.866025403784,1.
      ,0.866025403784,1.,0.866025403784,1.,0.866025403784,1.
      ,0.866025403784,1.,0.866025403784,1.,0.866025403784,1.
      ,0.866025403784,1.,0.866025403784,1.,0.866025403784,1.
      ,0.866025403784,1.,0.866025403784,1.,0.866025403784,1.
      ,0.866025403784,1.,0.866025403784,1.,0.977602290868,0.962693424972
))) REPRESENTATION_ITEM('') SURFACE() );
#3399 = CARTESIAN_POINT('',(1.549123570516,-13.10124963822,
    26.103469486129));
#3400 = CARTESIAN_POINT('',(1.349776062404,-13.12482097165,
    26.10008529439));
#3401 = CARTESIAN_POINT('',(1.149803687625,-13.14231628746,
    26.096758008614));
#3402 = CARTESIAN_POINT('',(-6.437916158717,-13.80615575602,
    25.970508008614));
#3403 = CARTESIAN_POINT('',(-10.8066779257,-7.56691734658,
    25.844258008614));
#3404 = CARTESIAN_POINT('',(-15.17543969268,-1.327678937131,
    25.718008008614));
#3405 = CARTESIAN_POINT('',(-11.95648161332,5.575398940883,
    25.591758008614));
#3406 = CARTESIAN_POINT('',(-8.737523533967,12.478476818898,
    25.465508008614));
#3407 = CARTESIAN_POINT('',(-1.149803687625,13.142316287464,
    25.339258008614));
#3408 = CARTESIAN_POINT('',(6.437916158717,13.806155756029,
    25.213008008614));
#3409 = CARTESIAN_POINT('',(10.806677925701,7.56691734658,
    25.086758008614));
#3410 = CARTESIAN_POINT('',(15.175439692685,1.327678937131,
    24.960508008614));
#3411 = CARTESIAN_POINT('',(11.956481613326,-5.575398940883,
    24.834258008614));
#3412 = CARTESIAN_POINT('',(8.737523533967,-12.47847681889,
    24.708008008614));
#3413 = CARTESIAN_POINT('',(1.149803687625,-13.14231628746,
    24.581758008614));
#3414 = CARTESIAN_POINT('',(-6.437916158717,-13.80615575602,
    24.455508008614));
#3415 = CARTESIAN_POINT('',(-10.8066779257,-7.56691734658,
    24.329258008614));
#3416 = CARTESIAN_POINT('',(-15.17543969268,-1.327678937131,
    24.203008008614));
#3417 = CARTESIAN_POINT('',(-11.95648161332,5.575398940883,
    24.076758008614));
#3418 = CARTESIAN_POINT('',(-8.737523533967,12.478476818898,
    23.950508008614));
#3419 = CARTESIAN_POINT('',(-1.149803687625,13.142316287464,
    23.824258008614));
#3420 = CARTESIAN_POINT('',(6.437916158717,13.806155756029,
    23.698008008614));
#3421 = CARTESIAN_POINT('',(10.806677925701,7.56691734658,
    23.571758008614));
#3422 = CARTESIAN_POINT('',(15.175439692685,1.327678937131,
    23.445508008614));
#3423 = CARTESIAN_POINT('',(11.956481613326,-5.575398940883,
    23.319258008614));
#3424 = CARTESIAN_POINT('',(8.737523533967,-12.47847681889,
    23.193008008614));
#3425 = CARTESIAN_POINT('',(1.149803687625,-13.14231628746,
    23.066758008615));
#3426 = CARTESIAN_POINT('',(-6.437916158717,-13.80615575602,
    22.940508008614));
#3427 = CARTESIAN_POINT('',(-10.8066779257,-7.56691734658,
    22.814258008615));
#3428 = CARTESIAN_POINT('',(-15.17543969268,-1.327678937131,
    22.688008008614));
#3429 = CARTESIAN_POINT('',(-11.95648161332,5.575398940883,
    22.561758008614));
#3430 = CARTESIAN_POINT('',(-8.737523533967,12.478476818898,
    22.435508008614));
#3431 = CARTESIAN_POINT('',(-1.149803687625,13.142316287464,
    22.309258008614));
#3432 = CARTESIAN_POINT('',(6.437916158717,13.806155756029,
    22.183008008614));
#3433 = CARTESIAN_POINT('',(10.806677925701,7.56691734658,
    22.056758008614));
#3434 = CARTESIAN_POINT('',(15.175439692685,1.327678937131,
    21.930508008614));
#3435 = CARTESIAN_POINT('',(11.956481613326,-5.575398940883,
    21.804258008614));
#3436 = CARTESIAN_POINT('',(8.737523533967,-12.47847681889,
    21.678008008614));
#3437 = CARTESIAN_POINT('',(1.149803687625,-13.14231628746,
    21.551758008614));
#3438 = CARTESIAN_POINT('',(-6.437916158717,-13.80615575602,
    21.425508008614));
#3439 = CARTESIAN_POINT('',(-10.8066779257,-7.56691734658,
    21.299258008614));
#3440 = CARTESIAN_POINT('',(-15.17543969268,-1.327678937131,
    21.173008008614));
#3441 = CARTESIAN_POINT('',(-11.95648161332,5.575398940883,
    21.046758008614));
#3442 = CARTESIAN_POINT('',(-8.737523533967,12.478476818898,
    20.920508008614));
#3443 = CARTESIAN_POINT('',(-1.149803687625,13.142316287464,
    20.794258008614));
#3444 = CARTESIAN_POINT('',(6.437916158717,13.806155756029,
    20.668008008614));
#3445 = CARTESIAN_POINT('',(10.806677925701,7.56691734658,
    20.541758008614));
#3446 = CARTESIAN_POINT('',(15.175439692685,1.327678937131,
    20.415508008614));
#3447 = CARTESIAN_POINT('',(11.956481613326,-5.575398940883,
    20.289258008614));
#3448 = CARTESIAN_POINT('',(8.737523533967,-12.47847681889,
    20.163008008614));
#3449 = CARTESIAN_POINT('',(1.149803687625,-13.14231628746,
    20.036758008614));
#3450 = CARTESIAN_POINT('',(-6.437916158717,-13.80615575602,
    19.910508008614));
#3451 = CARTESIAN_POINT('',(-10.8066779257,-7.56691734658,
    19.784258008614));
#3452 = CARTESIAN_POINT('',(-15.17543969268,-1.327678937131,
    19.658008008614));
#3453 = CARTESIAN_POINT('',(-11.95648161332,5.575398940883,
    19.531758008614));
#3454 = CARTESIAN_POINT('',(-8.737523533967,12.478476818898,
    19.405508008614));
#3455 = CARTESIAN_POINT('',(-1.149803687625,13.142316287464,
    19.279258008614));
#3456 = CARTESIAN_POINT('',(6.437916158717,13.806155756029,
    19.153008008614));
#3457 = CARTESIAN_POINT('',(10.806677925701,7.56691734658,
    19.026758008614));
#3458 = CARTESIAN_POINT('',(11.453683358677,6.642897827124,
    19.008060620139));
#3459 = CARTESIAN_POINT('',(11.934428147596,5.622450596463,
    18.987802007567));
#3460 = CARTESIAN_POINT('',(1.452833467111,-12.28690486521,
    26.576906986129));
#3461 = CARTESIAN_POINT('',(1.265876960295,-12.30901105656,
    26.57352279439));
#3462 = CARTESIAN_POINT('',(1.078334427145,-12.32541890214,
    26.570195508614));
#3463 = CARTESIAN_POINT('',(-6.03774949388,-12.94799557392,
    26.443945508614));
#3464 = CARTESIAN_POINT('',(-10.13495866796,-7.096574458753,
    26.317695508614));
#3465 = CARTESIAN_POINT('',(-14.23216784205,-1.245153343578,
    26.191445508614));
#3466 = CARTESIAN_POINT('',(-11.21329309511,5.228844443387,
    26.065195508614));
#3467 = CARTESIAN_POINT('',(-8.194418348171,11.702842230351,
    25.938945508614));
#3468 = CARTESIAN_POINT('',(-1.078334427145,12.32541890214,
    25.812695508614));
#3469 = CARTESIAN_POINT('',(6.03774949388,12.947995573929,
    25.686445508614));
#3470 = CARTESIAN_POINT('',(10.134958667966,7.096574458753,
    25.560195508614));
#3471 = CARTESIAN_POINT('',(14.232167842051,1.245153343578,
    25.433945508614));
#3472 = CARTESIAN_POINT('',(11.213293095111,-5.228844443387,
    25.307695508614));
#3473 = CARTESIAN_POINT('',(8.194418348171,-11.70284223035,
    25.181445508614));
#3474 = CARTESIAN_POINT('',(1.078334427145,-12.32541890214,
    25.055195508614));
#3475 = CARTESIAN_POINT('',(-6.03774949388,-12.94799557392,
    24.928945508614));
#3476 = CARTESIAN_POINT('',(-10.13495866796,-7.096574458753,
    24.802695508614));
#3477 = CARTESIAN_POINT('',(-14.23216784205,-1.245153343578,
    24.676445508614));
#3478 = CARTESIAN_POINT('',(-11.21329309511,5.228844443387,
    24.550195508614));
#3479 = CARTESIAN_POINT('',(-8.194418348171,11.702842230351,
    24.423945508614));
#3480 = CARTESIAN_POINT('',(-1.078334427145,12.32541890214,
    24.297695508614));
#3481 = CARTESIAN_POINT('',(6.03774949388,12.947995573929,
    24.171445508614));
#3482 = CARTESIAN_POINT('',(10.134958667966,7.096574458753,
    24.045195508614));
#3483 = CARTESIAN_POINT('',(14.232167842051,1.245153343578,
    23.918945508614));
#3484 = CARTESIAN_POINT('',(11.213293095111,-5.228844443387,
    23.792695508614));
#3485 = CARTESIAN_POINT('',(8.194418348171,-11.70284223035,
    23.666445508614));
#3486 = CARTESIAN_POINT('',(1.078334427145,-12.32541890214,
    23.540195508614));
#3487 = CARTESIAN_POINT('',(-6.03774949388,-12.94799557392,
    23.413945508614));
#3488 = CARTESIAN_POINT('',(-10.13495866796,-7.096574458753,
    23.287695508614));
#3489 = CARTESIAN_POINT('',(-14.23216784205,-1.245153343578,
    23.161445508614));
#3490 = CARTESIAN_POINT('',(-11.21329309511,5.228844443387,
    23.035195508614));
#3491 = CARTESIAN_POINT('',(-8.194418348171,11.702842230351,
    22.908945508614));
#3492 = CARTESIAN_POINT('',(-1.078334427145,12.32541890214,
    22.782695508614));
#3493 = CARTESIAN_POINT('',(6.03774949388,12.947995573929,
    22.656445508614));
#3494 = CARTESIAN_POINT('',(10.134958667966,7.096574458753,
    22.530195508614));
#3495 = CARTESIAN_POINT('',(14.232167842051,1.245153343578,
    22.403945508614));
#3496 = CARTESIAN_POINT('',(11.213293095111,-5.228844443387,
    22.277695508614));
#3497 = CARTESIAN_POINT('',(8.194418348171,-11.70284223035,
    22.151445508614));
#3498 = CARTESIAN_POINT('',(1.078334427145,-12.32541890214,
    22.025195508614));
#3499 = CARTESIAN_POINT('',(-6.03774949388,-12.94799557392,
    21.898945508614));
#3500 = CARTESIAN_POINT('',(-10.13495866796,-7.096574458753,
    21.772695508614));
#3501 = CARTESIAN_POINT('',(-14.23216784205,-1.245153343578,
    21.646445508614));
#3502 = CARTESIAN_POINT('',(-11.21329309511,5.228844443387,
    21.520195508614));
#3503 = CARTESIAN_POINT('',(-8.194418348171,11.702842230351,
    21.393945508614));
#3504 = CARTESIAN_POINT('',(-1.078334427145,12.32541890214,
    21.267695508614));
#3505 = CARTESIAN_POINT('',(6.03774949388,12.947995573929,
    21.141445508614));
#3506 = CARTESIAN_POINT('',(10.134958667966,7.096574458753,
    21.015195508614));
#3507 = CARTESIAN_POINT('',(14.232167842051,1.245153343578,
    20.888945508614));
#3508 = CARTESIAN_POINT('',(11.213293095111,-5.228844443387,
    20.762695508614));
#3509 = CARTESIAN_POINT('',(8.194418348171,-11.70284223035,
    20.636445508614));
#3510 = CARTESIAN_POINT('',(1.078334427145,-12.32541890214,
    20.510195508614));
#3511 = CARTESIAN_POINT('',(-6.03774949388,-12.94799557392,
    20.383945508614));
#3512 = CARTESIAN_POINT('',(-10.13495866796,-7.096574458753,
    20.257695508614));
#3513 = CARTESIAN_POINT('',(-14.23216784205,-1.245153343578,
    20.131445508614));
#3514 = CARTESIAN_POINT('',(-11.21329309511,5.228844443387,
    20.005195508614));
#3515 = CARTESIAN_POINT('',(-8.194418348171,11.702842230351,
    19.878945508614));
#3516 = CARTESIAN_POINT('',(-1.078334427145,12.32541890214,
    19.752695508614));
#3517 = CARTESIAN_POINT('',(6.03774949388,12.947995573929,
    19.626445508614));
#3518 = CARTESIAN_POINT('',(10.134958667966,7.096574458753,
    19.500195508614));
#3519 = CARTESIAN_POINT('',(10.741747670677,6.229989954018,
    19.481498120139));
#3520 = CARTESIAN_POINT('',(11.192610424156,5.272971471863,
    19.461239507567));
#3521 = ADVANCED_FACE('',(#3522),#3540,.F.);
#3522 = FACE_BOUND('',#3523,.F.);
#3523 = EDGE_LOOP('',(#3524,#3533,#3538,#3539));
#3524 = ORIENTED_EDGE('',*,*,#3525,.F.);
#3525 = EDGE_CURVE('',#3526,#3526,#3528,.T.);
#3526 = VERTEX_POINT('',#3527);
#3527 = CARTESIAN_POINT('',(8.2315,0.,19.500195508614));
#3528 = CIRCLE('',#3529,8.2315);
#3529 = AXIS2_PLACEMENT_3D('',#3530,#3531,#3532);
#3530 = CARTESIAN_POINT('',(0.,0.,19.500195508614));
#3531 = DIRECTION('',(0.,0.,1.));
#3532 = DIRECTION('',(1.,0.,0.));
#3533 = ORIENTED_EDGE('',*,*,#3534,.F.);
#3534 = EDGE_CURVE('',#2568,#3526,#3535,.T.);
#3535 = B_SPLINE_CURVE_WITH_KNOTS('',1,(#3536,#3537),.UNSPECIFIED.,.F.,
  .F.,(2,2),(13.094951683209,17.594951683209),.PIECEWISE_BEZIER_KNOTS.);
#3536 = CARTESIAN_POINT('',(8.2315,-1.7978E-15,14.955195508614));
#3537 = CARTESIAN_POINT('',(8.2315,-1.7978E-15,19.500195508614));
#3538 = ORIENTED_EDGE('',*,*,#2567,.T.);
#3539 = ORIENTED_EDGE('',*,*,#3534,.T.);
#3540 = CYLINDRICAL_SURFACE('',#3541,8.2315);
#3541 = AXIS2_PLACEMENT_3D('',#3542,#3543,#3544);
#3542 = CARTESIAN_POINT('',(0.,0.,1.729294308573));
#3543 = DIRECTION('',(0.,0.,1.));
#3544 = DIRECTION('',(-0.906307787037,0.422618261741,0.));
#3545 = ADVANCED_FACE('',(#3546,#3549),#3555,.T.);
#3546 = FACE_BOUND('',#3547,.T.);
#3547 = EDGE_LOOP('',(#3548));
#3548 = ORIENTED_EDGE('',*,*,#3525,.F.);
#3549 = FACE_BOUND('',#3550,.T.);
#3550 = EDGE_LOOP('',(#3551,#3552,#3553,#3554));
#3551 = ORIENTED_EDGE('',*,*,#2911,.T.);
#3552 = ORIENTED_EDGE('',*,*,#2690,.T.);
#3553 = ORIENTED_EDGE('',*,*,#3388,.F.);
#3554 = ORIENTED_EDGE('',*,*,#3147,.F.);
#3555 = PLANE('',#3556);
#3556 = AXIS2_PLACEMENT_3D('',#3557,#3558,#3559);
#3557 = CARTESIAN_POINT('',(-9.611394081524,4.48186666576,
    19.500195508614));
#3558 = DIRECTION('',(0.,0.,1.));
#3559 = DIRECTION('',(-0.906307787037,0.422618261741,0.));
#3560 = ( GEOMETRIC_REPRESENTATION_CONTEXT(3) 
GLOBAL_UNCERTAINTY_ASSIGNED_CONTEXT((#3564)) 
GLOBAL_UNIT_ASSIGNED_CONTEXT((#3561,#3562,#3563)) REPRESENTATION_CONTEXT
('Context #1','3D Context with UNIT and UNCERTAINTY') );
#3561 = ( LENGTH_UNIT() NAMED_UNIT(*) SI_UNIT(.MILLI.,.METRE.) );
#3562 = ( NAMED_UNIT(*) PLANE_ANGLE_UNIT() SI_UNIT($,.RADIAN.) );
#3563 = ( NAMED_UNIT(*) SI_UNIT($,.STERADIAN.) SOLID_ANGLE_UNIT() );
#3564 = UNCERTAINTY_MEASURE_WITH_UNIT(LENGTH_MEASURE(2.E-03),#3561,
  'distance_accuracy_value','confusion accuracy');
#3565 = PRODUCT_RELATED_PRODUCT_CATEGORY('part',$,(#7));
#3566 = MECHANICAL_DESIGN_GEOMETRIC_PRESENTATION_REPRESENTATION('',(
    #3567),#3560);
#3567 = STYLED_ITEM('color',(#3568),#15);
#3568 = PRESENTATION_STYLE_ASSIGNMENT((#3569,#3577));
#3569 = SURFACE_STYLE_USAGE(.BOTH.,#3570);
#3570 = SURFACE_SIDE_STYLE('',(#3571,#3575));
#3571 = SURFACE_STYLE_FILL_AREA(#3572);
#3572 = FILL_AREA_STYLE('',(#3573));
#3573 = FILL_AREA_STYLE_COLOUR('',#3574);
#3574 = COLOUR_RGB('',0.678431390124,0.709803936702,0.741176476869);
#3575 = SURFACE_STYLE_RENDERING_WITH_PROPERTIES(.NORMAL_SHADING.,#3574,(
    #3576));
#3576 = SURFACE_STYLE_TRANSPARENT(0.699999988079);
#3577 = CURVE_STYLE('',#3578,POSITIVE_LENGTH_MEASURE(0.1),#3579);
#3578 = DRAUGHTING_PRE_DEFINED_CURVE_FONT('continuous');
#3579 = COLOUR_RGB('',9.803921802644E-02,9.803921802644E-02,
  9.803921802644E-02);
ENDSEC;
END-ISO-10303-21;
