ISO-10303-21;
HEADER;
FILE_DESCRIPTION(('FreeCAD Model'),'2;1');
FILE_NAME('Open CASCADE Shape Model','2026-07-17T18:46:03',('Author'),(
    ''),'Open CASCADE STEP processor 7.8','FreeCAD','Unknown');
FILE_SCHEMA(('AUTOMOTIVE_DESIGN { 1 0 10303 214 1 1 1 1 }'));
ENDSEC;
DATA;
#1 = APPLICATION_PROTOCOL_DEFINITION('international standard',
  'automotive_design',2000,#2);
#2 = APPLICATION_CONTEXT(
  'core data for automotive mechanical design processes');
#3 = SHAPE_DEFINITION_REPRESENTATION(#4,#10);
#4 = PRODUCT_DEFINITION_SHAPE('','',#5);
#5 = PRODUCT_DEFINITION('design','',#6,#9);
#6 = PRODUCT_DEFINITION_FORMATION('','',#7);
#7 = PRODUCT('VaneNeueBohrung','VaneNeueBohrung','',(#8));
#8 = PRODUCT_CONTEXT('',#2,'mechanical');
#9 = PRODUCT_DEFINITION_CONTEXT('part definition',#2,'design');
#10 = ADVANCED_BREP_SHAPE_REPRESENTATION('',(#11,#15),#2194);
#11 = AXIS2_PLACEMENT_3D('',#12,#13,#14);
#12 = CARTESIAN_POINT('',(0.,0.,0.));
#13 = DIRECTION('',(0.,0.,1.));
#14 = DIRECTION('',(1.,0.,-0.));
#15 = MANIFOLD_SOLID_BREP('',#16);
#16 = CLOSED_SHELL('',(#17,#43,#67,#84,#108,#128,#152,#172,#221,#363,
    #517,#568,#635,#763,#811,#926,#1044,#1084,#1115,#1152,#1186,#1217,
    #1265,#1298,#1366,#1406,#1417,#1466,#1483,#1558,#1591,#1623,#1634,
    #1658,#1676,#1694,#1727,#1744,#1781,#1799,#1824,#1850,#1875,#1893,
    #1920,#1955,#1981,#2006,#2032,#2055,#2067,#2078,#2102,#2119,#2136,
    #2153,#2170,#2182));
#17 = ADVANCED_FACE('',(#18),#38,.F.);
#18 = FACE_BOUND('',#19,.F.);
#19 = EDGE_LOOP('',(#20,#30,#37));
#20 = ORIENTED_EDGE('',*,*,#21,.F.);
#21 = EDGE_CURVE('',#22,#24,#26,.T.);
#22 = VERTEX_POINT('',#23);
#23 = CARTESIAN_POINT('',(2.5,-6.123233995737E-16,37.7));
#24 = VERTEX_POINT('',#25);
#25 = CARTESIAN_POINT('',(4.440892098501E-16,-1.087704858758E-31,41.7));
#26 = LINE('',#27,#28);
#27 = CARTESIAN_POINT('',(2.5,-6.123233995737E-16,37.7));
#28 = VECTOR('',#29,1.);
#29 = DIRECTION('',(-0.529998940003,1.298123010853E-16,0.847998304005));
#30 = ORIENTED_EDGE('',*,*,#31,.T.);
#31 = EDGE_CURVE('',#22,#22,#32,.T.);
#32 = CIRCLE('',#33,2.5);
#33 = AXIS2_PLACEMENT_3D('',#34,#35,#36);
#34 = CARTESIAN_POINT('',(0.,0.,37.7));
#35 = DIRECTION('',(0.,0.,1.));
#36 = DIRECTION('',(1.,0.,0.));
#37 = ORIENTED_EDGE('',*,*,#21,.T.);
#38 = CONICAL_SURFACE('',#39,2.5,0.558599315344);
#39 = AXIS2_PLACEMENT_3D('',#40,#41,#42);
#40 = CARTESIAN_POINT('',(0.,0.,37.7));
#41 = DIRECTION('',(-0.,-0.,-1.));
#42 = DIRECTION('',(1.,0.,0.));
#43 = ADVANCED_FACE('',(#44),#62,.F.);
#44 = FACE_BOUND('',#45,.F.);
#45 = EDGE_LOOP('',(#46,#47,#54,#61));
#46 = ORIENTED_EDGE('',*,*,#31,.F.);
#47 = ORIENTED_EDGE('',*,*,#48,.F.);
#48 = EDGE_CURVE('',#49,#22,#51,.T.);
#49 = VERTEX_POINT('',#50);
#50 = CARTESIAN_POINT('',(2.5,0.,19.807124265955));
#51 = B_SPLINE_CURVE_WITH_KNOTS('',1,(#52,#53),.UNSPECIFIED.,.F.,.F.,(2,
    2),(18.094951683209,35.987827417254),.PIECEWISE_BEZIER_KNOTS.);
#52 = CARTESIAN_POINT('',(2.5,-6.123233995737E-16,19.807124265955));
#53 = CARTESIAN_POINT('',(2.5,-6.123233995737E-16,37.7));
#54 = ORIENTED_EDGE('',*,*,#55,.T.);
#55 = EDGE_CURVE('',#49,#49,#56,.T.);
#56 = CIRCLE('',#57,2.5);
#57 = AXIS2_PLACEMENT_3D('',#58,#59,#60);
#58 = CARTESIAN_POINT('',(0.,0.,19.807124265955));
#59 = DIRECTION('',(0.,0.,1.));
#60 = DIRECTION('',(1.,0.,0.));
#61 = ORIENTED_EDGE('',*,*,#48,.T.);
#62 = CYLINDRICAL_SURFACE('',#63,2.5);
#63 = AXIS2_PLACEMENT_3D('',#64,#65,#66);
#64 = CARTESIAN_POINT('',(0.,0.,1.712172582746));
#65 = DIRECTION('',(0.,0.,1.));
#66 = DIRECTION('',(1.,0.,0.));
#67 = ADVANCED_FACE('',(#68),#79,.F.);
#68 = FACE_BOUND('',#69,.F.);
#69 = EDGE_LOOP('',(#70));
#70 = ORIENTED_EDGE('',*,*,#71,.F.);
#71 = EDGE_CURVE('',#72,#72,#74,.T.);
#72 = VERTEX_POINT('',#73);
#73 = CARTESIAN_POINT('',(-6.1E-16,-4.,35.307124265955));
#74 = CIRCLE('',#75,2.5);
#75 = AXIS2_PLACEMENT_3D('',#76,#77,#78);
#76 = CARTESIAN_POINT('',(0.,-4.,37.807124265955));
#77 = DIRECTION('',(0.,-1.,0.));
#78 = DIRECTION('',(0.,0.,-1.));
#79 = PLANE('',#80);
#80 = AXIS2_PLACEMENT_3D('',#81,#82,#83);
#81 = CARTESIAN_POINT('',(-4.,-4.,35.));
#82 = DIRECTION('',(0.,1.,0.));
#83 = DIRECTION('',(0.,0.,1.));
#84 = ADVANCED_FACE('',(#85),#103,.F.);
#85 = FACE_BOUND('',#86,.F.);
#86 = EDGE_LOOP('',(#87,#94,#101,#102));
#87 = ORIENTED_EDGE('',*,*,#88,.T.);
#88 = EDGE_CURVE('',#72,#89,#91,.T.);
#89 = VERTEX_POINT('',#90);
#90 = CARTESIAN_POINT('',(0.,-15.,35.307124265955));
#91 = B_SPLINE_CURVE_WITH_KNOTS('',1,(#92,#93),.UNSPECIFIED.,.F.,.F.,(2,
    2),(-10.09892695392,3.251075773784),.PIECEWISE_BEZIER_KNOTS.);
#92 = CARTESIAN_POINT('',(-6.1E-16,-1.649997272293,35.307124265955));
#93 = CARTESIAN_POINT('',(-6.1E-16,-15.,35.307124265955));
#94 = ORIENTED_EDGE('',*,*,#95,.F.);
#95 = EDGE_CURVE('',#89,#89,#96,.T.);
#96 = CIRCLE('',#97,2.5);
#97 = AXIS2_PLACEMENT_3D('',#98,#99,#100);
#98 = CARTESIAN_POINT('',(0.,-15.,37.807124265955));
#99 = DIRECTION('',(0.,-1.,0.));
#100 = DIRECTION('',(0.,0.,-1.));
#101 = ORIENTED_EDGE('',*,*,#88,.F.);
#102 = ORIENTED_EDGE('',*,*,#71,.T.);
#103 = CYLINDRICAL_SURFACE('',#104,2.5);
#104 = AXIS2_PLACEMENT_3D('',#105,#106,#107);
#105 = CARTESIAN_POINT('',(0.,-11.74892422621,37.807124265955));
#106 = DIRECTION('',(0.,-1.,0.));
#107 = DIRECTION('',(0.,0.,-1.));
#108 = ADVANCED_FACE('',(#109,#112),#123,.T.);
#109 = FACE_BOUND('',#110,.T.);
#110 = EDGE_LOOP('',(#111));
#111 = ORIENTED_EDGE('',*,*,#95,.F.);
#112 = FACE_BOUND('',#113,.T.);
#113 = EDGE_LOOP('',(#114));
#114 = ORIENTED_EDGE('',*,*,#115,.T.);
#115 = EDGE_CURVE('',#116,#116,#118,.T.);
#116 = VERTEX_POINT('',#117);
#117 = CARTESIAN_POINT('',(0.,-15.,34.807124265955));
#118 = CIRCLE('',#119,3.);
#119 = AXIS2_PLACEMENT_3D('',#120,#121,#122);
#120 = CARTESIAN_POINT('',(0.,-15.,37.807124265955));
#121 = DIRECTION('',(0.,-1.,0.));
#122 = DIRECTION('',(0.,0.,-1.));
#123 = PLANE('',#124);
#124 = AXIS2_PLACEMENT_3D('',#125,#126,#127);
#125 = CARTESIAN_POINT('',(0.,-15.,39.307124265955));
#126 = DIRECTION('',(0.,-1.,0.));
#127 = DIRECTION('',(0.,0.,-1.));
#128 = ADVANCED_FACE('',(#129),#147,.F.);
#129 = FACE_BOUND('',#130,.F.);
#130 = EDGE_LOOP('',(#131,#140,#145,#146));
#131 = ORIENTED_EDGE('',*,*,#132,.F.);
#132 = EDGE_CURVE('',#133,#133,#135,.T.);
#133 = VERTEX_POINT('',#134);
#134 = CARTESIAN_POINT('',(0.,-25.,34.807124265955));
#135 = CIRCLE('',#136,3.);
#136 = AXIS2_PLACEMENT_3D('',#137,#138,#139);
#137 = CARTESIAN_POINT('',(0.,-25.,37.807124265955));
#138 = DIRECTION('',(0.,-1.,0.));
#139 = DIRECTION('',(0.,0.,-1.));
#140 = ORIENTED_EDGE('',*,*,#141,.F.);
#141 = EDGE_CURVE('',#116,#133,#142,.T.);
#142 = B_SPLINE_CURVE_WITH_KNOTS('',1,(#143,#144),.UNSPECIFIED.,.F.,.F.,
  (2,2),(29.425843954086,39.425843954086),.PIECEWISE_BEZIER_KNOTS.);
#143 = CARTESIAN_POINT('',(-7.3E-16,-15.,34.807124265955));
#144 = CARTESIAN_POINT('',(-7.3E-16,-25.,34.807124265955));
#145 = ORIENTED_EDGE('',*,*,#115,.T.);
#146 = ORIENTED_EDGE('',*,*,#141,.T.);
#147 = CYLINDRICAL_SURFACE('',#148,3.);
#148 = AXIS2_PLACEMENT_3D('',#149,#150,#151);
#149 = CARTESIAN_POINT('',(0.,14.425843954086,37.807124265955));
#150 = DIRECTION('',(0.,-1.,0.));
#151 = DIRECTION('',(0.,0.,-1.));
#152 = ADVANCED_FACE('',(#153,#156),#167,.F.);
#153 = FACE_BOUND('',#154,.T.);
#154 = EDGE_LOOP('',(#155));
#155 = ORIENTED_EDGE('',*,*,#132,.F.);
#156 = FACE_BOUND('',#157,.T.);
#157 = EDGE_LOOP('',(#158));
#158 = ORIENTED_EDGE('',*,*,#159,.T.);
#159 = EDGE_CURVE('',#160,#160,#162,.T.);
#160 = VERTEX_POINT('',#161);
#161 = CARTESIAN_POINT('',(0.,-25.,32.807124265955));
#162 = CIRCLE('',#163,5.);
#163 = AXIS2_PLACEMENT_3D('',#164,#165,#166);
#164 = CARTESIAN_POINT('',(0.,-25.,37.807124265955));
#165 = DIRECTION('',(0.,-1.,0.));
#166 = DIRECTION('',(0.,0.,-1.));
#167 = PLANE('',#168);
#168 = AXIS2_PLACEMENT_3D('',#169,#170,#171);
#169 = CARTESIAN_POINT('',(0.,-25.,41.807124265955));
#170 = DIRECTION('',(0.,1.,0.));
#171 = DIRECTION('',(0.,0.,1.));
#172 = ADVANCED_FACE('',(#173),#216,.T.);
#173 = FACE_BOUND('',#174,.T.);
#174 = EDGE_LOOP('',(#175,#209,#214,#215));
#175 = ORIENTED_EDGE('',*,*,#176,.T.);
#176 = EDGE_CURVE('',#177,#177,#179,.T.);
#177 = VERTEX_POINT('',#178);
#178 = CARTESIAN_POINT('',(-2.E-15,-23.98663016928,32.807124265955));
#179 = B_SPLINE_CURVE_WITH_KNOTS('',3,(#180,#181,#182,#183,#184,#185,
    #186,#187,#188,#189,#190,#191,#192,#193,#194,#195,#196,#197,#198,
    #199,#200,#201,#202,#203,#204,#205,#206,#207,#208),.UNSPECIFIED.,.T.
  ,.F.,(1,1,1,1,1,1,1,1,1,1,1,1,1,1,1,1,1,1,1,1,1,1,1,1,1,1,1,1,1,1,1,1,
    1),(-4.272438452138E-03,-2.848292301426E-03,-1.424146150713E-03,0.,
    1.424146150713E-03,2.848292301426E-03,4.272438452138E-03,
    5.696584602851E-03,8.544876904277E-03,1.13931692057E-02,
    1.424146150713E-02,1.566560765784E-02,1.708975380855E-02,
    1.851389995927E-02,1.993804610998E-02,2.136219226069E-02,
    2.278633841141E-02,2.421048456212E-02,2.563463071283E-02,
    2.705877686354E-02,2.848292301426E-02,2.990706916497E-02,
    3.133121531568E-02,3.417950761711E-02,3.702779991853E-02,
    3.987609221996E-02,4.130023837067E-02,4.272438452138E-02,
    4.41485306721E-02,4.557267682281E-02,4.699682297352E-02,
    4.842096912424E-02,4.984511527495E-02),.UNSPECIFIED.);
#180 = CARTESIAN_POINT('',(-1.404662603884,-23.66014680678,
    32.953792666534));
#181 = CARTESIAN_POINT('',(1.33296273567E-03,-24.1492842103,
    32.734055059661));
#182 = CARTESIAN_POINT('',(1.399330752942,-23.66249736774,
    32.952732690553));
#183 = CARTESIAN_POINT('',(2.390130638837,-22.7226567118,33.380994940175
    ));
#184 = CARTESIAN_POINT('',(3.142753762897,-21.63331223998,
    33.887429068816));
#185 = CARTESIAN_POINT('',(3.915115944157,-20.08497675167,
    34.624113052606));
#186 = CARTESIAN_POINT('',(4.572202968695,-18.04989023209,
    35.631417776958));
#187 = CARTESIAN_POINT('',(4.989231253307,-15.59105545906,
    36.945980855002));
#188 = CARTESIAN_POINT('',(5.037475497692,-13.57064295095,
    38.160108856193));
#189 = CARTESIAN_POINT('',(4.811947582629,-12.04455232918,
    39.259036950406));
#190 = CARTESIAN_POINT('',(4.456092759675,-11.01349505513,
    40.156523099895));
#191 = CARTESIAN_POINT('',(3.791722286397,-10.20496397516,
    41.154751653269));
#192 = CARTESIAN_POINT('',(2.727493535406,-9.859079573886,
    42.078618821485));
#193 = CARTESIAN_POINT('',(1.426802924088,-9.84776896854,42.669200277086
    ));
#194 = CARTESIAN_POINT('',(8.096254818133E-03,-9.876103179749,
    42.874807373378));
#195 = CARTESIAN_POINT('',(-1.408333718794,-9.848427035905,
    42.674272722566));
#196 = CARTESIAN_POINT('',(-2.711879638815,-9.85707869224,
    42.089113399507));
#197 = CARTESIAN_POINT('',(-3.782935064304,-10.19940517278,
    41.16467792694));
#198 = CARTESIAN_POINT('',(-4.448307857244,-10.998597593,40.171522717));
#199 = CARTESIAN_POINT('',(-4.810067410502,-12.03434106999,
    39.266662799962));
#200 = CARTESIAN_POINT('',(-5.03680175548,-13.5593121914,38.167546103173
    ));
#201 = CARTESIAN_POINT('',(-4.990399714652,-15.58130624169,
    36.951329225507));
#202 = CARTESIAN_POINT('',(-4.574248429469,-18.04153654013,
    35.635702437868));
#203 = CARTESIAN_POINT('',(-3.917868049126,-20.07809254372,
    34.627438045985));
#204 = CARTESIAN_POINT('',(-3.145410510323,-21.62905644466,
    33.889425122679));
#205 = CARTESIAN_POINT('',(-2.392558586797,-22.71918864463,
    33.38258965608));
#206 = CARTESIAN_POINT('',(-1.404662603884,-23.66014680678,
    32.953792666534));
#207 = CARTESIAN_POINT('',(1.33296273567E-03,-24.1492842103,
    32.734055059661));
#208 = CARTESIAN_POINT('',(1.399330752942,-23.66249736774,
    32.952732690553));
#209 = ORIENTED_EDGE('',*,*,#210,.T.);
#210 = EDGE_CURVE('',#177,#160,#211,.T.);
#211 = B_SPLINE_CURVE_WITH_KNOTS('',1,(#212,#213),.UNSPECIFIED.,.F.,.F.,
  (2,2),(38.412474123375,39.425843954086),.PIECEWISE_BEZIER_KNOTS.);
#212 = CARTESIAN_POINT('',(-8.88E-15,-23.98663016928,32.807124265955));
#213 = CARTESIAN_POINT('',(-8.88E-15,-25.,32.807124265955));
#214 = ORIENTED_EDGE('',*,*,#159,.F.);
#215 = ORIENTED_EDGE('',*,*,#210,.F.);
#216 = CYLINDRICAL_SURFACE('',#217,5.);
#217 = AXIS2_PLACEMENT_3D('',#218,#219,#220);
#218 = CARTESIAN_POINT('',(0.,14.425843954086,37.807124265955));
#219 = DIRECTION('',(0.,-1.,0.));
#220 = DIRECTION('',(0.,0.,-1.));
#221 = ADVANCED_FACE('',(#222),#263,.F.);
#222 = FACE_BOUND('',#223,.F.);
#223 = EDGE_LOOP('',(#224,#225,#233,#262));
#224 = ORIENTED_EDGE('',*,*,#176,.T.);
#225 = ORIENTED_EDGE('',*,*,#226,.T.);
#226 = EDGE_CURVE('',#177,#227,#229,.T.);
#227 = VERTEX_POINT('',#228);
#228 = CARTESIAN_POINT('',(-3.E-15,-19.87842867951,24.957092596054));
#229 = ( BOUNDED_CURVE() B_SPLINE_CURVE(2,(#230,#231,#232),
.UNSPECIFIED.,.F.,.F.) B_SPLINE_CURVE_WITH_KNOTS((3,3),(
3.77688978663E-06,0.999995014936),.PIECEWISE_BEZIER_KNOTS.) CURVE() 
GEOMETRIC_REPRESENTATION_ITEM() RATIONAL_B_SPLINE_CURVE((0.99999594874,
0.463680468671,0.999994652806)) REPRESENTATION_ITEM('') );
#230 = CARTESIAN_POINT('',(-6.6982442646E-07,-23.98663016569,
    32.807108736011));
#231 = CARTESIAN_POINT('',(-9.012789611051E-05,-14.43265983435,
    32.807075445178));
#232 = CARTESIAN_POINT('',(-5.4903636E-10,-19.87843511829,
    24.957097062834));
#233 = ORIENTED_EDGE('',*,*,#234,.T.);
#234 = EDGE_CURVE('',#227,#227,#235,.T.);
#235 = B_SPLINE_CURVE_WITH_KNOTS('',3,(#236,#237,#238,#239,#240,#241,
    #242,#243,#244,#245,#246,#247,#248,#249,#250,#251,#252,#253,#254,
    #255,#256,#257,#258,#259,#260,#261),.UNSPECIFIED.,.T.,.F.,(1,1,1,1,1
    ,1,1,1,1,1,1,1,1,1,1,1,1,1,1,1,1,1,1,1,1,1,1,1,1,1),(
    -5.916612232672E-03,-3.944408155115E-03,-1.972204077557E-03,0.,
    1.972204077557E-03,3.944408155115E-03,5.916612232672E-03,
    7.888816310229E-03,1.183322446534E-02,1.577763262046E-02,
    1.972204077557E-02,2.366644893069E-02,2.563865300825E-02,
    2.76108570858E-02,2.958306116336E-02,3.155526524092E-02,
    3.352746931847E-02,3.549967339603E-02,3.944408155115E-02,
    4.338848970626E-02,4.733289786138E-02,5.127730601649E-02,
    5.52217141716E-02,5.719391824916E-02,5.916612232672E-02,
    6.113832640428E-02,6.311053048183E-02,6.508273455939E-02,
    6.705493863695E-02,6.902714271451E-02),.UNSPECIFIED.);
#236 = CARTESIAN_POINT('',(1.965547825283,-19.66963954944,
    25.159401810471));
#237 = CARTESIAN_POINT('',(5.515159133497E-05,-19.98275072512,
    24.856010910689));
#238 = CARTESIAN_POINT('',(-1.965768431648,-19.66992962714,
    25.159110123098));
#239 = CARTESIAN_POINT('',(-3.622969966251,-18.88705919143,
    25.927476321292));
#240 = CARTESIAN_POINT('',(-4.930536542106,-17.85382966878,
    26.963333632895));
#241 = CARTESIAN_POINT('',(-6.277152103027,-16.29622334181,
    28.567179719196));
#242 = CARTESIAN_POINT('',(-7.326709822543,-14.18510504639,
    30.844762275162));
#243 = CARTESIAN_POINT('',(-7.767164351932,-11.68005446026,
    33.803509358679));
#244 = CARTESIAN_POINT('',(-7.4277774964,-9.358143180089,36.940965732719
    ));
#245 = CARTESIAN_POINT('',(-6.381771448325,-7.788631325083,
    39.662429896297));
#246 = CARTESIAN_POINT('',(-4.978586984471,-6.946025931472,
    41.701817097396));
#247 = CARTESIAN_POINT('',(-3.61957310996,-6.532357841733,
    43.054714139012));
#248 = CARTESIAN_POINT('',(-1.939414281937,-6.309501768841,
    44.074429321658));
#249 = CARTESIAN_POINT('',(3.288005931541E-02,-6.239581721586,
    44.478375741067));
#250 = CARTESIAN_POINT('',(1.980490987682,-6.313574881974,44.05512791137
    ));
#251 = CARTESIAN_POINT('',(4.208724606154,-6.61205916888,42.68521451066)
  );
#252 = CARTESIAN_POINT('',(6.19189217843,-7.487688198329,40.16714981737)
  );
#253 = CARTESIAN_POINT('',(7.432229659994,-9.375321393278,
    36.918980056183));
#254 = CARTESIAN_POINT('',(7.766672151931,-11.69586410815,
    33.783073065975));
#255 = CARTESIAN_POINT('',(7.32219448308,-14.19806627671,30.830549139457
    ));
#256 = CARTESIAN_POINT('',(6.270169240736,-16.30606939324,
    28.556852310965));
#257 = CARTESIAN_POINT('',(4.925873630664,-17.8581730394,26.958952016735
    ));
#258 = CARTESIAN_POINT('',(3.617585137743,-18.89009060642,
    25.924480437071));
#259 = CARTESIAN_POINT('',(1.965547825283,-19.66963954944,
    25.159401810471));
#260 = CARTESIAN_POINT('',(5.515159133497E-05,-19.98275072512,
    24.856010910689));
#261 = CARTESIAN_POINT('',(-1.965768431648,-19.66992962714,
    25.159110123098));
#262 = ORIENTED_EDGE('',*,*,#226,.F.);
#263 = ( BOUNDED_SURFACE() B_SPLINE_SURFACE(3,2,(
    (#264,#265,#266)
    ,(#267,#268,#269)
    ,(#270,#271,#272)
    ,(#273,#274,#275)
    ,(#276,#277,#278)
    ,(#279,#280,#281)
    ,(#282,#283,#284)
    ,(#285,#286,#287)
    ,(#288,#289,#290)
    ,(#291,#292,#293)
    ,(#294,#295,#296)
    ,(#297,#298,#299)
    ,(#300,#301,#302)
    ,(#303,#304,#305)
    ,(#306,#307,#308)
    ,(#309,#310,#311)
    ,(#312,#313,#314)
    ,(#315,#316,#317)
    ,(#318,#319,#320)
    ,(#321,#322,#323)
    ,(#324,#325,#326)
    ,(#327,#328,#329)
    ,(#330,#331,#332)
    ,(#333,#334,#335)
    ,(#336,#337,#338)
    ,(#339,#340,#341)
    ,(#342,#343,#344)
    ,(#345,#346,#347)
    ,(#348,#349,#350)
    ,(#351,#352,#353)
    ,(#354,#355,#356)
    ,(#357,#358,#359)
    ,(#360,#361,#362
)),.UNSPECIFIED.,.T.,.F.,.F.) B_SPLINE_SURFACE_WITH_KNOTS((1,3,1,1,1,1,1
    ,1,1,1,1,1,1,1,1,1,1,1,1,1,1,1,1,1,1,1,1,1,1,1,1,3,1),(3,3),(
    -2.221817892314E-03,0.,1.110908946157E-03,2.221817892314E-03,
    3.332726838472E-03,4.443635784629E-03,6.665453676943E-03,
    8.887271569258E-03,1.110908946157E-02,1.333090735389E-02,
    1.777454313852E-02,2.221817892314E-02,2.443999681546E-02,
    2.666181470777E-02,2.888363260009E-02,3.11054504924E-02,
    3.332726838472E-02,3.554908627703E-02,3.777090416934E-02,
    3.999272206166E-02,4.443635784629E-02,4.66581757386E-02,
    4.887999363092E-02,5.110181152323E-02,5.332362941555E-02,
    5.776726520017E-02,5.998908309249E-02,6.22109009848E-02,
    6.443271887712E-02,6.665453676943E-02,6.887635466175E-02,
    7.109817255406E-02,7.220908150022E-02),(0.,1.),.UNSPECIFIED.) 
GEOMETRIC_REPRESENTATION_ITEM() RATIONAL_B_SPLINE_SURFACE((
    (1.,0.469096932439,1.)
    ,(1.,0.465893984171,1.)
    ,(1.,0.462257994187,1.)
    ,(1.,0.465665457518,1.)
    ,(1.,0.477689997173,1.)
    ,(1.,0.502905592879,1.)
    ,(1.,0.546795307513,1.)
    ,(1.,0.606712327599,1.)
    ,(1.,0.665735875164,1.)
    ,(1.,0.741490906212,1.)
    ,(1.,0.822972078311,1.)
    ,(1.,0.885003536054,1.)
    ,(1.,0.918374956576,1.)
    ,(1.,0.933537086308,1.)
    ,(1.,0.937907160053,1.)
    ,(1.,0.933690555995,1.)
    ,(1.,0.925919619272,1.)
    ,(1.,0.920132702817,1.)
    ,(1.,0.919742211497,1.)
    ,(1.,0.926766968273,1.)
    ,(1.,0.938796400575,1.)
    ,(1.,0.934669888564,1.)
    ,(1.,0.92082511182,1.)
    ,(1.,0.896795507906,1.)
    ,(1.,0.854078117371,1.)
    ,(1.,0.79655075823,1.)
    ,(1.,0.729017876721,1.)
    ,(1.,0.672568118857,1.)
    ,(1.,0.613698045351,1.)
    ,(1.,0.553481062311,1.)
    ,(1.,0.49939424826,1.)
    ,(1.,0.475502828975,1.)
,(1.,0.469096932439,1.))) REPRESENTATION_ITEM('') SURFACE() );
#264 = CARTESIAN_POINT('',(-0.619100582768,-23.9012256229,
    32.845600863973));
#265 = CARTESIAN_POINT('',(0.651633388544,-14.57547425131,32.68703824551
    ));
#266 = CARTESIAN_POINT('',(-1.025578258645,-19.79692640913,25.0363556597
    ));
#267 = CARTESIAN_POINT('',(-0.435748891639,-23.95201076813,
    32.822707373492));
#268 = CARTESIAN_POINT('',(0.484020979783,-14.49310191395,
    32.756189726113));
#269 = CARTESIAN_POINT('',(-0.722188987332,-19.84538104152,
    24.989199407356));
#270 = CARTESIAN_POINT('',(-6.302909464555E-02,-24.00875212725,
    32.797169405619));
#271 = CARTESIAN_POINT('',(7.349535267068E-02,-14.39318372476,
    32.840223080519));
#272 = CARTESIAN_POINT('',(-0.104510556593,-19.89954829418,
    24.936580952309));
#273 = CARTESIAN_POINT('',(0.49256100214,-23.95573943102,32.821019506335
    ));
#274 = CARTESIAN_POINT('',(-0.555483727849,-14.48767309255,
    32.76072406914));
#275 = CARTESIAN_POINT('',(0.816481299271,-19.84893364934,
    24.985725322455));
#276 = CARTESIAN_POINT('',(1.043715707092,-23.76505550536,
    32.906984126354));
#277 = CARTESIAN_POINT('',(-1.015483960727,-14.79155746664,
    32.505628951395));
#278 = CARTESIAN_POINT('',(1.727963687726,-19.66700438472,
    25.162793908227));
#279 = CARTESIAN_POINT('',(1.735498556891,-23.35047172348,33.09473212811
    ));
#280 = CARTESIAN_POINT('',(-1.229196405985,-15.31193626573,
    32.07152567402));
#281 = CARTESIAN_POINT('',(2.866316704475,-19.27204645678,
    25.549202304272));
#282 = CARTESIAN_POINT('',(2.514044936478,-22.57816592647,
    33.447487833989));
#283 = CARTESIAN_POINT('',(-0.785109266093,-15.8896288549,
    31.599784176904));
#284 = CARTESIAN_POINT('',(4.132408184035,-18.53840414953,
    26.274109119784));
#285 = CARTESIAN_POINT('',(3.289761579599,-21.38252206568,
    34.005113011295));
#286 = CARTESIAN_POINT('',(0.38698647782,-16.04946281041,31.511631868904
    ));
#287 = CARTESIAN_POINT('',(5.361576349027,-17.40995728935,
    27.415882379104));
#288 = CARTESIAN_POINT('',(3.90374618301,-20.0511450526,34.642726270751)
  );
#289 = CARTESIAN_POINT('',(1.657598449765,-15.71934126498,
    31.869288953799));
#290 = CARTESIAN_POINT('',(6.298265580292,-16.16278989987,
    28.715677890036));
#291 = CARTESIAN_POINT('',(4.546168548041,-18.12757034877,
    35.595665909669));
#292 = CARTESIAN_POINT('',(3.196470831347,-14.82169673906,
    32.783980388397));
#293 = CARTESIAN_POINT('',(7.222639508023,-14.37533971764,
    30.647978191255));
#294 = CARTESIAN_POINT('',(5.008189435801,-15.6601947036,36.89499879873)
  );
#295 = CARTESIAN_POINT('',(4.643305853267,-13.15963881769,
    34.491065119772));
#296 = CARTESIAN_POINT('',(7.767829877954,-12.1104652326,33.25917076195)
  );
#297 = CARTESIAN_POINT('',(5.036810426258,-13.27297760814,
    38.342633471691));
#298 = CARTESIAN_POINT('',(5.266087284155,-11.1843571326,36.715805753962
    ));
#299 = CARTESIAN_POINT('',(7.557319027638,-9.945871412792,
    36.118518074342));
#300 = CARTESIAN_POINT('',(4.71583581612,-11.66289970413,39.563595404909
    ));
#301 = CARTESIAN_POINT('',(5.11048959003,-9.774664047722,38.576121116906
    ));
#302 = CARTESIAN_POINT('',(6.845740459803,-8.463553216517,
    38.477554419739));
#303 = CARTESIAN_POINT('',(4.266164347613,-10.71479087806,
    40.484323555176));
#304 = CARTESIAN_POINT('',(4.643655699356,-8.902924137699,
    39.930221312243));
#305 = CARTESIAN_POINT('',(6.010536935276,-7.552372625387,
    40.220693096147));
#306 = CARTESIAN_POINT('',(3.603220500692,-10.13159354305,
    41.331448786315));
#307 = CARTESIAN_POINT('',(3.853881207524,-8.305066372348,
    41.105521244783));
#308 = CARTESIAN_POINT('',(4.911648025417,-6.918609142836,
    41.781043325517));
#309 = CARTESIAN_POINT('',(2.733998005723,-9.883236894972,
    42.044088800732));
#310 = CARTESIAN_POINT('',(2.82472680168,-7.964563781351,42.001308575206
    ));
#311 = CARTESIAN_POINT('',(3.604942812782,-6.53807513611,43.04848522286)
  );
#312 = CARTESIAN_POINT('',(1.723209797801,-9.844403118989,
    42.544733756383));
#313 = CARTESIAN_POINT('',(1.712582377602,-7.803769112179,
    42.552748231685));
#314 = CARTESIAN_POINT('',(2.211446017359,-6.344902553092,
    43.905339179006));
#315 = CARTESIAN_POINT('',(0.638832208965,-9.866280409639,
    42.808656329836));
#316 = CARTESIAN_POINT('',(0.618442155833,-7.738279723457,
    42.809484209416));
#317 = CARTESIAN_POINT('',(0.807112571892,-6.262873708055,
    44.343413177754));
#318 = CARTESIAN_POINT('',(-0.499211225979,-9.868444858154,
    42.824379183983));
#319 = CARTESIAN_POINT('',(-0.48301416738,-7.734497876129,
    42.823151499385));
#320 = CARTESIAN_POINT('',(-0.630379861712,-6.258109255774,
    44.369011980603));
#321 = CARTESIAN_POINT('',(-1.957907397423,-9.83892296196,
    42.513280790107));
#322 = CARTESIAN_POINT('',(-1.934864406375,-7.811124300883,
    42.528696286391));
#323 = CARTESIAN_POINT('',(-2.507069655151,-6.354445456687,
    43.85491074411));
#324 = CARTESIAN_POINT('',(-3.266497726075,-9.901013168772,
    41.717663749605));
#325 = CARTESIAN_POINT('',(-3.447289181566,-8.058454655265,
    41.630797724271));
#326 = CARTESIAN_POINT('',(-4.365811437083,-6.653697031897,
    42.487030029518));
#327 = CARTESIAN_POINT('',(-4.195916560655,-10.62108314889,
    40.594698428125));
#328 = CARTESIAN_POINT('',(-4.563284812732,-8.812389266148,
    40.088011927754));
#329 = CARTESIAN_POINT('',(-5.888383271145,-7.457617480397,
    40.426712498183));
#330 = CARTESIAN_POINT('',(-4.67229900024,-11.52927437826,
    39.678067710261));
#331 = CARTESIAN_POINT('',(-5.072400649818,-9.655505293806,
    38.74700668511));
#332 = CARTESIAN_POINT('',(-6.759220831881,-8.338368667046,
    38.696465294502));
#333 = CARTESIAN_POINT('',(-4.937616497668,-12.71576617821,
    38.756103759118));
#334 = CARTESIAN_POINT('',(-5.229344131016,-10.69013040473,
    37.358602821625));
#335 = CARTESIAN_POINT('',(-7.330528279435,-9.434227631421,
    36.918948992135));
#336 = CARTESIAN_POINT('',(-5.053431424999,-14.49907875136,
    37.578123064204));
#337 = CARTESIAN_POINT('',(-5.012915587547,-12.19048265329,
    35.557670252915));
#338 = CARTESIAN_POINT('',(-7.719156604851,-11.05799622426,
    34.612978675949));
#339 = CARTESIAN_POINT('',(-4.86955731607,-16.48319792863,
    36.459655838643));
#340 = CARTESIAN_POINT('',(-4.197818082772,-13.71568122118,
    33.922724088501));
#341 = CARTESIAN_POINT('',(-7.613638900619,-12.86425969201,
    32.384964885132));
#342 = CARTESIAN_POINT('',(-4.4341472929,-18.43310350198,35.446097871022
    ));
#343 = CARTESIAN_POINT('',(-2.969880350855,-14.9282621797,
    32.675082073785));
#344 = CARTESIAN_POINT('',(-7.058131579313,-14.66006931506,
    30.34412904807));
#345 = CARTESIAN_POINT('',(-3.967140512886,-19.88660333719,
    34.722908493897));
#346 = CARTESIAN_POINT('',(-1.804078237434,-15.6549920185,
    31.935446339081));
#347 = CARTESIAN_POINT('',(-6.392215993346,-16.00930481655,
    28.878681732412));
#348 = CARTESIAN_POINT('',(-3.369226569037,-21.23318758453,
    34.075704209478));
#349 = CARTESIAN_POINT('',(-0.535079531939,-16.03336284464,
    31.532642859263));
#350 = CARTESIAN_POINT('',(-5.485077036913,-17.26958251972,
    27.560092742037));
#351 = CARTESIAN_POINT('',(-2.610784677575,-22.45240349097,
    33.505504518777));
#352 = CARTESIAN_POINT('',(0.668713277304,-15.93763758206,
    31.563041604592));
#353 = CARTESIAN_POINT('',(-4.28766589261,-18.41931582583,
    26.393125071954));
#354 = CARTESIAN_POINT('',(-1.6951450706,-23.41719902621,33.063957859209
    ));
#355 = CARTESIAN_POINT('',(1.325684638269,-15.28377428567,
    32.092984546825));
#356 = CARTESIAN_POINT('',(-2.802314334067,-19.33523056632,
    25.486069372331));
#357 = CARTESIAN_POINT('',(-0.985803965026,-23.79965533245,
    32.891387844934));
#358 = CARTESIAN_POINT('',(0.980084064987,-14.73688980595,32.5515300767)
  );
#359 = CARTESIAN_POINT('',(-1.63235680127,-19.70001714435,
    25.130668164389));
#360 = CARTESIAN_POINT('',(-0.619100582768,-23.9012256229,
    32.845600863973));
#361 = CARTESIAN_POINT('',(0.651633388544,-14.57547425131,32.68703824551
    ));
#362 = CARTESIAN_POINT('',(-1.025578258645,-19.79692640913,25.0363556597
    ));
#363 = ADVANCED_FACE('',(#364,#385,#388),#440,.T.);
#364 = FACE_BOUND('',#365,.T.);
#365 = EDGE_LOOP('',(#366,#377,#384));
#366 = ORIENTED_EDGE('',*,*,#367,.T.);
#367 = EDGE_CURVE('',#368,#370,#372,.T.);
#368 = VERTEX_POINT('',#369);
#369 = CARTESIAN_POINT('',(0.,0.,47.807124265955));
#370 = VERTEX_POINT('',#371);
#371 = CARTESIAN_POINT('',(23.622736130511,0.,19.807124265955));
#372 = B_SPLINE_CURVE_WITH_KNOTS('',3,(#373,#374,#375,#376),
  .UNSPECIFIED.,.F.,.F.,(4,4),(0.,0.713410870664),
  .PIECEWISE_BEZIER_KNOTS.);
#373 = CARTESIAN_POINT('',(0.,0.,47.807124265955));
#374 = CARTESIAN_POINT('',(7.134108706637,1.127E-14,47.807124265955));
#375 = CARTESIAN_POINT('',(13.261096556476,2.265E-14,33.318337210662));
#376 = CARTESIAN_POINT('',(23.622736130511,4.019E-14,19.807124265955));
#377 = ORIENTED_EDGE('',*,*,#378,.T.);
#378 = EDGE_CURVE('',#370,#370,#379,.T.);
#379 = CIRCLE('',#380,23.622736130511);
#380 = AXIS2_PLACEMENT_3D('',#381,#382,#383);
#381 = CARTESIAN_POINT('',(0.,0.,19.807124265955));
#382 = DIRECTION('',(0.,0.,1.));
#383 = DIRECTION('',(1.,0.,0.));
#384 = ORIENTED_EDGE('',*,*,#367,.F.);
#385 = FACE_BOUND('',#386,.T.);
#386 = EDGE_LOOP('',(#387));
#387 = ORIENTED_EDGE('',*,*,#234,.T.);
#388 = FACE_BOUND('',#389,.T.);
#389 = EDGE_LOOP('',(#390,#401,#417,#426));
#390 = ORIENTED_EDGE('',*,*,#391,.T.);
#391 = EDGE_CURVE('',#392,#394,#396,.T.);
#392 = VERTEX_POINT('',#393);
#393 = CARTESIAN_POINT('',(3.848178507177,0.646477705896,46.408428971682
    ));
#394 = VERTEX_POINT('',#395);
#395 = CARTESIAN_POINT('',(-3.848178507177,0.646477705896,
    46.408428971682));
#396 = CIRCLE('',#397,3.902103438829);
#397 = AXIS2_PLACEMENT_3D('',#398,#399,#400);
#398 = CARTESIAN_POINT('',(0.,0.,46.408428971682));
#399 = DIRECTION('',(0.,0.,1.));
#400 = DIRECTION('',(1.,0.,0.));
#401 = ORIENTED_EDGE('',*,*,#402,.T.);
#402 = EDGE_CURVE('',#394,#403,#405,.T.);
#403 = VERTEX_POINT('',#404);
#404 = CARTESIAN_POINT('',(-6.308031335921,22.652166628876,
    19.949047269574));
#405 = B_SPLINE_CURVE_WITH_KNOTS('',3,(#406,#407,#408,#409,#410,#411,
    #412,#413,#414,#415,#416),.UNSPECIFIED.,.F.,.F.,(4,1,1,1,1,1,1,1,4),
  (0.,2.217513095843E-03,4.435026191686E-03,8.870052383372E-03,
    1.330507857506E-02,1.774010476674E-02,2.217513095843E-02,
    2.661015715012E-02,3.548020953349E-02),.UNSPECIFIED.);
#406 = CARTESIAN_POINT('',(-3.848178507177,0.646477705896,
    46.408428971682));
#407 = CARTESIAN_POINT('',(-3.87786864601,1.378559787808,46.303307092736
    ));
#408 = CARTESIAN_POINT('',(-4.029404848813,2.736004534102,
    45.757078713568));
#409 = CARTESIAN_POINT('',(-4.406225181619,5.073001593784,
    44.004644665566));
#410 = CARTESIAN_POINT('',(-4.811012820515,7.506976381913,
    41.301473428209));
#411 = CARTESIAN_POINT('',(-5.178915930711,10.12069300738,
    37.818425488384));
#412 = CARTESIAN_POINT('',(-5.475471092891,12.596006736819,
    34.228797671922));
#413 = CARTESIAN_POINT('',(-5.724014208344,15.033084981686,
    30.606357167157));
#414 = CARTESIAN_POINT('',(-6.011862073731,18.307805335566,
    25.792277119761));
#415 = CARTESIAN_POINT('',(-6.193835831855,20.859999060519,
    22.247948838873));
#416 = CARTESIAN_POINT('',(-6.308031335921,22.652166628876,
    19.949047269574));
#417 = ORIENTED_EDGE('',*,*,#418,.F.);
#418 = EDGE_CURVE('',#419,#403,#421,.T.);
#419 = VERTEX_POINT('',#420);
#420 = CARTESIAN_POINT('',(6.308031335921,22.652166628876,
    19.949047269574));
#421 = CIRCLE('',#422,23.514079023371);
#422 = AXIS2_PLACEMENT_3D('',#423,#424,#425);
#423 = CARTESIAN_POINT('',(0.,0.,19.949047269574));
#424 = DIRECTION('',(0.,0.,1.));
#425 = DIRECTION('',(1.,0.,0.));
#426 = ORIENTED_EDGE('',*,*,#427,.T.);
#427 = EDGE_CURVE('',#419,#392,#428,.T.);
#428 = B_SPLINE_CURVE_WITH_KNOTS('',3,(#429,#430,#431,#432,#433,#434,
    #435,#436,#437,#438,#439),.UNSPECIFIED.,.F.,.F.,(4,1,1,1,1,1,1,1,4),
  (0.,8.740201011761E-03,1.311030151764E-02,1.748040202352E-02,
    2.18505025294E-02,2.622060303528E-02,3.059070354116E-02,
    3.27757537941E-02,3.496080404704E-02),.UNSPECIFIED.);
#429 = CARTESIAN_POINT('',(6.308031335921,22.652166628876,
    19.949047269574));
#430 = CARTESIAN_POINT('',(6.193865106919,20.860458499089,
    22.247359494401));
#431 = CARTESIAN_POINT('',(6.011942163682,18.308902332021,25.79074692112
    ));
#432 = CARTESIAN_POINT('',(5.724185514319,15.03493054649,30.603584231681
    ));
#433 = CARTESIAN_POINT('',(5.475754738424,12.598629810972,
    34.225042411748));
#434 = CARTESIAN_POINT('',(5.179286370702,10.123469883736,
    37.814034466156));
#435 = CARTESIAN_POINT('',(4.811805145055,7.51280839109,41.295593340999)
  );
#436 = CARTESIAN_POINT('',(4.406678519351,5.073551058024,44.001082563537
    ));
#437 = CARTESIAN_POINT('',(4.031322505044,2.751611143873,45.749418357109
    ));
#438 = CARTESIAN_POINT('',(3.877750148586,1.375637947612,46.303726648601
    ));
#439 = CARTESIAN_POINT('',(3.848178507177,0.646477705896,46.408428971682
    ));
#440 = B_SPLINE_SURFACE_WITH_KNOTS('',3,3,(
    (#441,#442,#443,#444,#445,#446,#447,#448,#449,#450,#451,#452,#453
      ,#454,#455,#456,#457,#458,#459)
    ,(#460,#461,#462,#463,#464,#465,#466,#467,#468,#469,#470,#471,#472
      ,#473,#474,#475,#476,#477,#478)
    ,(#479,#480,#481,#482,#483,#484,#485,#486,#487,#488,#489,#490,#491
      ,#492,#493,#494,#495,#496,#497)
    ,(#498,#499,#500,#501,#502,#503,#504,#505,#506,#507,#508,#509,#510
      ,#511,#512,#513,#514,#515,#516
    )),.UNSPECIFIED.,.F.,.T.,.F.,(4,4),(1,1,1,1,1,1,1,1,1,1,1,1,1,1,1,1,
    1,1,1,1,1,1,1),(0.,0.713410870664),(-1.178097245096,-0.785398163397,
    -0.392699081699,0.,0.392699081699,0.785398163397,1.178097245096,
    1.570796326795,1.963495408494,2.356194490192,2.748893571891,
    3.14159265359,3.534291735289,3.926990816987,4.319689898686,
    4.712388980385,5.105088062083,5.497787143782,5.890486225481,
    6.28318530718,6.675884388878,7.068583470577,7.461282552276),
  .UNSPECIFIED.);
#441 = CARTESIAN_POINT('',(0.,0.,47.807124265955));
#442 = CARTESIAN_POINT('',(0.,0.,47.807124265955));
#443 = CARTESIAN_POINT('',(0.,0.,47.807124265955));
#444 = CARTESIAN_POINT('',(0.,0.,47.807124265955));
#445 = CARTESIAN_POINT('',(0.,0.,47.807124265955));
#446 = CARTESIAN_POINT('',(0.,0.,47.807124265955));
#447 = CARTESIAN_POINT('',(0.,0.,47.807124265955));
#448 = CARTESIAN_POINT('',(0.,0.,47.807124265955));
#449 = CARTESIAN_POINT('',(0.,0.,47.807124265955));
#450 = CARTESIAN_POINT('',(0.,0.,47.807124265955));
#451 = CARTESIAN_POINT('',(0.,0.,47.807124265955));
#452 = CARTESIAN_POINT('',(0.,0.,47.807124265955));
#453 = CARTESIAN_POINT('',(0.,0.,47.807124265955));
#454 = CARTESIAN_POINT('',(0.,0.,47.807124265955));
#455 = CARTESIAN_POINT('',(0.,0.,47.807124265955));
#456 = CARTESIAN_POINT('',(0.,0.,47.807124265955));
#457 = CARTESIAN_POINT('',(0.,0.,47.807124265955));
#458 = CARTESIAN_POINT('',(0.,0.,47.807124265955));
#459 = CARTESIAN_POINT('',(0.,0.,47.807124265955));
#460 = CARTESIAN_POINT('',(6.762649018352,-2.801180940971,
    47.807124265955));
#461 = CARTESIAN_POINT('',(7.319838550779,-4.99E-15,47.807124265955));
#462 = CARTESIAN_POINT('',(6.762649018352,2.801180940971,47.807124265955
    ));
#463 = CARTESIAN_POINT('',(5.175907476447,5.175907476447,47.807124265955
    ));
#464 = CARTESIAN_POINT('',(2.801180940971,6.762649018352,47.807124265955
    ));
#465 = CARTESIAN_POINT('',(-1.08E-15,7.319838550779,47.807124265955));
#466 = CARTESIAN_POINT('',(-2.801180940971,6.762649018352,
    47.807124265955));
#467 = CARTESIAN_POINT('',(-5.175907476447,5.175907476447,
    47.807124265955));
#468 = CARTESIAN_POINT('',(-6.762649018352,2.801180940971,
    47.807124265955));
#469 = CARTESIAN_POINT('',(-7.319838550779,1.38E-15,47.807124265955));
#470 = CARTESIAN_POINT('',(-6.762649018352,-2.801180940971,
    47.807124265955));
#471 = CARTESIAN_POINT('',(-5.175907476447,-5.175907476447,
    47.807124265955));
#472 = CARTESIAN_POINT('',(-2.801180940971,-6.762649018352,
    47.807124265955));
#473 = CARTESIAN_POINT('',(-3.31E-15,-7.319838550779,47.807124265955));
#474 = CARTESIAN_POINT('',(2.801180940971,-6.762649018352,
    47.807124265955));
#475 = CARTESIAN_POINT('',(5.175907476447,-5.175907476447,
    47.807124265955));
#476 = CARTESIAN_POINT('',(6.762649018352,-2.801180940971,
    47.807124265955));
#477 = CARTESIAN_POINT('',(7.319838550779,-4.99E-15,47.807124265955));
#478 = CARTESIAN_POINT('',(6.762649018352,2.801180940971,47.807124265955
    ));
#479 = CARTESIAN_POINT('',(12.570616078011,-5.206919666897,
    33.318337210662));
#480 = CARTESIAN_POINT('',(13.606336795709,-1.236E-14,33.318337210662));
#481 = CARTESIAN_POINT('',(12.570616078011,5.206919666897,
    33.318337210662));
#482 = CARTESIAN_POINT('',(9.621133015354,9.621133015354,33.318337210662
    ));
#483 = CARTESIAN_POINT('',(5.206919666897,12.570616078011,
    33.318337210662));
#484 = CARTESIAN_POINT('',(4.45E-15,13.606336795709,33.318337210662));
#485 = CARTESIAN_POINT('',(-5.206919666897,12.570616078011,
    33.318337210662));
#486 = CARTESIAN_POINT('',(-9.621133015354,9.621133015354,
    33.318337210662));
#487 = CARTESIAN_POINT('',(-12.57061607801,5.206919666897,
    33.318337210662));
#488 = CARTESIAN_POINT('',(-13.6063367957,3.5E-15,33.318337210662));
#489 = CARTESIAN_POINT('',(-12.57061607801,-5.206919666897,
    33.318337210662));
#490 = CARTESIAN_POINT('',(-9.621133015354,-9.621133015354,
    33.318337210662));
#491 = CARTESIAN_POINT('',(-5.206919666897,-12.57061607801,
    33.318337210662));
#492 = CARTESIAN_POINT('',(6.63E-15,-13.6063367957,33.318337210662));
#493 = CARTESIAN_POINT('',(5.206919666897,-12.57061607801,
    33.318337210662));
#494 = CARTESIAN_POINT('',(9.621133015354,-9.621133015354,
    33.318337210662));
#495 = CARTESIAN_POINT('',(12.570616078011,-5.206919666897,
    33.318337210662));
#496 = CARTESIAN_POINT('',(13.606336795709,-1.236E-14,33.318337210662));
#497 = CARTESIAN_POINT('',(12.570616078011,5.206919666897,
    33.318337210662));
#498 = CARTESIAN_POINT('',(22.392744472084,-9.275378459092,
    19.807124265955));
#499 = CARTESIAN_POINT('',(24.237731959725,-1.735E-14,19.807124265955));
#500 = CARTESIAN_POINT('',(22.392744472084,9.275378459093,
    19.807124265955));
#501 = CARTESIAN_POINT('',(17.138664629303,17.138664629303,
    19.807124265955));
#502 = CARTESIAN_POINT('',(9.275378459093,22.392744472084,
    19.807124265955));
#503 = CARTESIAN_POINT('',(3.54E-15,24.237731959725,19.807124265955));
#504 = CARTESIAN_POINT('',(-9.275378459093,22.392744472084,
    19.807124265955));
#505 = CARTESIAN_POINT('',(-17.1386646293,17.138664629303,
    19.807124265955));
#506 = CARTESIAN_POINT('',(-22.39274447208,9.275378459093,
    19.807124265955));
#507 = CARTESIAN_POINT('',(-24.23773195972,2.8E-15,19.807124265955));
#508 = CARTESIAN_POINT('',(-22.39274447208,-9.275378459093,
    19.807124265955));
#509 = CARTESIAN_POINT('',(-17.1386646293,-17.1386646293,19.807124265955
    ));
#510 = CARTESIAN_POINT('',(-9.275378459093,-22.39274447208,
    19.807124265955));
#511 = CARTESIAN_POINT('',(-1.045E-14,-24.23773195972,19.807124265955));
#512 = CARTESIAN_POINT('',(9.275378459093,-22.39274447208,
    19.807124265955));
#513 = CARTESIAN_POINT('',(17.138664629303,-17.1386646293,
    19.807124265955));
#514 = CARTESIAN_POINT('',(22.392744472084,-9.275378459092,
    19.807124265955));
#515 = CARTESIAN_POINT('',(24.237731959725,-1.735E-14,19.807124265955));
#516 = CARTESIAN_POINT('',(22.392744472084,9.275378459093,
    19.807124265955));
#517 = ADVANCED_FACE('',(#518,#521),#563,.F.);
#518 = FACE_BOUND('',#519,.T.);
#519 = EDGE_LOOP('',(#520));
#520 = ORIENTED_EDGE('',*,*,#378,.F.);
#521 = FACE_BOUND('',#522,.T.);
#522 = EDGE_LOOP('',(#523));
#523 = ORIENTED_EDGE('',*,*,#524,.T.);
#524 = EDGE_CURVE('',#525,#525,#527,.T.);
#525 = VERTEX_POINT('',#526);
#526 = CARTESIAN_POINT('',(19.870001638543,0.,19.807124265955));
#527 = B_SPLINE_CURVE_WITH_KNOTS('',3,(#528,#529,#530,#531,#532,#533,
    #534,#535,#536,#537,#538,#539,#540,#541,#542,#543,#544,#545,#546,
    #547,#548,#549,#550,#551,#552,#553,#554,#555,#556,#557,#558,#559,
    #560,#561,#562),.UNSPECIFIED.,.T.,.F.,(1,1,1,1,1,1,1,1,1,1,1,1,1,1,1
    ,1,1,1,1,1,1,1,1,1,1,1,1,1,1,1,1,1,1,1,1,1,1,1,1),(
    -9.53947368421E-02,-6.41447368421E-02,-3.28947368421E-02,0.,
    2.96875E-02,6.0859375E-02,9.210546875E-02,0.123355273437,
    0.154605263672,0.185855263184,0.217105263159,0.248355263158,
    0.279605263158,0.310855263158,0.342105263158,0.373355263158,
    0.404605263158,0.435855263158,0.467105263158,0.498355263158,
    0.529605263158,0.560855263158,0.592105263158,0.623355263158,
    0.654605263158,0.685855263158,0.717105263158,0.748355263158,
    0.779605263158,0.810855263158,0.842105263158,0.873355263158,
    0.904605263158,0.935855263158,0.967105263158,1.,1.0296875,
    1.060859375,1.09210546875),.UNSPECIFIED.);
#528 = CARTESIAN_POINT('',(19.593024576427,-4.039194235843,
    19.807124265955));
#529 = CARTESIAN_POINT('',(19.998087691849,-0.13305309672,
    19.807124265955));
#530 = CARTESIAN_POINT('',(19.633210381025,3.767336448255,
    19.807124265955));
#531 = CARTESIAN_POINT('',(18.552512230778,7.464301218019,
    19.807124265955));
#532 = CARTESIAN_POINT('',(16.741955833914,10.93752652677,
    19.807124265955));
#533 = CARTESIAN_POINT('',(14.286590404023,13.993467015919,
    19.807124265955));
#534 = CARTESIAN_POINT('',(11.282094878244,16.511752568928,
    19.807124265955));
#535 = CARTESIAN_POINT('',(7.84402993474,18.395512672557,19.807124265955
    ));
#536 = CARTESIAN_POINT('',(4.104522612779,19.572342000969,
    19.807124265955));
#537 = CARTESIAN_POINT('',(0.20728086366,19.997017676971,19.807124265955
    ));
#538 = CARTESIAN_POINT('',(-3.697926599121,19.653219052911,
    19.807124265955));
#539 = CARTESIAN_POINT('',(-7.461024809791,18.554158275877,
    19.807124265955));
#540 = CARTESIAN_POINT('',(-10.93740002303,16.742071592596,
    19.807124265955));
#541 = CARTESIAN_POINT('',(-13.99345708667,14.286596489478,
    19.807124265955));
#542 = CARTESIAN_POINT('',(-16.5117534422,11.282095494651,
    19.807124265955));
#543 = CARTESIAN_POINT('',(-18.39551237283,7.844029897204,
    19.807124265955));
#544 = CARTESIAN_POINT('',(-19.5723420793,4.104522629739,19.807124265955
    ));
#545 = CARTESIAN_POINT('',(-19.99701765595,0.207280859482,
    19.807124265955));
#546 = CARTESIAN_POINT('',(-19.65321905854,-3.69792659798,
    19.807124265955));
#547 = CARTESIAN_POINT('',(-18.55415827436,-7.461024810092,
    19.807124265955));
#548 = CARTESIAN_POINT('',(-16.74207159299,-10.93740002299,
    19.807124265955));
#549 = CARTESIAN_POINT('',(-14.28659648939,-13.99345708655,
    19.807124265955));
#550 = CARTESIAN_POINT('',(-11.2820954946,-16.51175344272,
    19.807124265955));
#551 = CARTESIAN_POINT('',(-7.844029897443,-18.3955123709,
    19.807124265955));
#552 = CARTESIAN_POINT('',(-4.104522628789,-19.5723420865,
    19.807124265955));
#553 = CARTESIAN_POINT('',(-0.207280862995,-19.99701762908,
    19.807124265955));
#554 = CARTESIAN_POINT('',(3.697926611151,-19.65321915882,
    19.807124265955));
#555 = CARTESIAN_POINT('',(7.46102476097,-18.55415790009,19.807124265955
    ));
#556 = CARTESIAN_POINT('',(10.937400206313,-16.74207298978,
    19.807124265955));
#557 = CARTESIAN_POINT('',(13.993456402389,-14.28659127649,
    19.807124265955));
#558 = CARTESIAN_POINT('',(16.511755996063,-11.28211494938,
    19.807124265955));
#559 = CARTESIAN_POINT('',(18.395502841707,-7.843957291231,
    19.807124265955));
#560 = CARTESIAN_POINT('',(19.593024576427,-4.039194235843,
    19.807124265955));
#561 = CARTESIAN_POINT('',(19.998087691849,-0.13305309672,
    19.807124265955));
#562 = CARTESIAN_POINT('',(19.633210381025,3.767336448255,
    19.807124265955));
#563 = PLANE('',#564);
#564 = AXIS2_PLACEMENT_3D('',#565,#566,#567);
#565 = CARTESIAN_POINT('',(21.746396215152,0.,19.807124265955));
#566 = DIRECTION('',(0.,0.,1.));
#567 = DIRECTION('',(1.,0.,0.));
#568 = ADVANCED_FACE('',(#569),#623,.F.);
#569 = FACE_BOUND('',#570,.F.);
#570 = EDGE_LOOP('',(#571,#582,#593,#594,#607,#616));
#571 = ORIENTED_EDGE('',*,*,#572,.F.);
#572 = EDGE_CURVE('',#573,#575,#577,.T.);
#573 = VERTEX_POINT('',#574);
#574 = CARTESIAN_POINT('',(0.200181831064,14.898757949405,42.81221309808
    ));
#575 = VERTEX_POINT('',#576);
#576 = CARTESIAN_POINT('',(0.2,15.349939941924,42.807124265955));
#577 = B_SPLINE_CURVE_WITH_KNOTS('',3,(#578,#579,#580,#581),
  .UNSPECIFIED.,.F.,.F.,(4,4),(0.,4.512107264327E-04),
  .PIECEWISE_BEZIER_KNOTS.);
#578 = CARTESIAN_POINT('',(0.200181831064,14.898757949405,42.81221309808
    ));
#579 = CARTESIAN_POINT('',(0.200119336935,15.049132814139,
    42.808820553385));
#580 = CARTESIAN_POINT('',(0.200058783357,15.199526811555,
    42.807124265955));
#581 = CARTESIAN_POINT('',(0.2,15.349939941924,42.807124265955));
#582 = ORIENTED_EDGE('',*,*,#583,.T.);
#583 = EDGE_CURVE('',#573,#392,#584,.T.);
#584 = B_SPLINE_CURVE_WITH_KNOTS('',3,(#585,#586,#587,#588,#589,#590,
    #591,#592),.UNSPECIFIED.,.F.,.F.,(4,1,1,1,1,4),(0.,
    3.806045796569E-03,7.612091593138E-03,1.141813738971E-02,
    1.332116028799E-02,1.522418318628E-02),.UNSPECIFIED.);
#585 = CARTESIAN_POINT('',(0.200181831064,14.898757949405,42.81221309808
    ));
#586 = CARTESIAN_POINT('',(0.200715540605,13.614533302569,
    42.841185955478));
#587 = CARTESIAN_POINT('',(0.609662624867,11.104091164597,
    43.148901872002));
#588 = CARTESIAN_POINT('',(1.816935653886,7.627167960786,44.205494164171
    ));
#589 = CARTESIAN_POINT('',(2.929905575962,4.862104645908,45.351115357629
    ));
#590 = CARTESIAN_POINT('',(3.613192767371,2.553777259576,46.123637777307
    ));
#591 = CARTESIAN_POINT('',(3.809647387848,1.277945140249,46.361917194691
    ));
#592 = CARTESIAN_POINT('',(3.848178507177,0.646477705896,46.408428971682
    ));
#593 = ORIENTED_EDGE('',*,*,#391,.T.);
#594 = ORIENTED_EDGE('',*,*,#595,.F.);
#595 = EDGE_CURVE('',#596,#394,#598,.T.);
#596 = VERTEX_POINT('',#597);
#597 = CARTESIAN_POINT('',(-0.200181831064,14.898757949407,
    42.812213098079));
#598 = B_SPLINE_CURVE_WITH_KNOTS('',3,(#599,#600,#601,#602,#603,#604,
    #605,#606),.UNSPECIFIED.,.F.,.F.,(4,1,1,1,1,4),(0.,3.80604579657E-03
    ,7.612091593139E-03,1.141813738971E-02,1.332116028799E-02,
    1.522418318628E-02),.UNSPECIFIED.);
#599 = CARTESIAN_POINT('',(-0.200181831064,14.898757949407,
    42.812213098079));
#600 = CARTESIAN_POINT('',(-0.200715540605,13.614533302572,
    42.841185955478));
#601 = CARTESIAN_POINT('',(-0.609662624867,11.104091164599,
    43.148901872001));
#602 = CARTESIAN_POINT('',(-1.816935653885,7.627167960787,
    44.205494164171));
#603 = CARTESIAN_POINT('',(-2.929905575966,4.862104645909,
    45.351115357626));
#604 = CARTESIAN_POINT('',(-3.613192767363,2.553777259576,
    46.123637777312));
#605 = CARTESIAN_POINT('',(-3.809647387865,1.277945140249,46.36191719468
    ));
#606 = CARTESIAN_POINT('',(-3.848178507177,0.646477705895,
    46.408428971682));
#607 = ORIENTED_EDGE('',*,*,#608,.F.);
#608 = EDGE_CURVE('',#609,#596,#611,.T.);
#609 = VERTEX_POINT('',#610);
#610 = CARTESIAN_POINT('',(-0.2,15.349939941924,42.807124265955));
#611 = B_SPLINE_CURVE_WITH_KNOTS('',3,(#612,#613,#614,#615),
  .UNSPECIFIED.,.F.,.F.,(4,4),(0.,4.512107264304E-04),
  .PIECEWISE_BEZIER_KNOTS.);
#612 = CARTESIAN_POINT('',(-0.2,15.349939941924,42.807124265955));
#613 = CARTESIAN_POINT('',(-0.200058783357,15.199526811556,
    42.807124265955));
#614 = CARTESIAN_POINT('',(-0.200119336935,15.049132814141,
    42.808820553385));
#615 = CARTESIAN_POINT('',(-0.200181831064,14.898757949407,
    42.812213098079));
#616 = ORIENTED_EDGE('',*,*,#617,.F.);
#617 = EDGE_CURVE('',#575,#609,#618,.T.);
#618 = CIRCLE('',#619,15.351242823324);
#619 = AXIS2_PLACEMENT_3D('',#620,#621,#622);
#620 = CARTESIAN_POINT('',(0.,0.,42.807124265955));
#621 = DIRECTION('',(0.,0.,1.));
#622 = DIRECTION('',(1.,0.,0.));
#623 = SURFACE_OF_REVOLUTION('',#624,#632);
#624 = B_SPLINE_CURVE_WITH_KNOTS('',6,(#625,#626,#627,#628,#629,#630,
    #631),.UNSPECIFIED.,.F.,.F.,(7,7),(4.102889706388,4.712388980385),
  .PIECEWISE_BEZIER_KNOTS.);
#625 = CARTESIAN_POINT('',(3.902103438829,0.,46.408428971682));
#626 = CARTESIAN_POINT('',(5.567935584887,0.,45.24538861456));
#627 = CARTESIAN_POINT('',(7.375541433743,0.,44.285413214706));
#628 = CARTESIAN_POINT('',(9.293984178931,0.,43.550103776323));
#629 = CARTESIAN_POINT('',(11.287915092362,0.,43.054783628133));
#630 = CARTESIAN_POINT('',(13.31957857667,0.,42.807124265955));
#631 = CARTESIAN_POINT('',(15.351242823324,0.,42.807124265955));
#632 = AXIS1_PLACEMENT('',#633,#634);
#633 = CARTESIAN_POINT('',(0.,0.,62.807124265955));
#634 = DIRECTION('',(0.,0.,1.));
#635 = ADVANCED_FACE('',(#636),#711,.F.);
#636 = FACE_BOUND('',#637,.F.);
#637 = EDGE_LOOP('',(#638,#649,#661,#670,#681,#682,#694,#703));
#638 = ORIENTED_EDGE('',*,*,#639,.F.);
#639 = EDGE_CURVE('',#640,#642,#644,.T.);
#640 = VERTEX_POINT('',#641);
#641 = CARTESIAN_POINT('',(-4.724633721948,8.755254174209,
    39.807124265955));
#642 = VERTEX_POINT('',#643);
#643 = CARTESIAN_POINT('',(-2.61111215636,12.333221721862,
    37.807124265955));
#644 = B_SPLINE_CURVE_WITH_KNOTS('',3,(#645,#646,#647,#648),
  .UNSPECIFIED.,.F.,.F.,(4,4),(0.,4.611813654112E-03),
  .PIECEWISE_BEZIER_KNOTS.);
#645 = CARTESIAN_POINT('',(-4.724633721948,8.755254174209,
    39.807124265955));
#646 = CARTESIAN_POINT('',(-3.947464657331,9.862898288568,
    39.065159206094));
#647 = CARTESIAN_POINT('',(-3.232940414925,11.043834551475,
    38.388112019379));
#648 = CARTESIAN_POINT('',(-2.61111215636,12.333221721862,
    37.807124265955));
#649 = ORIENTED_EDGE('',*,*,#650,.F.);
#650 = EDGE_CURVE('',#651,#640,#653,.T.);
#651 = VERTEX_POINT('',#652);
#652 = CARTESIAN_POINT('',(-0.8,16.697225160092,39.807124265941));
#653 = B_SPLINE_CURVE_WITH_KNOTS('',3,(#654,#655,#656,#657,#658,#659,
    #660),.UNSPECIFIED.,.F.,.F.,(4,1,1,1,4),(5.E-17,2.294054757562E-03,
    4.588109515125E-03,6.882164272687E-03,9.176219030249E-03),
  .UNSPECIFIED.);
#654 = CARTESIAN_POINT('',(-0.8,16.697225160092,39.807124265941));
#655 = CARTESIAN_POINT('',(-0.8,15.921876679717,39.807124265941));
#656 = CARTESIAN_POINT('',(-0.962305034531,14.401659424651,
    39.807124265962));
#657 = CARTESIAN_POINT('',(-1.701930356599,12.184804087139,
    39.807124265953));
#658 = CARTESIAN_POINT('',(-2.913614159214,10.232703556756,
    39.807124265955));
#659 = CARTESIAN_POINT('',(-4.067761499953,9.17230238227,39.807124265955
    ));
#660 = CARTESIAN_POINT('',(-4.724633721948,8.755254174209,
    39.807124265955));
#661 = ORIENTED_EDGE('',*,*,#662,.T.);
#662 = EDGE_CURVE('',#651,#663,#665,.T.);
#663 = VERTEX_POINT('',#664);
#664 = CARTESIAN_POINT('',(-0.8,14.885224967933,42.212365763037));
#665 = B_SPLINE_CURVE_WITH_KNOTS('',3,(#666,#667,#668,#669),
  .UNSPECIFIED.,.F.,.F.,(4,4),(1.211730168086E-02,1.512912846658E-02),
  .PIECEWISE_BEZIER_KNOTS.);
#666 = CARTESIAN_POINT('',(-0.8,16.697225160092,39.807124265941));
#667 = CARTESIAN_POINT('',(-0.8,16.103899163771,40.616711553971));
#668 = CARTESIAN_POINT('',(-0.8,15.502002586782,41.420003734778));
#669 = CARTESIAN_POINT('',(-0.8,14.885224967933,42.212365763037));
#670 = ORIENTED_EDGE('',*,*,#671,.T.);
#671 = EDGE_CURVE('',#663,#394,#672,.T.);
#672 = B_SPLINE_CURVE_WITH_KNOTS('',3,(#673,#674,#675,#676,#677,#678,
    #679,#680),.UNSPECIFIED.,.F.,.F.,(4,1,1,1,1,4),(7.16E-15,
    3.805562552086E-03,7.611125104166E-03,1.141668765625E-02,
    1.331946893228E-02,1.522225020832E-02),.UNSPECIFIED.);
#673 = CARTESIAN_POINT('',(-0.8,14.885224967941,42.212365763042));
#674 = CARTESIAN_POINT('',(-0.799999999999,13.604913720008,
    42.293291858264));
#675 = CARTESIAN_POINT('',(-1.185515944301,11.110098086602,
    42.711683669526));
#676 = CARTESIAN_POINT('',(-2.264298172479,7.64462019014,43.92229674484)
  );
#677 = CARTESIAN_POINT('',(-3.187449498337,4.865364513025,
    45.190660830356));
#678 = CARTESIAN_POINT('',(-3.693664862188,2.549762508418,
    46.070345392824));
#679 = CARTESIAN_POINT('',(-3.82341655007,1.277780276383,46.352455846199
    ));
#680 = CARTESIAN_POINT('',(-3.848178507177,0.646477705895,
    46.408428971682));
#681 = ORIENTED_EDGE('',*,*,#402,.T.);
#682 = ORIENTED_EDGE('',*,*,#683,.F.);
#683 = EDGE_CURVE('',#684,#403,#686,.T.);
#684 = VERTEX_POINT('',#685);
#685 = CARTESIAN_POINT('',(-0.8,23.707028165368,29.924019150397));
#686 = B_SPLINE_CURVE_WITH_KNOTS('',3,(#687,#688,#689,#690,#691,#692,
    #693),.UNSPECIFIED.,.F.,.F.,(4,1,1,1,4),(1.59E-15,3.033397839813E-03
    ,6.066795679625E-03,9.100193519437E-03,1.213359135925E-02),
  .UNSPECIFIED.);
#687 = CARTESIAN_POINT('',(-0.8,23.707028165365,29.9240191504));
#688 = CARTESIAN_POINT('',(-0.8,23.048235506501,29.132719673102));
#689 = CARTESIAN_POINT('',(-1.225171933504,22.07748694028,
    27.346829688028));
#690 = CARTESIAN_POINT('',(-2.577043959583,21.595289801408,
    24.604239272486));
#691 = CARTESIAN_POINT('',(-4.300033436726,21.813710143482,
    22.08038934983));
#692 = CARTESIAN_POINT('',(-5.618850767418,22.319673849475,
    20.610007435149));
#693 = CARTESIAN_POINT('',(-6.308031335921,22.652166628876,
    19.949047269574));
#694 = ORIENTED_EDGE('',*,*,#695,.T.);
#695 = EDGE_CURVE('',#684,#696,#698,.T.);
#696 = VERTEX_POINT('',#697);
#697 = CARTESIAN_POINT('',(-0.8,18.140192869327,37.807124265945));
#698 = B_SPLINE_CURVE_WITH_KNOTS('',3,(#699,#700,#701,#702),
  .UNSPECIFIED.,.F.,.F.,(4,4),(4.23E-15,9.650657269102E-03),
  .PIECEWISE_BEZIER_KNOTS.);
#699 = CARTESIAN_POINT('',(-0.8,23.707028165365,29.9240191504));
#700 = CARTESIAN_POINT('',(-0.8,21.827733705606,32.535047900167));
#701 = CARTESIAN_POINT('',(-0.8,20.006141785898,35.187133381075));
#702 = CARTESIAN_POINT('',(-0.8,18.140192869327,37.807124265945));
#703 = ORIENTED_EDGE('',*,*,#704,.T.);
#704 = EDGE_CURVE('',#696,#642,#705,.T.);
#705 = B_SPLINE_CURVE_WITH_KNOTS('',3,(#706,#707,#708,#709,#710),
  .UNSPECIFIED.,.F.,.F.,(4,1,4),(4.14E-15,3.071814686532E-03,
    6.14362937306E-03),.QUASI_UNIFORM_KNOTS.);
#706 = CARTESIAN_POINT('',(-0.8,18.140192869332,37.807124265939));
#707 = CARTESIAN_POINT('',(-0.8,17.101200239021,37.807124265939));
#708 = CARTESIAN_POINT('',(-1.098958740675,15.063744079739,
    37.807124265963));
#709 = CARTESIAN_POINT('',(-2.000837340575,13.173751087761,
    37.807124265955));
#710 = CARTESIAN_POINT('',(-2.61111215636,12.333221721862,
    37.807124265955));
#711 = ( BOUNDED_SURFACE() B_SPLINE_SURFACE(3,2,(
    (#712,#713,#714)
    ,(#715,#716,#717)
    ,(#718,#719,#720)
    ,(#721,#722,#723)
    ,(#724,#725,#726)
    ,(#727,#728,#729)
    ,(#730,#731,#732)
    ,(#733,#734,#735)
    ,(#736,#737,#738)
    ,(#739,#740,#741)
    ,(#742,#743,#744)
    ,(#745,#746,#747)
    ,(#748,#749,#750)
    ,(#751,#752,#753)
    ,(#754,#755,#756)
    ,(#757,#758,#759)
    ,(#760,#761,#762
)),.UNSPECIFIED.,.F.,.F.,.F.) B_SPLINE_SURFACE_WITH_KNOTS((4,1,1,1,1,1,1
    ,1,1,1,1,1,1,1,4),(3,3),(0.147693898576,0.14831909341,0.148944288243
    ,0.15019467791,0.152695457244,0.155196236578,0.157697015912,
    0.162698574581,0.167700133249,0.172701691917,0.177703250585,
    0.180204029919,0.182704809253,0.185205588587,0.187706367922),(0.,1.)
,.UNSPECIFIED.) GEOMETRIC_REPRESENTATION_ITEM() 
RATIONAL_B_SPLINE_SURFACE((
    (1.,0.778408021623,1.)
    ,(1.,0.778699262968,1.)
    ,(1.,0.779596681736,1.)
    ,(1.,0.781145422421,1.)
    ,(1.,0.784003898237,1.)
    ,(1.,0.788119260644,1.)
    ,(1.,0.793276154538,1.)
    ,(1.,0.800459993271,1.)
    ,(1.,0.810158063693,1.)
    ,(1.,0.823437303647,1.)
    ,(1.,0.838874260614,1.)
    ,(1.,0.854023387446,1.)
    ,(1.,0.866382612671,1.)
    ,(1.,0.875011778388,1.)
    ,(1.,0.88163024957,1.)
    ,(1.,0.884082751393,1.)
,(1.,0.884636932006,1.))) REPRESENTATION_ITEM('') SURFACE() );
#712 = CARTESIAN_POINT('',(-0.8,28.157477075709,24.014140087776));
#713 = CARTESIAN_POINT('',(-0.8,23.740179670084,20.49897690176));
#714 = CARTESIAN_POINT('',(-6.317133326222,22.804427797089,
    19.754331424413));
#715 = CARTESIAN_POINT('',(-0.8,28.027693596402,24.177231300364));
#716 = CARTESIAN_POINT('',(-0.8,23.615199439687,20.664636529251));
#717 = CARTESIAN_POINT('',(-6.310785597455,22.676402724054,19.917422637)
  );
#718 = CARTESIAN_POINT('',(-0.8,27.76870300357,24.503856101189));
#719 = CARTESIAN_POINT('',(-0.8,23.349577693603,21.026148850251));
#720 = CARTESIAN_POINT('',(-6.291214075585,22.396817190941,
    20.276862580474));
#721 = CARTESIAN_POINT('',(-0.8,27.254582319916,25.160068824372));
#722 = CARTESIAN_POINT('',(-0.8,22.837406107896,21.726089261814));
#723 = CARTESIAN_POINT('',(-6.257379845783,21.86343555339,
    20.969971067105));
#724 = CARTESIAN_POINT('',(-0.8,26.363570358368,26.315117634666));
#725 = CARTESIAN_POINT('',(-0.8,21.948662934435,22.963926334422));
#726 = CARTESIAN_POINT('',(-6.194797112482,20.933958845609,
    22.198228182608));
#727 = CARTESIAN_POINT('',(-0.8,25.113649579255,27.982808490471));
#728 = CARTESIAN_POINT('',(-0.8,20.716155777445,24.734126199989));
#729 = CARTESIAN_POINT('',(-6.104269950804,19.646887843305,
    23.952144111956));
#730 = CARTESIAN_POINT('',(-0.8,23.642577435858,30.006151792921));
#731 = CARTESIAN_POINT('',(-0.8,19.281173170026,26.868141498717));
#732 = CARTESIAN_POINT('',(-5.990111335745,18.149303391196,
    26.062178494997));
#733 = CARTESIAN_POINT('',(-0.8,21.708753304336,32.72520844862));
#734 = CARTESIAN_POINT('',(-0.8,17.424359515685,29.704621945525));
#735 = CARTESIAN_POINT('',(-5.830017798898,16.208398150784,
    28.867870935316));
#736 = CARTESIAN_POINT('',(-0.8,19.322589591182,36.147371214586));
#737 = CARTESIAN_POINT('',(-0.8,15.182166212834,33.227994158429));
#738 = CARTESIAN_POINT('',(-5.611730130364,13.867272690725,
    32.342229212032));
#739 = CARTESIAN_POINT('',(-0.8,16.425017828186,40.230213346535));
#740 = CARTESIAN_POINT('',(-0.8,12.543798324039,37.361773935782));
#741 = CARTESIAN_POINT('',(-5.308248709554,11.136954701063,
    36.372065938283));
#742 = CARTESIAN_POINT('',(-0.8,13.383446438789,44.190143502654));
#743 = CARTESIAN_POINT('',(-0.8,9.893912494829,41.271007966215));
#744 = CARTESIAN_POINT('',(-4.949399901888,8.438243224493,
    40.120231512512));
#745 = CARTESIAN_POINT('',(-0.8,10.543628283899,47.282898621657));
#746 = CARTESIAN_POINT('',(-0.8,7.559474139051,44.215995480002));
#747 = CARTESIAN_POINT('',(-4.589972259707,6.162871084475,42.83231452307
    ));
#748 = CARTESIAN_POINT('',(-0.8,7.976769222099,49.416034315043));
#749 = CARTESIAN_POINT('',(-0.800000000001,5.582911189352,
    46.153731753637));
#750 = CARTESIAN_POINT('',(-4.291723312645,4.369714595323,44.52743764012
    ));
#751 = CARTESIAN_POINT('',(-0.8,5.843302649712,50.772440620111));
#752 = CARTESIAN_POINT('',(-0.799999999997,4.020591741649,
    47.335420103875));
#753 = CARTESIAN_POINT('',(-4.081245639502,3.039298609094,45.51566284159
    ));
#754 = CARTESIAN_POINT('',(-0.8,3.56927024521,51.745782790901));
#755 = CARTESIAN_POINT('',(-0.80000000001,2.424316272795,48.151444974904
    ));
#756 = CARTESIAN_POINT('',(-3.918315940499,1.779598703393,
    46.160894736472));
#757 = CARTESIAN_POINT('',(-0.8,1.904775191357,52.094121891834));
#758 = CARTESIAN_POINT('',(-0.799999999979,1.2886475365,48.435682590293)
  );
#759 = CARTESIAN_POINT('',(-3.857571941129,0.940564555095,
    46.375326522039));
#760 = CARTESIAN_POINT('',(-0.8,1.074016696354,52.172838255782));
#761 = CARTESIAN_POINT('',(-0.8,0.725976341677,48.499682295539));
#762 = CARTESIAN_POINT('',(-3.843844979433,0.529276113603,
    46.423743096476));
#763 = ADVANCED_FACE('',(#764),#806,.F.);
#764 = FACE_BOUND('',#765,.F.);
#765 = EDGE_LOOP('',(#766,#767,#768,#780,#789,#798));
#766 = ORIENTED_EDGE('',*,*,#683,.T.);
#767 = ORIENTED_EDGE('',*,*,#418,.F.);
#768 = ORIENTED_EDGE('',*,*,#769,.F.);
#769 = EDGE_CURVE('',#770,#419,#772,.T.);
#770 = VERTEX_POINT('',#771);
#771 = CARTESIAN_POINT('',(0.8,23.707028165367,29.924019150396));
#772 = B_SPLINE_CURVE_WITH_KNOTS('',3,(#773,#774,#775,#776,#777,#778,
    #779),.UNSPECIFIED.,.F.,.F.,(4,1,1,1,4),(1.12E-15,3.033397839812E-03
    ,6.066795679623E-03,9.100193519434E-03,1.213359135924E-02),
  .UNSPECIFIED.);
#773 = CARTESIAN_POINT('',(0.8,23.707028165368,29.924019150396));
#774 = CARTESIAN_POINT('',(0.8,23.048235506504,29.132719673098));
#775 = CARTESIAN_POINT('',(1.225171933506,22.077486940277,27.34682968803
    ));
#776 = CARTESIAN_POINT('',(2.577043959577,21.595289801413,
    24.604239272481));
#777 = CARTESIAN_POINT('',(4.30003343675,21.813710143463,22.080389349845
    ));
#778 = CARTESIAN_POINT('',(5.618850767367,22.319673849515,
    20.610007435116));
#779 = CARTESIAN_POINT('',(6.308031335921,22.652166628876,
    19.949047269574));
#780 = ORIENTED_EDGE('',*,*,#781,.T.);
#781 = EDGE_CURVE('',#770,#782,#784,.T.);
#782 = VERTEX_POINT('',#783);
#783 = CARTESIAN_POINT('',(0.8,29.859391731979,32.807124265955));
#784 = B_SPLINE_CURVE_WITH_KNOTS('',3,(#785,#786,#787,#788),
  .UNSPECIFIED.,.F.,.F.,(4,4),(1.072285833544E-02,1.769650156868E-02),
  .PIECEWISE_BEZIER_KNOTS.);
#785 = CARTESIAN_POINT('',(0.8,23.707028165367,29.924019150396));
#786 = CARTESIAN_POINT('',(0.8,25.215178913851,31.735513074782));
#787 = CARTESIAN_POINT('',(0.8,27.50140529313,32.807124265955));
#788 = CARTESIAN_POINT('',(0.8,29.859391731979,32.807124265955));
#789 = ORIENTED_EDGE('',*,*,#790,.F.);
#790 = EDGE_CURVE('',#791,#782,#793,.T.);
#791 = VERTEX_POINT('',#792);
#792 = CARTESIAN_POINT('',(-0.8,29.859391731979,32.807124265955));
#793 = CIRCLE('',#794,29.870106705598);
#794 = AXIS2_PLACEMENT_3D('',#795,#796,#797);
#795 = CARTESIAN_POINT('',(0.,0.,32.807124265955));
#796 = DIRECTION('',(0.,0.,-1.));
#797 = DIRECTION('',(-1.,0.,0.));
#798 = ORIENTED_EDGE('',*,*,#799,.T.);
#799 = EDGE_CURVE('',#791,#684,#800,.T.);
#800 = B_SPLINE_CURVE_WITH_KNOTS('',3,(#801,#802,#803,#804,#805),
  .UNSPECIFIED.,.F.,.F.,(4,1,4),(0.,3.492422645012E-03,
    6.984845290024E-03),.QUASI_UNIFORM_KNOTS.);
#801 = CARTESIAN_POINT('',(-0.8,29.859391731979,32.807124265955));
#802 = CARTESIAN_POINT('',(-0.8,28.678489402921,32.807124265955));
#803 = CARTESIAN_POINT('',(-0.8,26.353956465255,32.285750637883));
#804 = CARTESIAN_POINT('',(-0.8,24.45227740664,30.819164727903));
#805 = CARTESIAN_POINT('',(-0.8,23.707028165368,29.924019150397));
#806 = TOROIDAL_SURFACE('',#807,29.870106705598,8.);
#807 = AXIS2_PLACEMENT_3D('',#808,#809,#810);
#808 = CARTESIAN_POINT('',(0.,0.,24.807124265955));
#809 = DIRECTION('',(0.,0.,1.));
#810 = DIRECTION('',(1.,0.,0.));
#811 = ADVANCED_FACE('',(#812),#874,.F.);
#812 = FACE_BOUND('',#813,.F.);
#813 = EDGE_LOOP('',(#814,#823,#824,#825,#838,#847,#857,#866));
#814 = ORIENTED_EDGE('',*,*,#815,.T.);
#815 = EDGE_CURVE('',#816,#770,#818,.T.);
#816 = VERTEX_POINT('',#817);
#817 = CARTESIAN_POINT('',(0.8,18.140192869321,37.807124265955));
#818 = B_SPLINE_CURVE_WITH_KNOTS('',3,(#819,#820,#821,#822),
  .UNSPECIFIED.,.F.,.F.,(4,4),(6.260999586525E-03,1.590957943973E-02),
  .PIECEWISE_BEZIER_KNOTS.);
#819 = CARTESIAN_POINT('',(0.8,18.140192869321,37.807124265955));
#820 = CARTESIAN_POINT('',(0.8,20.006141785895,35.187133381079));
#821 = CARTESIAN_POINT('',(0.8,21.827733705605,32.535047900168));
#822 = CARTESIAN_POINT('',(0.8,23.707028165368,29.924019150396));
#823 = ORIENTED_EDGE('',*,*,#769,.T.);
#824 = ORIENTED_EDGE('',*,*,#427,.T.);
#825 = ORIENTED_EDGE('',*,*,#826,.F.);
#826 = EDGE_CURVE('',#827,#392,#829,.T.);
#827 = VERTEX_POINT('',#828);
#828 = CARTESIAN_POINT('',(0.8,14.885224967928,42.212365763044));
#829 = B_SPLINE_CURVE_WITH_KNOTS('',3,(#830,#831,#832,#833,#834,#835,
    #836,#837),.UNSPECIFIED.,.F.,.F.,(4,1,1,1,1,4),(1.094E-14,
    3.805562552089E-03,7.611125104166E-03,1.141668765624E-02,
    1.331946893228E-02,1.522225020832E-02),.UNSPECIFIED.);
#830 = CARTESIAN_POINT('',(0.8,14.885224967939,42.212365763042));
#831 = CARTESIAN_POINT('',(0.799999999999,13.604913720006,
    42.293291858264));
#832 = CARTESIAN_POINT('',(1.1855159443,11.110098086596,42.711683669529)
  );
#833 = CARTESIAN_POINT('',(2.264298172488,7.644620190137,43.922296744835
    ));
#834 = CARTESIAN_POINT('',(3.187449498313,4.865364513024,45.190660830374
    ));
#835 = CARTESIAN_POINT('',(3.693664862232,2.549762508416,46.070345392794
    ));
#836 = CARTESIAN_POINT('',(3.823416549973,1.277780276385,46.352455846265
    ));
#837 = CARTESIAN_POINT('',(3.848178507177,0.646477705896,46.408428971682
    ));
#838 = ORIENTED_EDGE('',*,*,#839,.T.);
#839 = EDGE_CURVE('',#827,#840,#842,.T.);
#840 = VERTEX_POINT('',#841);
#841 = CARTESIAN_POINT('',(0.8,16.697225160082,39.807124265955));
#842 = B_SPLINE_CURVE_WITH_KNOTS('',3,(#843,#844,#845,#846),
  .UNSPECIFIED.,.F.,.F.,(4,4),(7.837076935188E-04,3.794886148579E-03),
  .PIECEWISE_BEZIER_KNOTS.);
#843 = CARTESIAN_POINT('',(0.8,14.885224967928,42.212365763044));
#844 = CARTESIAN_POINT('',(0.8,15.502002586775,41.420003734787));
#845 = CARTESIAN_POINT('',(0.8,16.103899163762,40.616711553983));
#846 = CARTESIAN_POINT('',(0.8,16.697225160082,39.807124265955));
#847 = ORIENTED_EDGE('',*,*,#848,.F.);
#848 = EDGE_CURVE('',#849,#840,#851,.T.);
#849 = VERTEX_POINT('',#850);
#850 = CARTESIAN_POINT('',(4.724633721948,8.755254174209,39.807124265955
    ));
#851 = B_SPLINE_CURVE_WITH_KNOTS('',3,(#852,#853,#854,#855,#856),
  .UNSPECIFIED.,.F.,.F.,(4,1,4),(6.629742259656E-05,4.649400047337E-03,
    9.232502672077E-03),.UNSPECIFIED.);
#852 = CARTESIAN_POINT('',(4.724633721948,8.755254174209,39.807124265955
    ));
#853 = CARTESIAN_POINT('',(3.415227605878,9.586596185707,39.807124265955
    ));
#854 = CARTESIAN_POINT('',(1.458323677813,12.079450786258,
    39.807124265955));
#855 = CARTESIAN_POINT('',(0.8,15.15011919599,39.807124265955));
#856 = CARTESIAN_POINT('',(0.8,16.697225160082,39.807124265955));
#857 = ORIENTED_EDGE('',*,*,#858,.F.);
#858 = EDGE_CURVE('',#859,#849,#861,.T.);
#859 = VERTEX_POINT('',#860);
#860 = CARTESIAN_POINT('',(2.61111215636,12.333221721862,37.807124265955
    ));
#861 = B_SPLINE_CURVE_WITH_KNOTS('',3,(#862,#863,#864,#865),
  .UNSPECIFIED.,.F.,.F.,(4,4),(0.,4.611813654112E-03),
  .PIECEWISE_BEZIER_KNOTS.);
#862 = CARTESIAN_POINT('',(2.61111215636,12.333221721862,37.807124265955
    ));
#863 = CARTESIAN_POINT('',(3.232940414925,11.043834551476,38.38811201938
    ));
#864 = CARTESIAN_POINT('',(3.947464657331,9.862898288567,39.065159206093
    ));
#865 = CARTESIAN_POINT('',(4.724633721948,8.755254174209,39.807124265955
    ));
#866 = ORIENTED_EDGE('',*,*,#867,.T.);
#867 = EDGE_CURVE('',#859,#816,#868,.T.);
#868 = B_SPLINE_CURVE_WITH_KNOTS('',3,(#869,#870,#871,#872,#873),
  .UNSPECIFIED.,.F.,.F.,(4,1,4),(1.208090959854E-04,3.18656353598E-03,
    6.252317975974E-03),.QUASI_UNIFORM_KNOTS.);
#869 = CARTESIAN_POINT('',(2.61111215636,12.333221721862,37.807124265955
    ));
#870 = CARTESIAN_POINT('',(2.000485227708,13.174236051579,
    37.807124265955));
#871 = CARTESIAN_POINT('',(1.109870864731,15.028672781761,
    37.807124265955));
#872 = CARTESIAN_POINT('',(0.799999999999,17.100679772912,
    37.807124265955));
#873 = CARTESIAN_POINT('',(0.8,18.140192869332,37.807124265955));
#874 = ( BOUNDED_SURFACE() B_SPLINE_SURFACE(3,2,(
    (#875,#876,#877)
    ,(#878,#879,#880)
    ,(#881,#882,#883)
    ,(#884,#885,#886)
    ,(#887,#888,#889)
    ,(#890,#891,#892)
    ,(#893,#894,#895)
    ,(#896,#897,#898)
    ,(#899,#900,#901)
    ,(#902,#903,#904)
    ,(#905,#906,#907)
    ,(#908,#909,#910)
    ,(#911,#912,#913)
    ,(#914,#915,#916)
    ,(#917,#918,#919)
    ,(#920,#921,#922)
    ,(#923,#924,#925
)),.UNSPECIFIED.,.F.,.F.,.F.) B_SPLINE_SURFACE_WITH_KNOTS((4,1,1,1,1,1,1
    ,1,1,1,1,1,1,1,4),(3,3),(0.147693898576,0.14831909341,0.148944288243
    ,0.15019467791,0.152695457244,0.155196236578,0.157697015912,
    0.162698574581,0.167700133249,0.172701691917,0.177703250585,
    0.180204029919,0.182704809253,0.185205588587,0.187706367922),(0.,1.)
,.UNSPECIFIED.) GEOMETRIC_REPRESENTATION_ITEM() 
RATIONAL_B_SPLINE_SURFACE((
    (1.,0.778408021623,1.)
    ,(1.,0.778699262967,1.)
    ,(1.,0.779596681736,1.)
    ,(1.,0.781145422421,1.)
    ,(1.,0.784003898237,1.)
    ,(1.,0.788119260644,1.)
    ,(1.,0.793276154538,1.)
    ,(1.,0.800459993271,1.)
    ,(1.,0.810158063693,1.)
    ,(1.,0.823437303647,1.)
    ,(1.,0.838874260614,1.)
    ,(1.,0.854023387446,1.)
    ,(1.,0.866382612671,1.)
    ,(1.,0.875011778388,1.)
    ,(1.,0.88163024957,1.)
    ,(1.,0.884082751393,1.)
,(1.,0.884636932006,1.))) REPRESENTATION_ITEM('') SURFACE() );
#875 = CARTESIAN_POINT('',(6.317133326222,22.804427797089,
    19.754331424413));
#876 = CARTESIAN_POINT('',(0.8,23.740179670084,20.49897690176));
#877 = CARTESIAN_POINT('',(0.8,28.157477075709,24.014140087776));
#878 = CARTESIAN_POINT('',(6.310785597456,22.676402724056,
    19.917422636998));
#879 = CARTESIAN_POINT('',(0.799999999999,23.615199439692,
    20.664636529251));
#880 = CARTESIAN_POINT('',(0.8,28.027693596405,24.177231300363));
#881 = CARTESIAN_POINT('',(6.291214075585,22.396817190941,
    20.276862580475));
#882 = CARTESIAN_POINT('',(0.8,23.349577693601,21.026148850251));
#883 = CARTESIAN_POINT('',(0.8,27.768703003569,24.503856101189));
#884 = CARTESIAN_POINT('',(6.257379845783,21.86343555339,20.969971067105
    ));
#885 = CARTESIAN_POINT('',(0.8,22.837406107898,21.726089261814));
#886 = CARTESIAN_POINT('',(0.8,27.254582319916,25.160068824371));
#887 = CARTESIAN_POINT('',(6.194797112482,20.933958845609,
    22.198228182608));
#888 = CARTESIAN_POINT('',(0.8,21.948662934434,22.963926334421));
#889 = CARTESIAN_POINT('',(0.8,26.363570358368,26.315117634666));
#890 = CARTESIAN_POINT('',(6.104269950804,19.646887843305,
    23.952144111956));
#891 = CARTESIAN_POINT('',(0.8,20.716155777445,24.734126199989));
#892 = CARTESIAN_POINT('',(0.8,25.113649579255,27.982808490471));
#893 = CARTESIAN_POINT('',(5.990111335745,18.149303391196,
    26.062178494997));
#894 = CARTESIAN_POINT('',(0.8,19.281173170026,26.868141498717));
#895 = CARTESIAN_POINT('',(0.8,23.642577435858,30.006151792921));
#896 = CARTESIAN_POINT('',(5.830017798898,16.208398150784,
    28.867870935316));
#897 = CARTESIAN_POINT('',(0.8,17.424359515685,29.704621945525));
#898 = CARTESIAN_POINT('',(0.8,21.708753304336,32.72520844862));
#899 = CARTESIAN_POINT('',(5.611730130364,13.867272690725,
    32.342229212032));
#900 = CARTESIAN_POINT('',(0.8,15.182166212834,33.227994158429));
#901 = CARTESIAN_POINT('',(0.8,19.322589591182,36.147371214585));
#902 = CARTESIAN_POINT('',(5.308248709554,11.136954701063,
    36.372065938283));
#903 = CARTESIAN_POINT('',(0.8,12.543798324039,37.361773935782));
#904 = CARTESIAN_POINT('',(0.8,16.425017828186,40.230213346534));
#905 = CARTESIAN_POINT('',(4.949399901888,8.438243224493,40.120231512512
    ));
#906 = CARTESIAN_POINT('',(0.8,9.893912494828,41.271007966215));
#907 = CARTESIAN_POINT('',(0.8,13.383446438788,44.190143502654));
#908 = CARTESIAN_POINT('',(4.589972259708,6.162871084476,42.83231452307)
  );
#909 = CARTESIAN_POINT('',(0.8,7.559474139052,44.215995480003));
#910 = CARTESIAN_POINT('',(0.8,10.5436282839,47.282898621657));
#911 = CARTESIAN_POINT('',(4.291723312645,4.369714595322,44.52743764012)
  );
#912 = CARTESIAN_POINT('',(0.8,5.58291118935,46.153731753636));
#913 = CARTESIAN_POINT('',(0.8,7.976769222097,49.416034315043));
#914 = CARTESIAN_POINT('',(4.081245639502,3.039298609098,45.515662841589
    ));
#915 = CARTESIAN_POINT('',(0.799999999998,4.020591741655,47.335420103878
    ));
#916 = CARTESIAN_POINT('',(0.8,5.84330264972,50.772440620112));
#917 = CARTESIAN_POINT('',(3.918315940498,1.779598703377,46.160894736474
    ));
#918 = CARTESIAN_POINT('',(0.800000000006,2.424316272773,48.151444974891
    ));
#919 = CARTESIAN_POINT('',(0.8,3.569270245178,51.7457827909));
#920 = CARTESIAN_POINT('',(3.857571941131,0.940564555128,46.375326522034
    ));
#921 = CARTESIAN_POINT('',(0.799999999987,1.288647536548,48.435682590321
    ));
#922 = CARTESIAN_POINT('',(0.8,1.904775191425,52.094121891836));
#923 = CARTESIAN_POINT('',(3.843844979433,0.529276113603,46.423743096476
    ));
#924 = CARTESIAN_POINT('',(0.8,0.725976341677,48.499682295539));
#925 = CARTESIAN_POINT('',(0.8,1.074016696354,52.172838255782));
#926 = ADVANCED_FACE('',(#927),#948,.F.);
#927 = FACE_BOUND('',#928,.F.);
#928 = EDGE_LOOP('',(#929,#930,#940,#947));
#929 = ORIENTED_EDGE('',*,*,#524,.T.);
#930 = ORIENTED_EDGE('',*,*,#931,.F.);
#931 = EDGE_CURVE('',#932,#525,#934,.T.);
#932 = VERTEX_POINT('',#933);
#933 = CARTESIAN_POINT('',(11.534967940244,0.,32.092092206199));
#934 = B_SPLINE_CURVE_WITH_KNOTS('',3,(#935,#936,#937,#938,#939),
  .UNSPECIFIED.,.F.,.F.,(4,1,4),(0.462876091122,0.572517099612,
    0.682157904329),.UNSPECIFIED.);
#935 = CARTESIAN_POINT('',(11.534964304178,1.91E-14,32.092089829427));
#936 = CARTESIAN_POINT('',(12.764831970024,2.032E-14,30.210716016153));
#937 = CARTESIAN_POINT('',(15.360035932547,2.442E-14,26.202405536144));
#938 = CARTESIAN_POINT('',(18.296343376371,2.909E-14,21.942101476984));
#939 = CARTESIAN_POINT('',(19.86997757726,3.22E-14,19.807106531179));
#940 = ORIENTED_EDGE('',*,*,#941,.F.);
#941 = EDGE_CURVE('',#932,#932,#942,.T.);
#942 = CIRCLE('',#943,11.534967940244);
#943 = AXIS2_PLACEMENT_3D('',#944,#945,#946);
#944 = CARTESIAN_POINT('',(0.,0.,32.092092206199));
#945 = DIRECTION('',(0.,0.,1.));
#946 = DIRECTION('',(1.,0.,0.));
#947 = ORIENTED_EDGE('',*,*,#931,.T.);
#948 = B_SPLINE_SURFACE_WITH_KNOTS('',3,3,(
    (#949,#950,#951,#952,#953,#954,#955,#956,#957,#958,#959,#960,#961
      ,#962,#963,#964,#965,#966,#967)
    ,(#968,#969,#970,#971,#972,#973,#974,#975,#976,#977,#978,#979,#980
      ,#981,#982,#983,#984,#985,#986)
    ,(#987,#988,#989,#990,#991,#992,#993,#994,#995,#996,#997,#998,#999
      ,#1000,#1001,#1002,#1003,#1004,#1005)
    ,(#1006,#1007,#1008,#1009,#1010,#1011,#1012,#1013,#1014,#1015,#1016
      ,#1017,#1018,#1019,#1020,#1021,#1022,#1023,#1024)
    ,(#1025,#1026,#1027,#1028,#1029,#1030,#1031,#1032,#1033,#1034,#1035
      ,#1036,#1037,#1038,#1039,#1040,#1041,#1042,#1043
  )),.UNSPECIFIED.,.F.,.T.,.F.,(4,1,4),(1,1,1,1,1,1,1,1,1,1,1,1,1,1,1,1,
    1,1,1,1,1,1,1),(0.46287609112,0.572517099611,0.682158108102),(
    -1.178097245096,-0.785398163397,-0.392699081699,0.,0.392699081699,
    0.785398163397,1.178097245096,1.570796326795,1.963495408494,
    2.356194490192,2.748893571891,3.14159265359,3.534291735289,
    3.926990816987,4.319689898686,4.712388980385,5.105088062083,
    5.497787143782,5.890486225481,6.28318530718,6.675884388878,
    7.068583470577,7.461282552276),.UNSPECIFIED.);
#949 = CARTESIAN_POINT('',(10.934360301491,-4.529160332752,
    32.092089829427));
#950 = CARTESIAN_POINT('',(11.835266305521,-8.78E-15,32.092089829427));
#951 = CARTESIAN_POINT('',(10.934360301491,4.529160332752,
    32.092089829427));
#952 = CARTESIAN_POINT('',(8.368797061782,8.368797061782,32.092089829427
    ));
#953 = CARTESIAN_POINT('',(4.529160332752,10.934360301491,
    32.092089829427));
#954 = CARTESIAN_POINT('',(2.41E-15,11.835266305521,32.092089829427));
#955 = CARTESIAN_POINT('',(-4.529160332752,10.934360301491,
    32.092089829427));
#956 = CARTESIAN_POINT('',(-8.368797061782,8.368797061782,
    32.092089829427));
#957 = CARTESIAN_POINT('',(-10.93436030149,4.529160332752,
    32.092089829427));
#958 = CARTESIAN_POINT('',(-11.83526630552,2.01E-15,32.092089829427));
#959 = CARTESIAN_POINT('',(-10.93436030149,-4.529160332752,
    32.092089829427));
#960 = CARTESIAN_POINT('',(-8.368797061782,-8.368797061782,
    32.092089829427));
#961 = CARTESIAN_POINT('',(-4.529160332752,-10.93436030149,
    32.092089829427));
#962 = CARTESIAN_POINT('',(-1.5E-15,-11.83526630552,32.092089829427));
#963 = CARTESIAN_POINT('',(4.529160332752,-10.93436030149,
    32.092089829427));
#964 = CARTESIAN_POINT('',(8.368797061782,-8.368797061782,
    32.092089829427));
#965 = CARTESIAN_POINT('',(10.934360301491,-4.529160332752,
    32.092089829427));
#966 = CARTESIAN_POINT('',(11.835266305521,-8.78E-15,32.092089829427));
#967 = CARTESIAN_POINT('',(10.934360301491,4.529160332752,
    32.092089829427));
#968 = CARTESIAN_POINT('',(12.100191059775,-5.012063244264,
    30.210716016153));
#969 = CARTESIAN_POINT('',(13.097152425148,-1.041E-14,30.210716016153));
#970 = CARTESIAN_POINT('',(12.100191059775,5.012063244264,
    30.210716016153));
#971 = CARTESIAN_POINT('',(9.261085294056,9.261085294056,30.210716016153
    ));
#972 = CARTESIAN_POINT('',(5.012063244264,12.100191059775,
    30.210716016153));
#973 = CARTESIAN_POINT('',(4.3E-15,13.097152425148,30.210716016153));
#974 = CARTESIAN_POINT('',(-5.012063244264,12.100191059775,
    30.210716016153));
#975 = CARTESIAN_POINT('',(-9.261085294056,9.261085294056,
    30.210716016153));
#976 = CARTESIAN_POINT('',(-12.10019105977,5.012063244264,
    30.210716016153));
#977 = CARTESIAN_POINT('',(-13.09715242514,2.E-15,30.210716016153));
#978 = CARTESIAN_POINT('',(-12.10019105977,-5.012063244264,
    30.210716016153));
#979 = CARTESIAN_POINT('',(-9.261085294056,-9.261085294056,
    30.210716016153));
#980 = CARTESIAN_POINT('',(-5.012063244264,-12.10019105977,
    30.210716016153));
#981 = CARTESIAN_POINT('',(-6.17E-15,-13.09715242514,30.210716016153));
#982 = CARTESIAN_POINT('',(5.012063244264,-12.10019105977,
    30.210716016153));
#983 = CARTESIAN_POINT('',(9.261085294056,-9.261085294056,
    30.210716016153));
#984 = CARTESIAN_POINT('',(12.100191059775,-5.012063244264,
    30.210716016153));
#985 = CARTESIAN_POINT('',(13.097152425148,-1.041E-14,30.210716016153));
#986 = CARTESIAN_POINT('',(12.100191059775,5.012063244264,
    30.210716016153));
#987 = CARTESIAN_POINT('',(14.5602698952,-6.031061262405,26.202401811312
    ));
#988 = CARTESIAN_POINT('',(15.759922568717,-1.301E-14,26.202401811312));
#989 = CARTESIAN_POINT('',(14.5602698952,6.031061262405,26.202401811312)
  );
#990 = CARTESIAN_POINT('',(11.143948119315,11.143948119315,
    26.202401811312));
#991 = CARTESIAN_POINT('',(6.031061262405,14.5602698952,26.202401811312)
  );
#992 = CARTESIAN_POINT('',(-5.33E-15,15.759922568717,26.202401811312));
#993 = CARTESIAN_POINT('',(-6.031061262405,14.5602698952,26.202401811312
    ));
#994 = CARTESIAN_POINT('',(-11.14394811931,11.143948119315,
    26.202401811312));
#995 = CARTESIAN_POINT('',(-14.5602698952,6.031061262405,26.202401811312
    ));
#996 = CARTESIAN_POINT('',(-15.75992256871,1.37E-15,26.202401811312));
#997 = CARTESIAN_POINT('',(-14.5602698952,-6.031061262405,
    26.202401811312));
#998 = CARTESIAN_POINT('',(-11.14394811931,-11.14394811931,
    26.202401811312));
#999 = CARTESIAN_POINT('',(-6.031061262405,-14.5602698952,
    26.202401811312));
#1000 = CARTESIAN_POINT('',(-4.37E-15,-15.75992256871,26.202401811312));
#1001 = CARTESIAN_POINT('',(6.031061262405,-14.5602698952,
    26.202401811312));
#1002 = CARTESIAN_POINT('',(11.143948119315,-11.14394811931,
    26.202401811312));
#1003 = CARTESIAN_POINT('',(14.5602698952,-6.031061262405,
    26.202401811312));
#1004 = CARTESIAN_POINT('',(15.759922568717,-1.301E-14,26.202401811312)
  );
#1005 = CARTESIAN_POINT('',(14.5602698952,6.031061262405,26.202401811312
    ));
#1006 = CARTESIAN_POINT('',(17.343692193008,-7.183992527968,
    21.942093558976));
#1007 = CARTESIAN_POINT('',(18.772677153984,-1.388E-14,21.942093558976)
  );
#1008 = CARTESIAN_POINT('',(17.343692193008,7.183992527968,
    21.942093558976));
#1009 = CARTESIAN_POINT('',(13.274287316608,13.274287316608,
    21.942093558976));
#1010 = CARTESIAN_POINT('',(7.183992527968,17.343692193008,
    21.942093558976));
#1011 = CARTESIAN_POINT('',(6.61E-15,18.772677153984,21.942093558976));
#1012 = CARTESIAN_POINT('',(-7.183992527968,17.343692193008,
    21.942093558976));
#1013 = CARTESIAN_POINT('',(-13.2742873166,13.274287316608,
    21.942093558976));
#1014 = CARTESIAN_POINT('',(-17.343692193,7.183992527968,21.942093558976
    ));
#1015 = CARTESIAN_POINT('',(-18.77267715398,3.38E-15,21.942093558976));
#1016 = CARTESIAN_POINT('',(-17.343692193,-7.183992527968,
    21.942093558976));
#1017 = CARTESIAN_POINT('',(-13.2742873166,-13.2742873166,
    21.942093558976));
#1018 = CARTESIAN_POINT('',(-7.183992527968,-17.343692193,
    21.942093558976));
#1019 = CARTESIAN_POINT('',(-4.4E-15,-18.77267715398,21.942093558976));
#1020 = CARTESIAN_POINT('',(7.183992527968,-17.343692193,21.942093558976
    ));
#1021 = CARTESIAN_POINT('',(13.274287316608,-13.2742873166,
    21.942093558976));
#1022 = CARTESIAN_POINT('',(17.343692193008,-7.183992527968,
    21.942093558976));
#1023 = CARTESIAN_POINT('',(18.772677153984,-1.388E-14,21.942093558976)
  );
#1024 = CARTESIAN_POINT('',(17.343692193008,7.183992527968,
    21.942093558976));
#1025 = CARTESIAN_POINT('',(18.835393350321,-7.801875378335,
    19.807094627153));
#1026 = CARTESIAN_POINT('',(20.387282851827,-1.583E-14,19.807094627153)
  );
#1027 = CARTESIAN_POINT('',(18.835393350321,7.801875378335,
    19.807094627153));
#1028 = CARTESIAN_POINT('',(14.415985954495,14.415985954495,
    19.807094627153));
#1029 = CARTESIAN_POINT('',(7.801875378335,18.835393350321,
    19.807094627153));
#1030 = CARTESIAN_POINT('',(3.46E-15,20.387282851827,19.807094627153));
#1031 = CARTESIAN_POINT('',(-7.801875378335,18.835393350321,
    19.807094627153));
#1032 = CARTESIAN_POINT('',(-14.41598595449,14.415985954495,
    19.807094627153));
#1033 = CARTESIAN_POINT('',(-18.83539335032,7.801875378335,
    19.807094627153));
#1034 = CARTESIAN_POINT('',(-20.38728285182,3.77E-15,19.807094627153));
#1035 = CARTESIAN_POINT('',(-18.83539335032,-7.801875378335,
    19.807094627153));
#1036 = CARTESIAN_POINT('',(-14.41598595449,-14.41598595449,
    19.807094627153));
#1037 = CARTESIAN_POINT('',(-7.801875378335,-18.83539335032,
    19.807094627153));
#1038 = CARTESIAN_POINT('',(-3.33E-15,-20.38728285182,19.807094627153));
#1039 = CARTESIAN_POINT('',(7.801875378335,-18.83539335032,
    19.807094627153));
#1040 = CARTESIAN_POINT('',(14.415985954495,-14.41598595449,
    19.807094627153));
#1041 = CARTESIAN_POINT('',(18.835393350321,-7.801875378335,
    19.807094627153));
#1042 = CARTESIAN_POINT('',(20.387282851827,-1.583E-14,19.807094627153)
  );
#1043 = CARTESIAN_POINT('',(18.835393350321,7.801875378335,
    19.807094627153));
#1044 = ADVANCED_FACE('',(#1045),#1071,.T.);
#1045 = FACE_BOUND('',#1046,.T.);
#1046 = EDGE_LOOP('',(#1047,#1054,#1063,#1070));
#1047 = ORIENTED_EDGE('',*,*,#1048,.T.);
#1048 = EDGE_CURVE('',#573,#827,#1049,.T.);
#1049 = CIRCLE('',#1050,0.6);
#1050 = AXIS2_PLACEMENT_3D('',#1051,#1052,#1053);
#1051 = CARTESIAN_POINT('',(0.2,14.885224967939,42.212365763043));
#1052 = DIRECTION('',(7.308E-14,0.999745604302,-2.255497014579E-02));
#1053 = DIRECTION('',(0.,2.255497014579E-02,0.999745604302));
#1054 = ORIENTED_EDGE('',*,*,#1055,.F.);
#1055 = EDGE_CURVE('',#1056,#827,#1058,.T.);
#1056 = VERTEX_POINT('',#1057);
#1057 = CARTESIAN_POINT('',(0.8,15.349939941924,42.207124265955));
#1058 = B_SPLINE_CURVE_WITH_KNOTS('',3,(#1059,#1060,#1061,#1062),
  .UNSPECIFIED.,.F.,.F.,(4,4),(0.,4.64744532348E-04),
  .PIECEWISE_BEZIER_KNOTS.);
#1059 = CARTESIAN_POINT('',(0.8,15.349939941924,42.207124265955));
#1060 = CARTESIAN_POINT('',(0.8,15.195015244397,42.207124265955));
#1061 = CARTESIAN_POINT('',(0.8,15.040110253183,42.208871441118));
#1062 = CARTESIAN_POINT('',(0.8,14.885224967939,42.212365763043));
#1063 = ORIENTED_EDGE('',*,*,#1064,.F.);
#1064 = EDGE_CURVE('',#575,#1056,#1065,.T.);
#1065 = CIRCLE('',#1066,0.6);
#1066 = AXIS2_PLACEMENT_3D('',#1067,#1068,#1069);
#1067 = CARTESIAN_POINT('',(0.2,15.349939941924,42.207124265955));
#1068 = DIRECTION('',(0.,1.,0.));
#1069 = DIRECTION('',(0.,0.,1.));
#1070 = ORIENTED_EDGE('',*,*,#572,.F.);
#1071 = ( BOUNDED_SURFACE() B_SPLINE_SURFACE(3,2,(
    (#1072,#1073,#1074)
    ,(#1075,#1076,#1077)
    ,(#1078,#1079,#1080)
    ,(#1081,#1082,#1083
)),.UNSPECIFIED.,.F.,.F.,.F.) B_SPLINE_SURFACE_WITH_KNOTS((4,4),(3,3),(
    -0.,4.64744532337E-04),(0.,1.),.PIECEWISE_BEZIER_KNOTS.) 
GEOMETRIC_REPRESENTATION_ITEM() RATIONAL_B_SPLINE_SURFACE((
    (1.,0.707213918052,1.)
    ,(1.,0.707177098603,1.)
    ,(1.,0.707141419602,1.)
,(1.,0.707106781187,1.))) REPRESENTATION_ITEM('') SURFACE() );
#1072 = CARTESIAN_POINT('',(0.8,14.885224967939,42.212365763043));
#1073 = CARTESIAN_POINT('',(0.8,14.898753849454,42.812031368355));
#1074 = CARTESIAN_POINT('',(0.200181831064,14.898757949405,
    42.81221309808));
#1075 = CARTESIAN_POINT('',(0.8,15.040110253179,42.208871441115));
#1076 = CARTESIAN_POINT('',(0.8,15.049139357102,42.808701058969));
#1077 = CARTESIAN_POINT('',(0.20011933692,15.049132852425,
    42.808820552521));
#1078 = CARTESIAN_POINT('',(0.8,15.1950152444,42.207124265945));
#1079 = CARTESIAN_POINT('',(0.800000000002,15.19953421612,
    42.807065485479));
#1080 = CARTESIAN_POINT('',(0.200058783342,15.199526848321,
    42.807124265955));
#1081 = CARTESIAN_POINT('',(0.8,15.349939941924,42.207124265955));
#1082 = CARTESIAN_POINT('',(0.8,15.349939941924,42.807124265955));
#1083 = CARTESIAN_POINT('',(0.2,15.349939941924,42.807124265955));
#1084 = ADVANCED_FACE('',(#1085),#1090,.T.);
#1085 = FACE_BOUND('',#1086,.T.);
#1086 = EDGE_LOOP('',(#1087,#1088,#1089));
#1087 = ORIENTED_EDGE('',*,*,#583,.T.);
#1088 = ORIENTED_EDGE('',*,*,#826,.F.);
#1089 = ORIENTED_EDGE('',*,*,#1048,.F.);
#1090 = ( BOUNDED_SURFACE() B_SPLINE_SURFACE(3,2,(
    (#1091,#1092,#1093)
    ,(#1094,#1095,#1096)
    ,(#1097,#1098,#1099)
    ,(#1100,#1101,#1102)
    ,(#1103,#1104,#1105)
    ,(#1106,#1107,#1108)
    ,(#1109,#1110,#1111)
    ,(#1112,#1113,#1114
)),.UNSPECIFIED.,.F.,.F.,.F.) B_SPLINE_SURFACE_WITH_KNOTS((4,1,1,1,1,4),
  (3,3),(3.E-17,3.802748392228E-03,7.605496784456E-03,1.140824517668E-02
    ,1.33096193728E-02,1.521099356891E-02),(0.,1.),.UNSPECIFIED.) 
GEOMETRIC_REPRESENTATION_ITEM() RATIONAL_B_SPLINE_SURFACE((
    (1.,0.707213918052,1.)
    ,(1.,0.736736189507,1.)
    ,(1.,0.801624368901,1.)
    ,(1.,0.900342076663,1.)
    ,(1.,0.970392445982,1.)
    ,(1.,0.998842478116,1.)
    ,(1.,1.000000000548,1.)
,(1.,1.,1.))) REPRESENTATION_ITEM('') SURFACE() );
#1091 = CARTESIAN_POINT('',(0.200181831064,14.898757949405,
    42.81221309808));
#1092 = CARTESIAN_POINT('',(0.8,14.898753849453,42.812031368355));
#1093 = CARTESIAN_POINT('',(0.8,14.885224967939,42.212365763043));
#1094 = CARTESIAN_POINT('',(0.200699216894,13.653826164795,
    42.840299485576));
#1095 = CARTESIAN_POINT('',(0.752410459117,13.762043907888,
    42.837194151872));
#1096 = CARTESIAN_POINT('',(0.799999999999,13.664882462877,
    42.289501344866));
#1097 = CARTESIAN_POINT('',(0.58491268064,11.21757537774,43.130551305199
    ));
#1098 = CARTESIAN_POINT('',(0.984783078322,11.479874336603,
    43.075557182436));
#1099 = CARTESIAN_POINT('',(1.152394940875,11.26312286715,
    42.678166582405));
#1100 = CARTESIAN_POINT('',(1.745372975855,7.807871751084,
    44.139160672196));
#1101 = CARTESIAN_POINT('',(1.982167288797,8.011326947979,
    44.036038552075));
#1102 = CARTESIAN_POINT('',(2.190951546771,7.855020356271,
    43.834876506786));
#1103 = CARTESIAN_POINT('',(2.853878382155,5.063902329252,
    45.268707613834));
#1104 = CARTESIAN_POINT('',(2.994864733333,5.125506452438,
    45.193962500922));
#1105 = CARTESIAN_POINT('',(3.125132361447,5.076547649511,
    45.095551013664));
#1106 = CARTESIAN_POINT('',(3.581088014319,2.702833855305,
    46.085767949849));
#1107 = CARTESIAN_POINT('',(3.626302815871,2.70799699231,46.05509063711)
  );
#1108 = CARTESIAN_POINT('',(3.671898410898,2.700338611043,
    46.025468812067));
#1109 = CARTESIAN_POINT('',(3.806458991831,1.336717263066,
    46.357314352742));
#1110 = CARTESIAN_POINT('',(3.81372125604,1.336645287354,46.352322417695
    ));
#1111 = CARTESIAN_POINT('',(3.820983526653,1.336573312729,
    46.347330491958));
#1112 = CARTESIAN_POINT('',(3.848178507177,0.646477705896,
    46.408428971682));
#1113 = CARTESIAN_POINT('',(3.848178507177,0.646477705896,
    46.408428971682));
#1114 = CARTESIAN_POINT('',(3.848178507177,0.646477705896,
    46.408428971682));
#1115 = ADVANCED_FACE('',(#1116),#1127,.T.);
#1116 = FACE_BOUND('',#1117,.T.);
#1117 = EDGE_LOOP('',(#1118,#1119,#1120));
#1118 = ORIENTED_EDGE('',*,*,#671,.T.);
#1119 = ORIENTED_EDGE('',*,*,#595,.F.);
#1120 = ORIENTED_EDGE('',*,*,#1121,.F.);
#1121 = EDGE_CURVE('',#663,#596,#1122,.T.);
#1122 = CIRCLE('',#1123,0.6);
#1123 = AXIS2_PLACEMENT_3D('',#1124,#1125,#1126);
#1124 = CARTESIAN_POINT('',(-0.2,14.885224967941,42.212365763043));
#1125 = DIRECTION('',(-2.45E-15,0.999745604302,-2.255497014576E-02));
#1126 = DIRECTION('',(0.,2.255497014576E-02,0.999745604302));
#1127 = ( BOUNDED_SURFACE() B_SPLINE_SURFACE(3,2,(
    (#1128,#1129,#1130)
    ,(#1131,#1132,#1133)
    ,(#1134,#1135,#1136)
    ,(#1137,#1138,#1139)
    ,(#1140,#1141,#1142)
    ,(#1143,#1144,#1145)
    ,(#1146,#1147,#1148)
    ,(#1149,#1150,#1151
)),.UNSPECIFIED.,.F.,.F.,.F.) B_SPLINE_SURFACE_WITH_KNOTS((4,1,1,1,1,4),
  (3,3),(1.E-17,3.802748392229E-03,7.605496784457E-03,1.140824517669E-02
    ,1.33096193728E-02,1.521099356891E-02),(0.,1.),.UNSPECIFIED.) 
GEOMETRIC_REPRESENTATION_ITEM() RATIONAL_B_SPLINE_SURFACE((
    (1.,0.707213918051,1.)
    ,(1.,0.736736190334,1.)
    ,(1.,0.801624368517,1.)
    ,(1.,0.900342076768,1.)
    ,(1.,0.970392445969,1.)
    ,(1.,0.998842478119,1.)
    ,(1.,1.000000000548,1.)
,(1.,1.,1.))) REPRESENTATION_ITEM('') SURFACE() );
#1128 = CARTESIAN_POINT('',(-0.8,14.885224967941,42.212365763042));
#1129 = CARTESIAN_POINT('',(-0.800000000001,14.898753849456,
    42.812031368355));
#1130 = CARTESIAN_POINT('',(-0.200181831064,14.898757949407,
    42.812213098079));
#1131 = CARTESIAN_POINT('',(-0.8,13.66488246175,42.28950134628));
#1132 = CARTESIAN_POINT('',(-0.752410457799,13.762043908049,
    42.837194151857));
#1133 = CARTESIAN_POINT('',(-0.200699216867,13.653826164788,
    42.840299485577));
#1134 = CARTESIAN_POINT('',(-1.152394940875,11.263122867677,
    42.678166581746));
#1135 = CARTESIAN_POINT('',(-0.984783079003,11.479874335445,
    43.075557182564));
#1136 = CARTESIAN_POINT('',(-0.584912680653,11.217575377746,
    43.130551305197));
#1137 = CARTESIAN_POINT('',(-2.190951546768,7.855020356128,
    43.834876506968));
#1138 = CARTESIAN_POINT('',(-1.982167288492,8.011326948665,
    44.036038551907));
#1139 = CARTESIAN_POINT('',(-1.745372975847,7.807871751083,
    44.139160672198));
#1140 = CARTESIAN_POINT('',(-3.125132361455,5.076547649531,
    45.095551013636));
#1141 = CARTESIAN_POINT('',(-2.994864733441,5.12550645233,
    45.193962501024));
#1142 = CARTESIAN_POINT('',(-2.853878382165,5.063902329254,
    45.268707613826));
#1143 = CARTESIAN_POINT('',(-3.671898410884,2.700338611038,
    46.025468812081));
#1144 = CARTESIAN_POINT('',(-3.626302815757,2.707996992323,
    46.055090636983));
#1145 = CARTESIAN_POINT('',(-3.581088014301,2.702833855304,
    46.085767949861));
#1146 = CARTESIAN_POINT('',(-3.820983526685,1.336573312734,
    46.347330491935));
#1147 = CARTESIAN_POINT('',(-3.813721256269,1.336645287391,
    46.352322417957));
#1148 = CARTESIAN_POINT('',(-3.806458991869,1.336717263069,
    46.357314352715));
#1149 = CARTESIAN_POINT('',(-3.848178507177,0.646477705895,
    46.408428971682));
#1150 = CARTESIAN_POINT('',(-3.848178507177,0.646477705895,
    46.408428971682));
#1151 = CARTESIAN_POINT('',(-3.848178507177,0.646477705895,
    46.408428971682));
#1152 = ADVANCED_FACE('',(#1153),#1173,.T.);
#1153 = FACE_BOUND('',#1154,.T.);
#1154 = EDGE_LOOP('',(#1155,#1156,#1157,#1166));
#1155 = ORIENTED_EDGE('',*,*,#1121,.T.);
#1156 = ORIENTED_EDGE('',*,*,#608,.F.);
#1157 = ORIENTED_EDGE('',*,*,#1158,.F.);
#1158 = EDGE_CURVE('',#1159,#609,#1161,.T.);
#1159 = VERTEX_POINT('',#1160);
#1160 = CARTESIAN_POINT('',(-0.8,15.349939941924,42.207124265955));
#1161 = CIRCLE('',#1162,0.6);
#1162 = AXIS2_PLACEMENT_3D('',#1163,#1164,#1165);
#1163 = CARTESIAN_POINT('',(-0.2,15.349939941924,42.207124265955));
#1164 = DIRECTION('',(0.,1.,0.));
#1165 = DIRECTION('',(0.,0.,1.));
#1166 = ORIENTED_EDGE('',*,*,#1167,.F.);
#1167 = EDGE_CURVE('',#663,#1159,#1168,.T.);
#1168 = B_SPLINE_CURVE_WITH_KNOTS('',3,(#1169,#1170,#1171,#1172),
  .UNSPECIFIED.,.F.,.F.,(4,4),(8.03E-15,4.647445323347E-04),
  .PIECEWISE_BEZIER_KNOTS.);
#1169 = CARTESIAN_POINT('',(-0.8,14.885224967941,42.212365763043));
#1170 = CARTESIAN_POINT('',(-0.8,15.040110253178,42.208871441118));
#1171 = CARTESIAN_POINT('',(-0.8,15.195015244404,42.207124265955));
#1172 = CARTESIAN_POINT('',(-0.8,15.349939941924,42.207124265955));
#1173 = ( BOUNDED_SURFACE() B_SPLINE_SURFACE(3,2,(
    (#1174,#1175,#1176)
    ,(#1177,#1178,#1179)
    ,(#1180,#1181,#1182)
    ,(#1183,#1184,#1185
)),.UNSPECIFIED.,.F.,.F.,.F.) B_SPLINE_SURFACE_WITH_KNOTS((4,4),(3,3),(
    -2.E-17,4.647445323347E-04),(0.,1.),.PIECEWISE_BEZIER_KNOTS.) 
GEOMETRIC_REPRESENTATION_ITEM() RATIONAL_B_SPLINE_SURFACE((
    (1.,0.707213918052,1.)
    ,(1.,0.707177098603,1.)
    ,(1.,0.707141419602,1.)
,(1.,0.707106781187,1.))) REPRESENTATION_ITEM('') SURFACE() );
#1174 = CARTESIAN_POINT('',(-0.200181831064,14.898757949407,
    42.812213098079));
#1175 = CARTESIAN_POINT('',(-0.8,14.898753849456,42.812031368355));
#1176 = CARTESIAN_POINT('',(-0.8,14.885224967941,42.212365763043));
#1177 = CARTESIAN_POINT('',(-0.20011933692,15.049132852418,
    42.808820552521));
#1178 = CARTESIAN_POINT('',(-0.8,15.049139357096,42.808701058968));
#1179 = CARTESIAN_POINT('',(-0.8,15.040110253172,42.208871441116));
#1180 = CARTESIAN_POINT('',(-0.200058783342,15.199526848322,
    42.807124265955));
#1181 = CARTESIAN_POINT('',(-0.800000000002,15.199534216121,
    42.807065485479));
#1182 = CARTESIAN_POINT('',(-0.8,15.195015244401,42.207124265945));
#1183 = CARTESIAN_POINT('',(-0.2,15.349939941924,42.807124265955));
#1184 = CARTESIAN_POINT('',(-0.8,15.349939941924,42.807124265955));
#1185 = CARTESIAN_POINT('',(-0.8,15.349939941924,42.207124265955));
#1186 = ADVANCED_FACE('',(#1187),#1212,.T.);
#1187 = FACE_BOUND('',#1188,.T.);
#1188 = EDGE_LOOP('',(#1189,#1199,#1205,#1206));
#1189 = ORIENTED_EDGE('',*,*,#1190,.T.);
#1190 = EDGE_CURVE('',#1191,#1193,#1195,.T.);
#1191 = VERTEX_POINT('',#1192);
#1192 = CARTESIAN_POINT('',(0.2,20.,42.807124265955));
#1193 = VERTEX_POINT('',#1194);
#1194 = CARTESIAN_POINT('',(-0.2,20.,42.807124265955));
#1195 = LINE('',#1196,#1197);
#1196 = CARTESIAN_POINT('',(0.8,20.,42.807124265955));
#1197 = VECTOR('',#1198,1.);
#1198 = DIRECTION('',(-1.,0.,0.));
#1199 = ORIENTED_EDGE('',*,*,#1200,.F.);
#1200 = EDGE_CURVE('',#609,#1193,#1201,.T.);
#1201 = LINE('',#1202,#1203);
#1202 = CARTESIAN_POINT('',(-0.2,15.330383433582,42.807124265955));
#1203 = VECTOR('',#1204,1.);
#1204 = DIRECTION('',(0.,1.,0.));
#1205 = ORIENTED_EDGE('',*,*,#617,.F.);
#1206 = ORIENTED_EDGE('',*,*,#1207,.T.);
#1207 = EDGE_CURVE('',#575,#1191,#1208,.T.);
#1208 = LINE('',#1209,#1210);
#1209 = CARTESIAN_POINT('',(0.2,10.,42.807124265955));
#1210 = VECTOR('',#1211,1.);
#1211 = DIRECTION('',(0.,1.,0.));
#1212 = PLANE('',#1213);
#1213 = AXIS2_PLACEMENT_3D('',#1214,#1215,#1216);
#1214 = CARTESIAN_POINT('',(0.8,10.,42.807124265955));
#1215 = DIRECTION('',(0.,0.,1.));
#1216 = DIRECTION('',(1.,0.,0.));
#1217 = ADVANCED_FACE('',(#1218),#1260,.F.);
#1218 = FACE_BOUND('',#1219,.T.);
#1219 = EDGE_LOOP('',(#1220,#1221,#1229,#1237,#1246,#1254));
#1220 = ORIENTED_EDGE('',*,*,#639,.F.);
#1221 = ORIENTED_EDGE('',*,*,#1222,.T.);
#1222 = EDGE_CURVE('',#640,#1223,#1225,.T.);
#1223 = VERTEX_POINT('',#1224);
#1224 = CARTESIAN_POINT('',(-0.8,133.53874625395,39.807124265955));
#1225 = LINE('',#1226,#1227);
#1226 = CARTESIAN_POINT('',(-2.9,66.769373126975,39.807124265955));
#1227 = VECTOR('',#1228,1.);
#1228 = DIRECTION('',(3.143600144684E-02,0.999505766773,0.));
#1229 = ORIENTED_EDGE('',*,*,#1230,.T.);
#1230 = EDGE_CURVE('',#1223,#1231,#1233,.T.);
#1231 = VERTEX_POINT('',#1232);
#1232 = CARTESIAN_POINT('',(-0.739158980002,133.53874625395,
    39.74631331561));
#1233 = LINE('',#1234,#1235);
#1234 = CARTESIAN_POINT('',(-4.556067200606E-02,133.53874625395,
    39.053057806944));
#1235 = VECTOR('',#1236,1.);
#1236 = DIRECTION('',(0.707281540605,0.,-0.706931978567));
#1237 = ORIENTED_EDGE('',*,*,#1238,.T.);
#1238 = EDGE_CURVE('',#1231,#1239,#1241,.T.);
#1239 = VERTEX_POINT('',#1240);
#1240 = CARTESIAN_POINT('',(-0.8,133.28071397136,39.799012762746));
#1241 = ELLIPSE('',#1242,0.866420634438,0.6);
#1242 = AXIS2_PLACEMENT_3D('',#1243,#1244,#1245);
#1243 = CARTESIAN_POINT('',(-0.2,133.17438066379,39.195966608671));
#1244 = DIRECTION('',(0.70675730552,-2.222860979645E-02,0.707106781187)
  );
#1245 = DIRECTION('',(-0.678435158277,0.262043219404,0.686337444104));
#1246 = ORIENTED_EDGE('',*,*,#1247,.T.);
#1247 = EDGE_CURVE('',#1239,#1248,#1250,.T.);
#1248 = VERTEX_POINT('',#1249);
#1249 = CARTESIAN_POINT('',(-0.8,69.917423313677,37.807124265955));
#1250 = LINE('',#1251,#1252);
#1251 = CARTESIAN_POINT('',(-0.8,39.269033452856,36.843661437947));
#1252 = VECTOR('',#1253,1.);
#1253 = DIRECTION('',(0.,-0.999506254824,-3.142048007276E-02));
#1254 = ORIENTED_EDGE('',*,*,#1255,.F.);
#1255 = EDGE_CURVE('',#642,#1248,#1256,.T.);
#1256 = LINE('',#1257,#1258);
#1257 = CARTESIAN_POINT('',(-1.290878431241,54.309973249136,
    37.807124265955));
#1258 = VECTOR('',#1259,1.);
#1259 = DIRECTION('',(3.143600144684E-02,0.999505766773,0.));
#1260 = PLANE('',#1261);
#1261 = AXIS2_PLACEMENT_3D('',#1262,#1263,#1264);
#1262 = CARTESIAN_POINT('',(-1.290878431241,54.309973249136,
    37.807124265955));
#1263 = DIRECTION('',(0.70675730552,-2.222860979645E-02,0.707106781187)
  );
#1264 = DIRECTION('',(3.143600144684E-02,0.999505766773,
    -4.163336342344E-17));
#1265 = ADVANCED_FACE('',(#1266),#1293,.T.);
#1266 = FACE_BOUND('',#1267,.T.);
#1267 = EDGE_LOOP('',(#1268,#1269,#1277,#1286,#1292));
#1268 = ORIENTED_EDGE('',*,*,#650,.F.);
#1269 = ORIENTED_EDGE('',*,*,#1270,.F.);
#1270 = EDGE_CURVE('',#1271,#651,#1273,.T.);
#1271 = VERTEX_POINT('',#1272);
#1272 = CARTESIAN_POINT('',(-0.8,133.28214424823,39.807124265955));
#1273 = LINE('',#1274,#1275);
#1274 = CARTESIAN_POINT('',(-0.8,38.5,39.807124265955));
#1275 = VECTOR('',#1276,1.);
#1276 = DIRECTION('',(0.,-1.,0.));
#1277 = ORIENTED_EDGE('',*,*,#1278,.F.);
#1278 = EDGE_CURVE('',#1279,#1271,#1281,.T.);
#1279 = VERTEX_POINT('',#1280);
#1280 = CARTESIAN_POINT('',(-0.744188265192,133.53874625395,
    39.807124265955));
#1281 = ELLIPSE('',#1282,0.609255967131,0.6);
#1282 = AXIS2_PLACEMENT_3D('',#1283,#1284,#1285);
#1283 = CARTESIAN_POINT('',(-0.2,133.28214424823,39.807124265955));
#1284 = DIRECTION('',(0.,-0.,1.));
#1285 = DIRECTION('',(0.,1.,0.));
#1286 = ORIENTED_EDGE('',*,*,#1287,.T.);
#1287 = EDGE_CURVE('',#1279,#1223,#1288,.T.);
#1288 = LINE('',#1289,#1290);
#1289 = CARTESIAN_POINT('',(0.4,133.53874625395,39.807124265955));
#1290 = VECTOR('',#1291,1.);
#1291 = DIRECTION('',(-1.,0.,0.));
#1292 = ORIENTED_EDGE('',*,*,#1222,.F.);
#1293 = PLANE('',#1294);
#1294 = AXIS2_PLACEMENT_3D('',#1295,#1296,#1297);
#1295 = CARTESIAN_POINT('',(0.,54.269373126975,39.807124265955));
#1296 = DIRECTION('',(0.,0.,1.));
#1297 = DIRECTION('',(1.,0.,0.));
#1298 = ADVANCED_FACE('',(#1299),#1361,.F.);
#1299 = FACE_BOUND('',#1300,.T.);
#1300 = EDGE_LOOP('',(#1301,#1309,#1310,#1311,#1312,#1320,#1329,#1337,
    #1346,#1354));
#1301 = ORIENTED_EDGE('',*,*,#1302,.F.);
#1302 = EDGE_CURVE('',#1271,#1303,#1305,.T.);
#1303 = VERTEX_POINT('',#1304);
#1304 = CARTESIAN_POINT('',(-0.8,143.37438615028,97.04307228422));
#1305 = LINE('',#1306,#1307);
#1306 = CARTESIAN_POINT('',(-0.8,134.10082943103,44.450118659155));
#1307 = VECTOR('',#1308,1.);
#1308 = DIRECTION('',(0.,0.173648177667,0.984807753012));
#1309 = ORIENTED_EDGE('',*,*,#1270,.T.);
#1310 = ORIENTED_EDGE('',*,*,#662,.T.);
#1311 = ORIENTED_EDGE('',*,*,#1167,.T.);
#1312 = ORIENTED_EDGE('',*,*,#1313,.T.);
#1313 = EDGE_CURVE('',#1159,#1314,#1316,.T.);
#1314 = VERTEX_POINT('',#1315);
#1315 = CARTESIAN_POINT('',(-0.8,20.,42.207124265955));
#1316 = LINE('',#1317,#1318);
#1317 = CARTESIAN_POINT('',(-0.8,20.,42.207124265955));
#1318 = VECTOR('',#1319,1.);
#1319 = DIRECTION('',(0.,1.,0.));
#1320 = ORIENTED_EDGE('',*,*,#1321,.T.);
#1321 = EDGE_CURVE('',#1314,#1322,#1324,.T.);
#1322 = VERTEX_POINT('',#1323);
#1323 = CARTESIAN_POINT('',(-0.8,68.48,66.447124265955));
#1324 = CIRCLE('',#1325,60.6);
#1325 = AXIS2_PLACEMENT_3D('',#1326,#1327,#1328);
#1326 = CARTESIAN_POINT('',(-0.8,20.,102.80712426595));
#1327 = DIRECTION('',(1.,-0.,0.));
#1328 = DIRECTION('',(0.,0.,-1.));
#1329 = ORIENTED_EDGE('',*,*,#1330,.F.);
#1330 = EDGE_CURVE('',#1331,#1322,#1333,.T.);
#1331 = VERTEX_POINT('',#1332);
#1332 = CARTESIAN_POINT('',(-0.8,89.48,94.447124265955));
#1333 = LINE('',#1334,#1335);
#1334 = CARTESIAN_POINT('',(-0.8,55.22,48.767124265955));
#1335 = VECTOR('',#1336,1.);
#1336 = DIRECTION('',(0.,-0.6,-0.8));
#1337 = ORIENTED_EDGE('',*,*,#1338,.F.);
#1338 = EDGE_CURVE('',#1339,#1331,#1341,.T.);
#1339 = VERTEX_POINT('',#1340);
#1340 = CARTESIAN_POINT('',(-0.8,105.,102.20712426595));
#1341 = CIRCLE('',#1342,19.4);
#1342 = AXIS2_PLACEMENT_3D('',#1343,#1344,#1345);
#1343 = CARTESIAN_POINT('',(-0.8,105.,82.807124265955));
#1344 = DIRECTION('',(1.,-0.,0.));
#1345 = DIRECTION('',(0.,0.,-1.));
#1346 = ORIENTED_EDGE('',*,*,#1347,.F.);
#1347 = EDGE_CURVE('',#1348,#1339,#1350,.T.);
#1348 = VERTEX_POINT('',#1349);
#1349 = CARTESIAN_POINT('',(-0.8,139.04123203702,102.20712426595));
#1350 = LINE('',#1351,#1352);
#1351 = CARTESIAN_POINT('',(-0.8,38.5,102.20712426595));
#1352 = VECTOR('',#1353,1.);
#1353 = DIRECTION('',(0.,-1.,0.));
#1354 = ORIENTED_EDGE('',*,*,#1355,.F.);
#1355 = EDGE_CURVE('',#1303,#1348,#1356,.T.);
#1356 = CIRCLE('',#1357,4.4);
#1357 = AXIS2_PLACEMENT_3D('',#1358,#1359,#1360);
#1358 = CARTESIAN_POINT('',(-0.8,139.04123203702,97.807124265955));
#1359 = DIRECTION('',(1.,-0.,0.));
#1360 = DIRECTION('',(0.,0.,-1.));
#1361 = PLANE('',#1362);
#1362 = AXIS2_PLACEMENT_3D('',#1363,#1364,#1365);
#1363 = CARTESIAN_POINT('',(-0.8,38.5,61.307124265955));
#1364 = DIRECTION('',(1.,0.,0.));
#1365 = DIRECTION('',(0.,1.,0.));
#1366 = ADVANCED_FACE('',(#1367),#1401,.F.);
#1367 = FACE_BOUND('',#1368,.T.);
#1368 = EDGE_LOOP('',(#1369,#1375,#1376,#1384,#1393,#1399,#1400));
#1369 = ORIENTED_EDGE('',*,*,#1370,.F.);
#1370 = EDGE_CURVE('',#1248,#696,#1371,.T.);
#1371 = LINE('',#1372,#1373);
#1372 = CARTESIAN_POINT('',(-0.8,38.5,37.807124265955));
#1373 = VECTOR('',#1374,1.);
#1374 = DIRECTION('',(0.,-1.,0.));
#1375 = ORIENTED_EDGE('',*,*,#1247,.F.);
#1376 = ORIENTED_EDGE('',*,*,#1377,.F.);
#1377 = EDGE_CURVE('',#1378,#1239,#1380,.T.);
#1378 = VERTEX_POINT('',#1379);
#1379 = CARTESIAN_POINT('',(-0.8,132.91716461582,37.737221912138));
#1380 = LINE('',#1381,#1382);
#1381 = CARTESIAN_POINT('',(-0.8,134.10082943103,44.450118659155));
#1382 = VECTOR('',#1383,1.);
#1383 = DIRECTION('',(0.,0.173648177667,0.984807753012));
#1384 = ORIENTED_EDGE('',*,*,#1385,.F.);
#1385 = EDGE_CURVE('',#1386,#1378,#1388,.T.);
#1386 = VERTEX_POINT('',#1387);
#1387 = CARTESIAN_POINT('',(-0.8,44.650915808943,32.807124265955));
#1388 = CIRCLE('',#1389,792.60464012202);
#1389 = AXIS2_PLACEMENT_3D('',#1390,#1391,#1392);
#1390 = CARTESIAN_POINT('',(-0.8,44.650915808943,825.41176438798));
#1391 = DIRECTION('',(1.,-0.,0.));
#1392 = DIRECTION('',(0.,0.,-1.));
#1393 = ORIENTED_EDGE('',*,*,#1394,.T.);
#1394 = EDGE_CURVE('',#1386,#791,#1395,.T.);
#1395 = LINE('',#1396,#1397);
#1396 = CARTESIAN_POINT('',(-0.8,7.325457904472,32.807124265955));
#1397 = VECTOR('',#1398,1.);
#1398 = DIRECTION('',(0.,-1.,0.));
#1399 = ORIENTED_EDGE('',*,*,#799,.T.);
#1400 = ORIENTED_EDGE('',*,*,#695,.T.);
#1401 = PLANE('',#1402);
#1402 = AXIS2_PLACEMENT_3D('',#1403,#1404,#1405);
#1403 = CARTESIAN_POINT('',(-0.8,38.5,61.307124265955));
#1404 = DIRECTION('',(1.,0.,0.));
#1405 = DIRECTION('',(0.,1.,0.));
#1406 = ADVANCED_FACE('',(#1407),#1412,.F.);
#1407 = FACE_BOUND('',#1408,.T.);
#1408 = EDGE_LOOP('',(#1409,#1410,#1411));
#1409 = ORIENTED_EDGE('',*,*,#1255,.T.);
#1410 = ORIENTED_EDGE('',*,*,#1370,.T.);
#1411 = ORIENTED_EDGE('',*,*,#704,.T.);
#1412 = PLANE('',#1413);
#1413 = AXIS2_PLACEMENT_3D('',#1414,#1415,#1416);
#1414 = CARTESIAN_POINT('',(0.,54.269373126975,37.807124265955));
#1415 = DIRECTION('',(0.,0.,1.));
#1416 = DIRECTION('',(1.,0.,0.));
#1417 = ADVANCED_FACE('',(#1418),#1461,.T.);
#1418 = FACE_BOUND('',#1419,.T.);
#1419 = EDGE_LOOP('',(#1420,#1430,#1436,#1437,#1438,#1446,#1455));
#1420 = ORIENTED_EDGE('',*,*,#1421,.T.);
#1421 = EDGE_CURVE('',#1422,#1424,#1426,.T.);
#1422 = VERTEX_POINT('',#1423);
#1423 = CARTESIAN_POINT('',(0.8,133.28071397136,39.799012762746));
#1424 = VERTEX_POINT('',#1425);
#1425 = CARTESIAN_POINT('',(0.8,69.917423313677,37.807124265955));
#1426 = LINE('',#1427,#1428);
#1427 = CARTESIAN_POINT('',(0.8,39.269033452856,36.843661437947));
#1428 = VECTOR('',#1429,1.);
#1429 = DIRECTION('',(0.,-0.999506254824,-3.142048007276E-02));
#1430 = ORIENTED_EDGE('',*,*,#1431,.T.);
#1431 = EDGE_CURVE('',#1424,#816,#1432,.T.);
#1432 = LINE('',#1433,#1434);
#1433 = CARTESIAN_POINT('',(0.8,38.5,37.807124265955));
#1434 = VECTOR('',#1435,1.);
#1435 = DIRECTION('',(0.,-1.,0.));
#1436 = ORIENTED_EDGE('',*,*,#815,.T.);
#1437 = ORIENTED_EDGE('',*,*,#781,.T.);
#1438 = ORIENTED_EDGE('',*,*,#1439,.F.);
#1439 = EDGE_CURVE('',#1440,#782,#1442,.T.);
#1440 = VERTEX_POINT('',#1441);
#1441 = CARTESIAN_POINT('',(0.8,44.650915808943,32.807124265955));
#1442 = LINE('',#1443,#1444);
#1443 = CARTESIAN_POINT('',(0.8,7.325457904472,32.807124265955));
#1444 = VECTOR('',#1445,1.);
#1445 = DIRECTION('',(0.,-1.,0.));
#1446 = ORIENTED_EDGE('',*,*,#1447,.T.);
#1447 = EDGE_CURVE('',#1440,#1448,#1450,.T.);
#1448 = VERTEX_POINT('',#1449);
#1449 = CARTESIAN_POINT('',(0.8,132.91716461582,37.737221912138));
#1450 = CIRCLE('',#1451,792.60464012202);
#1451 = AXIS2_PLACEMENT_3D('',#1452,#1453,#1454);
#1452 = CARTESIAN_POINT('',(0.8,44.650915808943,825.41176438798));
#1453 = DIRECTION('',(1.,-0.,0.));
#1454 = DIRECTION('',(0.,0.,-1.));
#1455 = ORIENTED_EDGE('',*,*,#1456,.T.);
#1456 = EDGE_CURVE('',#1448,#1422,#1457,.T.);
#1457 = LINE('',#1458,#1459);
#1458 = CARTESIAN_POINT('',(0.8,143.37438615028,97.04307228422));
#1459 = VECTOR('',#1460,1.);
#1460 = DIRECTION('',(0.,0.173648177667,0.984807753012));
#1461 = PLANE('',#1462);
#1462 = AXIS2_PLACEMENT_3D('',#1463,#1464,#1465);
#1463 = CARTESIAN_POINT('',(0.8,38.5,61.307124265955));
#1464 = DIRECTION('',(1.,0.,0.));
#1465 = DIRECTION('',(0.,1.,0.));
#1466 = ADVANCED_FACE('',(#1467),#1478,.T.);
#1467 = FACE_BOUND('',#1468,.T.);
#1468 = EDGE_LOOP('',(#1469,#1470,#1471,#1472));
#1469 = ORIENTED_EDGE('',*,*,#1439,.T.);
#1470 = ORIENTED_EDGE('',*,*,#790,.F.);
#1471 = ORIENTED_EDGE('',*,*,#1394,.F.);
#1472 = ORIENTED_EDGE('',*,*,#1473,.F.);
#1473 = EDGE_CURVE('',#1440,#1386,#1474,.T.);
#1474 = LINE('',#1475,#1476);
#1475 = CARTESIAN_POINT('',(0.8,44.650915808943,32.807124265955));
#1476 = VECTOR('',#1477,1.);
#1477 = DIRECTION('',(-1.,0.,0.));
#1478 = PLANE('',#1479);
#1479 = AXIS2_PLACEMENT_3D('',#1480,#1481,#1482);
#1480 = CARTESIAN_POINT('',(0.8,7.325457904472,32.807124265955));
#1481 = DIRECTION('',(0.,0.,-1.));
#1482 = DIRECTION('',(-1.,0.,0.));
#1483 = ADVANCED_FACE('',(#1484),#1553,.T.);
#1484 = FACE_BOUND('',#1485,.T.);
#1485 = EDGE_LOOP('',(#1486,#1494,#1502,#1511,#1519,#1528,#1536,#1545,
    #1551,#1552));
#1486 = ORIENTED_EDGE('',*,*,#1487,.F.);
#1487 = EDGE_CURVE('',#1488,#840,#1490,.T.);
#1488 = VERTEX_POINT('',#1489);
#1489 = CARTESIAN_POINT('',(0.8,133.28214424823,39.807124265955));
#1490 = LINE('',#1491,#1492);
#1491 = CARTESIAN_POINT('',(0.8,38.5,39.807124265955));
#1492 = VECTOR('',#1493,1.);
#1493 = DIRECTION('',(0.,-1.,0.));
#1494 = ORIENTED_EDGE('',*,*,#1495,.T.);
#1495 = EDGE_CURVE('',#1488,#1496,#1498,.T.);
#1496 = VERTEX_POINT('',#1497);
#1497 = CARTESIAN_POINT('',(0.8,143.37438615028,97.04307228422));
#1498 = LINE('',#1499,#1500);
#1499 = CARTESIAN_POINT('',(0.8,143.37438615028,97.04307228422));
#1500 = VECTOR('',#1501,1.);
#1501 = DIRECTION('',(0.,0.173648177667,0.984807753012));
#1502 = ORIENTED_EDGE('',*,*,#1503,.T.);
#1503 = EDGE_CURVE('',#1496,#1504,#1506,.T.);
#1504 = VERTEX_POINT('',#1505);
#1505 = CARTESIAN_POINT('',(0.8,139.04123203702,102.20712426595));
#1506 = CIRCLE('',#1507,4.4);
#1507 = AXIS2_PLACEMENT_3D('',#1508,#1509,#1510);
#1508 = CARTESIAN_POINT('',(0.8,139.04123203702,97.807124265955));
#1509 = DIRECTION('',(1.,-0.,0.));
#1510 = DIRECTION('',(0.,0.,-1.));
#1511 = ORIENTED_EDGE('',*,*,#1512,.T.);
#1512 = EDGE_CURVE('',#1504,#1513,#1515,.T.);
#1513 = VERTEX_POINT('',#1514);
#1514 = CARTESIAN_POINT('',(0.8,105.,102.20712426595));
#1515 = LINE('',#1516,#1517);
#1516 = CARTESIAN_POINT('',(0.8,105.,102.20712426595));
#1517 = VECTOR('',#1518,1.);
#1518 = DIRECTION('',(0.,-1.,0.));
#1519 = ORIENTED_EDGE('',*,*,#1520,.T.);
#1520 = EDGE_CURVE('',#1513,#1521,#1523,.T.);
#1521 = VERTEX_POINT('',#1522);
#1522 = CARTESIAN_POINT('',(0.8,89.48,94.447124265955));
#1523 = CIRCLE('',#1524,19.4);
#1524 = AXIS2_PLACEMENT_3D('',#1525,#1526,#1527);
#1525 = CARTESIAN_POINT('',(0.8,105.,82.807124265955));
#1526 = DIRECTION('',(1.,-0.,0.));
#1527 = DIRECTION('',(0.,0.,-1.));
#1528 = ORIENTED_EDGE('',*,*,#1529,.T.);
#1529 = EDGE_CURVE('',#1521,#1530,#1532,.T.);
#1530 = VERTEX_POINT('',#1531);
#1531 = CARTESIAN_POINT('',(0.8,68.48,66.447124265955));
#1532 = LINE('',#1533,#1534);
#1533 = CARTESIAN_POINT('',(0.8,68.48,66.447124265955));
#1534 = VECTOR('',#1535,1.);
#1535 = DIRECTION('',(0.,-0.6,-0.8));
#1536 = ORIENTED_EDGE('',*,*,#1537,.F.);
#1537 = EDGE_CURVE('',#1538,#1530,#1540,.T.);
#1538 = VERTEX_POINT('',#1539);
#1539 = CARTESIAN_POINT('',(0.8,20.,42.207124265955));
#1540 = CIRCLE('',#1541,60.6);
#1541 = AXIS2_PLACEMENT_3D('',#1542,#1543,#1544);
#1542 = CARTESIAN_POINT('',(0.8,20.,102.80712426595));
#1543 = DIRECTION('',(1.,-0.,0.));
#1544 = DIRECTION('',(0.,0.,-1.));
#1545 = ORIENTED_EDGE('',*,*,#1546,.F.);
#1546 = EDGE_CURVE('',#1056,#1538,#1547,.T.);
#1547 = LINE('',#1548,#1549);
#1548 = CARTESIAN_POINT('',(0.8,38.5,42.207124265955));
#1549 = VECTOR('',#1550,1.);
#1550 = DIRECTION('',(0.,1.,0.));
#1551 = ORIENTED_EDGE('',*,*,#1055,.T.);
#1552 = ORIENTED_EDGE('',*,*,#839,.T.);
#1553 = PLANE('',#1554);
#1554 = AXIS2_PLACEMENT_3D('',#1555,#1556,#1557);
#1555 = CARTESIAN_POINT('',(0.8,38.5,61.307124265955));
#1556 = DIRECTION('',(1.,0.,0.));
#1557 = DIRECTION('',(0.,1.,0.));
#1558 = ADVANCED_FACE('',(#1559),#1586,.T.);
#1559 = FACE_BOUND('',#1560,.T.);
#1560 = EDGE_LOOP('',(#1561,#1562,#1570,#1578,#1585));
#1561 = ORIENTED_EDGE('',*,*,#848,.F.);
#1562 = ORIENTED_EDGE('',*,*,#1563,.T.);
#1563 = EDGE_CURVE('',#849,#1564,#1566,.T.);
#1564 = VERTEX_POINT('',#1565);
#1565 = CARTESIAN_POINT('',(0.8,133.53874625395,39.807124265955));
#1566 = LINE('',#1567,#1568);
#1567 = CARTESIAN_POINT('',(2.9,66.769373126975,39.807124265955));
#1568 = VECTOR('',#1569,1.);
#1569 = DIRECTION('',(-3.143600144684E-02,0.999505766773,0.));
#1570 = ORIENTED_EDGE('',*,*,#1571,.T.);
#1571 = EDGE_CURVE('',#1564,#1572,#1574,.T.);
#1572 = VERTEX_POINT('',#1573);
#1573 = CARTESIAN_POINT('',(0.744188265192,133.53874625395,
    39.807124265955));
#1574 = LINE('',#1575,#1576);
#1575 = CARTESIAN_POINT('',(0.4,133.53874625395,39.807124265955));
#1576 = VECTOR('',#1577,1.);
#1577 = DIRECTION('',(-1.,0.,0.));
#1578 = ORIENTED_EDGE('',*,*,#1579,.F.);
#1579 = EDGE_CURVE('',#1488,#1572,#1580,.T.);
#1580 = ELLIPSE('',#1581,0.609255967131,0.6);
#1581 = AXIS2_PLACEMENT_3D('',#1582,#1583,#1584);
#1582 = CARTESIAN_POINT('',(0.2,133.28214424823,39.807124265955));
#1583 = DIRECTION('',(-0.,0.,1.));
#1584 = DIRECTION('',(0.,-1.,0.));
#1585 = ORIENTED_EDGE('',*,*,#1487,.T.);
#1586 = PLANE('',#1587);
#1587 = AXIS2_PLACEMENT_3D('',#1588,#1589,#1590);
#1588 = CARTESIAN_POINT('',(0.,54.269373126975,39.807124265955));
#1589 = DIRECTION('',(0.,0.,1.));
#1590 = DIRECTION('',(1.,0.,0.));
#1591 = ADVANCED_FACE('',(#1592),#1618,.F.);
#1592 = FACE_BOUND('',#1593,.T.);
#1593 = EDGE_LOOP('',(#1594,#1595,#1601,#1602,#1611,#1617));
#1594 = ORIENTED_EDGE('',*,*,#858,.F.);
#1595 = ORIENTED_EDGE('',*,*,#1596,.F.);
#1596 = EDGE_CURVE('',#1424,#859,#1597,.T.);
#1597 = LINE('',#1598,#1599);
#1598 = CARTESIAN_POINT('',(1.290878431241,54.309973249136,
    37.807124265955));
#1599 = VECTOR('',#1600,1.);
#1600 = DIRECTION('',(3.143600144684E-02,-0.999505766773,0.));
#1601 = ORIENTED_EDGE('',*,*,#1421,.F.);
#1602 = ORIENTED_EDGE('',*,*,#1603,.T.);
#1603 = EDGE_CURVE('',#1422,#1604,#1606,.T.);
#1604 = VERTEX_POINT('',#1605);
#1605 = CARTESIAN_POINT('',(0.739158980002,133.53874625395,
    39.74631331561));
#1606 = ELLIPSE('',#1607,0.866420634438,0.6);
#1607 = AXIS2_PLACEMENT_3D('',#1608,#1609,#1610);
#1608 = CARTESIAN_POINT('',(0.2,133.17438066379,39.195966608671));
#1609 = DIRECTION('',(-0.70675730552,-2.222860979645E-02,0.707106781187)
  );
#1610 = DIRECTION('',(-0.678435158277,-0.262043219404,-0.686337444104));
#1611 = ORIENTED_EDGE('',*,*,#1612,.T.);
#1612 = EDGE_CURVE('',#1604,#1564,#1613,.T.);
#1613 = LINE('',#1614,#1615);
#1614 = CARTESIAN_POINT('',(1.850519073128,133.53874625395,
    40.857124137652));
#1615 = VECTOR('',#1616,1.);
#1616 = DIRECTION('',(0.707281540605,0.,0.706931978567));
#1617 = ORIENTED_EDGE('',*,*,#1563,.F.);
#1618 = PLANE('',#1619);
#1619 = AXIS2_PLACEMENT_3D('',#1620,#1621,#1622);
#1620 = CARTESIAN_POINT('',(2.9,66.769373126975,39.807124265955));
#1621 = DIRECTION('',(-0.70675730552,-2.222860979645E-02,0.707106781187)
  );
#1622 = DIRECTION('',(-3.143600144684E-02,0.999505766773,
    -4.163336342344E-17));
#1623 = ADVANCED_FACE('',(#1624),#1629,.F.);
#1624 = FACE_BOUND('',#1625,.T.);
#1625 = EDGE_LOOP('',(#1626,#1627,#1628));
#1626 = ORIENTED_EDGE('',*,*,#1431,.F.);
#1627 = ORIENTED_EDGE('',*,*,#1596,.T.);
#1628 = ORIENTED_EDGE('',*,*,#867,.T.);
#1629 = PLANE('',#1630);
#1630 = AXIS2_PLACEMENT_3D('',#1631,#1632,#1633);
#1631 = CARTESIAN_POINT('',(0.,54.269373126975,37.807124265955));
#1632 = DIRECTION('',(0.,0.,1.));
#1633 = DIRECTION('',(1.,0.,0.));
#1634 = ADVANCED_FACE('',(#1635),#1653,.T.);
#1635 = FACE_BOUND('',#1636,.T.);
#1636 = EDGE_LOOP('',(#1637,#1638,#1645,#1652));
#1637 = ORIENTED_EDGE('',*,*,#941,.F.);
#1638 = ORIENTED_EDGE('',*,*,#1639,.F.);
#1639 = EDGE_CURVE('',#1640,#932,#1642,.T.);
#1640 = VERTEX_POINT('',#1641);
#1641 = CARTESIAN_POINT('',(5.25,0.,25.807124265955));
#1642 = B_SPLINE_CURVE_WITH_KNOTS('',1,(#1643,#1644),.UNSPECIFIED.,.F.,
  .F.,(2,2),(0.,8.888286900173),.PIECEWISE_BEZIER_KNOTS.);
#1643 = CARTESIAN_POINT('',(5.25,-1.29E-15,25.807124265955));
#1644 = CARTESIAN_POINT('',(11.534967940244,-2.83E-15,32.092092206199));
#1645 = ORIENTED_EDGE('',*,*,#1646,.T.);
#1646 = EDGE_CURVE('',#1640,#1640,#1647,.T.);
#1647 = CIRCLE('',#1648,5.25);
#1648 = AXIS2_PLACEMENT_3D('',#1649,#1650,#1651);
#1649 = CARTESIAN_POINT('',(0.,0.,25.807124265955));
#1650 = DIRECTION('',(0.,0.,1.));
#1651 = DIRECTION('',(1.,0.,0.));
#1652 = ORIENTED_EDGE('',*,*,#1639,.T.);
#1653 = CONICAL_SURFACE('',#1654,5.25,0.785398163397);
#1654 = AXIS2_PLACEMENT_3D('',#1655,#1656,#1657);
#1655 = CARTESIAN_POINT('',(0.,0.,25.807124265955));
#1656 = DIRECTION('',(0.,0.,1.));
#1657 = DIRECTION('',(1.,0.,0.));
#1658 = ADVANCED_FACE('',(#1659),#1671,.T.);
#1659 = FACE_BOUND('',#1660,.T.);
#1660 = EDGE_LOOP('',(#1661,#1662,#1663,#1670));
#1661 = ORIENTED_EDGE('',*,*,#1064,.T.);
#1662 = ORIENTED_EDGE('',*,*,#1546,.T.);
#1663 = ORIENTED_EDGE('',*,*,#1664,.F.);
#1664 = EDGE_CURVE('',#1191,#1538,#1665,.T.);
#1665 = CIRCLE('',#1666,0.6);
#1666 = AXIS2_PLACEMENT_3D('',#1667,#1668,#1669);
#1667 = CARTESIAN_POINT('',(0.2,20.,42.207124265955));
#1668 = DIRECTION('',(0.,1.,0.));
#1669 = DIRECTION('',(0.,0.,1.));
#1670 = ORIENTED_EDGE('',*,*,#1207,.F.);
#1671 = CYLINDRICAL_SURFACE('',#1672,0.6);
#1672 = AXIS2_PLACEMENT_3D('',#1673,#1674,#1675);
#1673 = CARTESIAN_POINT('',(0.2,10.,42.207124265955));
#1674 = DIRECTION('',(0.,1.,0.));
#1675 = DIRECTION('',(0.,0.,1.));
#1676 = ADVANCED_FACE('',(#1677),#1689,.T.);
#1677 = FACE_BOUND('',#1678,.T.);
#1678 = EDGE_LOOP('',(#1679,#1680,#1681,#1688));
#1679 = ORIENTED_EDGE('',*,*,#1158,.T.);
#1680 = ORIENTED_EDGE('',*,*,#1200,.T.);
#1681 = ORIENTED_EDGE('',*,*,#1682,.F.);
#1682 = EDGE_CURVE('',#1314,#1193,#1683,.T.);
#1683 = CIRCLE('',#1684,0.6);
#1684 = AXIS2_PLACEMENT_3D('',#1685,#1686,#1687);
#1685 = CARTESIAN_POINT('',(-0.2,20.,42.207124265955));
#1686 = DIRECTION('',(0.,1.,0.));
#1687 = DIRECTION('',(0.,0.,1.));
#1688 = ORIENTED_EDGE('',*,*,#1313,.F.);
#1689 = CYLINDRICAL_SURFACE('',#1690,0.6);
#1690 = AXIS2_PLACEMENT_3D('',#1691,#1692,#1693);
#1691 = CARTESIAN_POINT('',(-0.2,38.5,42.207124265955));
#1692 = DIRECTION('',(0.,-1.,0.));
#1693 = DIRECTION('',(0.,0.,-1.));
#1694 = ADVANCED_FACE('',(#1695),#1722,.F.);
#1695 = FACE_BOUND('',#1696,.F.);
#1696 = EDGE_LOOP('',(#1697,#1706,#1707,#1716));
#1697 = ORIENTED_EDGE('',*,*,#1698,.F.);
#1698 = EDGE_CURVE('',#1191,#1699,#1701,.T.);
#1699 = VERTEX_POINT('',#1700);
#1700 = CARTESIAN_POINT('',(0.2,68.,66.807124265955));
#1701 = CIRCLE('',#1702,60.);
#1702 = AXIS2_PLACEMENT_3D('',#1703,#1704,#1705);
#1703 = CARTESIAN_POINT('',(0.2,20.,102.80712426595));
#1704 = DIRECTION('',(1.,-0.,0.));
#1705 = DIRECTION('',(0.,0.,-1.));
#1706 = ORIENTED_EDGE('',*,*,#1190,.T.);
#1707 = ORIENTED_EDGE('',*,*,#1708,.T.);
#1708 = EDGE_CURVE('',#1193,#1709,#1711,.T.);
#1709 = VERTEX_POINT('',#1710);
#1710 = CARTESIAN_POINT('',(-0.2,68.,66.807124265955));
#1711 = CIRCLE('',#1712,60.);
#1712 = AXIS2_PLACEMENT_3D('',#1713,#1714,#1715);
#1713 = CARTESIAN_POINT('',(-0.2,20.,102.80712426595));
#1714 = DIRECTION('',(1.,-0.,0.));
#1715 = DIRECTION('',(0.,0.,-1.));
#1716 = ORIENTED_EDGE('',*,*,#1717,.F.);
#1717 = EDGE_CURVE('',#1699,#1709,#1718,.T.);
#1718 = LINE('',#1719,#1720);
#1719 = CARTESIAN_POINT('',(0.8,68.,66.807124265955));
#1720 = VECTOR('',#1721,1.);
#1721 = DIRECTION('',(-1.,0.,0.));
#1722 = CYLINDRICAL_SURFACE('',#1723,60.);
#1723 = AXIS2_PLACEMENT_3D('',#1724,#1725,#1726);
#1724 = CARTESIAN_POINT('',(0.8,20.,102.80712426595));
#1725 = DIRECTION('',(-1.,0.,0.));
#1726 = DIRECTION('',(0.,0.,1.));
#1727 = ADVANCED_FACE('',(#1728),#1739,.F.);
#1728 = FACE_BOUND('',#1729,.T.);
#1729 = EDGE_LOOP('',(#1730,#1737,#1738));
#1730 = ORIENTED_EDGE('',*,*,#1731,.T.);
#1731 = EDGE_CURVE('',#1279,#1231,#1732,.T.);
#1732 = ELLIPSE('',#1733,3.455262289886,0.6);
#1733 = AXIS2_PLACEMENT_3D('',#1734,#1735,#1736);
#1734 = CARTESIAN_POINT('',(-0.2,133.53874625395,41.262386555841));
#1735 = DIRECTION('',(0.,-1.,0.));
#1736 = DIRECTION('',(0.,0.,1.));
#1737 = ORIENTED_EDGE('',*,*,#1230,.F.);
#1738 = ORIENTED_EDGE('',*,*,#1287,.F.);
#1739 = PLANE('',#1740);
#1740 = AXIS2_PLACEMENT_3D('',#1741,#1742,#1743);
#1741 = CARTESIAN_POINT('',(0.4,133.53874625395,39.807124265955));
#1742 = DIRECTION('',(0.,-1.,0.));
#1743 = DIRECTION('',(0.,0.,-1.));
#1744 = ADVANCED_FACE('',(#1745),#1776,.T.);
#1745 = FACE_BOUND('',#1746,.T.);
#1746 = EDGE_LOOP('',(#1747,#1748,#1749,#1758,#1766,#1773,#1774,#1775));
#1747 = ORIENTED_EDGE('',*,*,#1278,.T.);
#1748 = ORIENTED_EDGE('',*,*,#1302,.T.);
#1749 = ORIENTED_EDGE('',*,*,#1750,.T.);
#1750 = EDGE_CURVE('',#1303,#1751,#1753,.T.);
#1751 = VERTEX_POINT('',#1752);
#1752 = CARTESIAN_POINT('',(-0.2,143.96527080209,96.93888337762));
#1753 = CIRCLE('',#1754,0.6);
#1754 = AXIS2_PLACEMENT_3D('',#1755,#1756,#1757);
#1755 = CARTESIAN_POINT('',(-0.2,143.37438615028,97.04307228422));
#1756 = DIRECTION('',(0.,-0.173648177667,-0.984807753012));
#1757 = DIRECTION('',(0.,0.984807753012,-0.173648177667));
#1758 = ORIENTED_EDGE('',*,*,#1759,.F.);
#1759 = EDGE_CURVE('',#1760,#1751,#1762,.T.);
#1760 = VERTEX_POINT('',#1761);
#1761 = CARTESIAN_POINT('',(-0.2,133.53874625395,37.807124265955));
#1762 = LINE('',#1763,#1764);
#1763 = CARTESIAN_POINT('',(-0.2,138.75200852802,67.373003821788));
#1764 = VECTOR('',#1765,1.);
#1765 = DIRECTION('',(0.,0.173648177667,0.984807753012));
#1766 = ORIENTED_EDGE('',*,*,#1767,.F.);
#1767 = EDGE_CURVE('',#1378,#1760,#1768,.T.);
#1768 = B_SPLINE_CURVE_WITH_KNOTS('',3,(#1769,#1770,#1771,#1772),
  .UNSPECIFIED.,.F.,.F.,(4,4),(0.,9.573479315829E-04),
  .PIECEWISE_BEZIER_KNOTS.);
#1769 = CARTESIAN_POINT('',(-0.8,132.91716461582,37.737221912138));
#1770 = CARTESIAN_POINT('',(-0.8,133.23879701533,37.773263809989));
#1771 = CARTESIAN_POINT('',(-0.524051075769,133.53874625395,
    37.807124265955));
#1772 = CARTESIAN_POINT('',(-0.2,133.53874625395,37.807124265955));
#1773 = ORIENTED_EDGE('',*,*,#1377,.T.);
#1774 = ORIENTED_EDGE('',*,*,#1238,.F.);
#1775 = ORIENTED_EDGE('',*,*,#1731,.F.);
#1776 = CYLINDRICAL_SURFACE('',#1777,0.6);
#1777 = AXIS2_PLACEMENT_3D('',#1778,#1779,#1780);
#1778 = CARTESIAN_POINT('',(-0.2,138.16112387621,67.477192728388));
#1779 = DIRECTION('',(0.,0.173648177667,0.984807753012));
#1780 = DIRECTION('',(0.,-0.984807753012,0.173648177667));
#1781 = ADVANCED_FACE('',(#1782),#1794,.T.);
#1782 = FACE_BOUND('',#1783,.T.);
#1783 = EDGE_LOOP('',(#1784,#1785,#1786,#1793));
#1784 = ORIENTED_EDGE('',*,*,#1682,.T.);
#1785 = ORIENTED_EDGE('',*,*,#1708,.T.);
#1786 = ORIENTED_EDGE('',*,*,#1787,.F.);
#1787 = EDGE_CURVE('',#1322,#1709,#1788,.T.);
#1788 = CIRCLE('',#1789,0.6);
#1789 = AXIS2_PLACEMENT_3D('',#1790,#1791,#1792);
#1790 = CARTESIAN_POINT('',(-0.2,68.48,66.447124265955));
#1791 = DIRECTION('',(-0.,0.6,0.8));
#1792 = DIRECTION('',(0.,-0.8,0.6));
#1793 = ORIENTED_EDGE('',*,*,#1321,.F.);
#1794 = TOROIDAL_SURFACE('',#1795,60.6,0.6);
#1795 = AXIS2_PLACEMENT_3D('',#1796,#1797,#1798);
#1796 = CARTESIAN_POINT('',(-0.2,20.,102.80712426595));
#1797 = DIRECTION('',(1.,0.,0.));
#1798 = DIRECTION('',(0.,0.,-1.));
#1799 = ADVANCED_FACE('',(#1800),#1819,.T.);
#1800 = FACE_BOUND('',#1801,.T.);
#1801 = EDGE_LOOP('',(#1802,#1803,#1811,#1818));
#1802 = ORIENTED_EDGE('',*,*,#1787,.T.);
#1803 = ORIENTED_EDGE('',*,*,#1804,.F.);
#1804 = EDGE_CURVE('',#1805,#1709,#1807,.T.);
#1805 = VERTEX_POINT('',#1806);
#1806 = CARTESIAN_POINT('',(-0.2,89.,94.807124265955));
#1807 = LINE('',#1808,#1809);
#1808 = CARTESIAN_POINT('',(-0.2,78.5,80.807124265955));
#1809 = VECTOR('',#1810,1.);
#1810 = DIRECTION('',(0.,-0.6,-0.8));
#1811 = ORIENTED_EDGE('',*,*,#1812,.F.);
#1812 = EDGE_CURVE('',#1331,#1805,#1813,.T.);
#1813 = CIRCLE('',#1814,0.6);
#1814 = AXIS2_PLACEMENT_3D('',#1815,#1816,#1817);
#1815 = CARTESIAN_POINT('',(-0.2,89.48,94.447124265955));
#1816 = DIRECTION('',(-0.,0.6,0.8));
#1817 = DIRECTION('',(0.,-0.8,0.6));
#1818 = ORIENTED_EDGE('',*,*,#1330,.T.);
#1819 = CYLINDRICAL_SURFACE('',#1820,0.6);
#1820 = AXIS2_PLACEMENT_3D('',#1821,#1822,#1823);
#1821 = CARTESIAN_POINT('',(-0.2,78.98,80.447124265955));
#1822 = DIRECTION('',(0.,-0.6,-0.8));
#1823 = DIRECTION('',(0.,0.8,-0.6));
#1824 = ADVANCED_FACE('',(#1825),#1845,.T.);
#1825 = FACE_BOUND('',#1826,.T.);
#1826 = EDGE_LOOP('',(#1827,#1828,#1837,#1844));
#1827 = ORIENTED_EDGE('',*,*,#1812,.T.);
#1828 = ORIENTED_EDGE('',*,*,#1829,.F.);
#1829 = EDGE_CURVE('',#1830,#1805,#1832,.T.);
#1830 = VERTEX_POINT('',#1831);
#1831 = CARTESIAN_POINT('',(-0.2,105.,102.80712426595));
#1832 = CIRCLE('',#1833,20.);
#1833 = AXIS2_PLACEMENT_3D('',#1834,#1835,#1836);
#1834 = CARTESIAN_POINT('',(-0.2,105.,82.807124265955));
#1835 = DIRECTION('',(1.,-0.,0.));
#1836 = DIRECTION('',(0.,0.,-1.));
#1837 = ORIENTED_EDGE('',*,*,#1838,.F.);
#1838 = EDGE_CURVE('',#1339,#1830,#1839,.T.);
#1839 = CIRCLE('',#1840,0.6);
#1840 = AXIS2_PLACEMENT_3D('',#1841,#1842,#1843);
#1841 = CARTESIAN_POINT('',(-0.2,105.,102.20712426595));
#1842 = DIRECTION('',(0.,1.,0.));
#1843 = DIRECTION('',(0.,0.,1.));
#1844 = ORIENTED_EDGE('',*,*,#1338,.T.);
#1845 = TOROIDAL_SURFACE('',#1846,19.4,0.6);
#1846 = AXIS2_PLACEMENT_3D('',#1847,#1848,#1849);
#1847 = CARTESIAN_POINT('',(-0.2,105.,82.807124265955));
#1848 = DIRECTION('',(1.,0.,0.));
#1849 = DIRECTION('',(0.,0.,-1.));
#1850 = ADVANCED_FACE('',(#1851),#1870,.T.);
#1851 = FACE_BOUND('',#1852,.T.);
#1852 = EDGE_LOOP('',(#1853,#1854,#1862,#1869));
#1853 = ORIENTED_EDGE('',*,*,#1838,.T.);
#1854 = ORIENTED_EDGE('',*,*,#1855,.F.);
#1855 = EDGE_CURVE('',#1856,#1830,#1858,.T.);
#1856 = VERTEX_POINT('',#1857);
#1857 = CARTESIAN_POINT('',(-0.2,139.04123203702,102.80712426595));
#1858 = LINE('',#1859,#1860);
#1859 = CARTESIAN_POINT('',(-0.2,122.02061601851,102.80712426595));
#1860 = VECTOR('',#1861,1.);
#1861 = DIRECTION('',(0.,-1.,0.));
#1862 = ORIENTED_EDGE('',*,*,#1863,.F.);
#1863 = EDGE_CURVE('',#1348,#1856,#1864,.T.);
#1864 = CIRCLE('',#1865,0.6);
#1865 = AXIS2_PLACEMENT_3D('',#1866,#1867,#1868);
#1866 = CARTESIAN_POINT('',(-0.2,139.04123203702,102.20712426595));
#1867 = DIRECTION('',(0.,1.,0.));
#1868 = DIRECTION('',(0.,0.,1.));
#1869 = ORIENTED_EDGE('',*,*,#1347,.T.);
#1870 = CYLINDRICAL_SURFACE('',#1871,0.6);
#1871 = AXIS2_PLACEMENT_3D('',#1872,#1873,#1874);
#1872 = CARTESIAN_POINT('',(-0.2,122.02061601851,102.20712426595));
#1873 = DIRECTION('',(0.,-1.,0.));
#1874 = DIRECTION('',(0.,0.,-1.));
#1875 = ADVANCED_FACE('',(#1876),#1888,.T.);
#1876 = FACE_BOUND('',#1877,.T.);
#1877 = EDGE_LOOP('',(#1878,#1879,#1886,#1887));
#1878 = ORIENTED_EDGE('',*,*,#1863,.T.);
#1879 = ORIENTED_EDGE('',*,*,#1880,.F.);
#1880 = EDGE_CURVE('',#1751,#1856,#1881,.T.);
#1881 = CIRCLE('',#1882,5.);
#1882 = AXIS2_PLACEMENT_3D('',#1883,#1884,#1885);
#1883 = CARTESIAN_POINT('',(-0.2,139.04123203702,97.807124265955));
#1884 = DIRECTION('',(1.,-0.,0.));
#1885 = DIRECTION('',(0.,0.,-1.));
#1886 = ORIENTED_EDGE('',*,*,#1750,.F.);
#1887 = ORIENTED_EDGE('',*,*,#1355,.T.);
#1888 = TOROIDAL_SURFACE('',#1889,4.4,0.6);
#1889 = AXIS2_PLACEMENT_3D('',#1890,#1891,#1892);
#1890 = CARTESIAN_POINT('',(-0.2,139.04123203702,97.807124265955));
#1891 = DIRECTION('',(1.,0.,0.));
#1892 = DIRECTION('',(0.,0.,-1.));
#1893 = ADVANCED_FACE('',(#1894),#1915,.T.);
#1894 = FACE_BOUND('',#1895,.T.);
#1895 = EDGE_LOOP('',(#1896,#1897,#1898,#1906,#1913,#1914));
#1896 = ORIENTED_EDGE('',*,*,#1385,.T.);
#1897 = ORIENTED_EDGE('',*,*,#1767,.T.);
#1898 = ORIENTED_EDGE('',*,*,#1899,.F.);
#1899 = EDGE_CURVE('',#1900,#1760,#1902,.T.);
#1900 = VERTEX_POINT('',#1901);
#1901 = CARTESIAN_POINT('',(0.2,133.53874625395,37.807124265955));
#1902 = LINE('',#1903,#1904);
#1903 = CARTESIAN_POINT('',(0.8,133.53874625395,37.807124265955));
#1904 = VECTOR('',#1905,1.);
#1905 = DIRECTION('',(-1.,0.,0.));
#1906 = ORIENTED_EDGE('',*,*,#1907,.T.);
#1907 = EDGE_CURVE('',#1900,#1448,#1908,.T.);
#1908 = B_SPLINE_CURVE_WITH_KNOTS('',3,(#1909,#1910,#1911,#1912),
  .UNSPECIFIED.,.F.,.F.,(4,4),(0.,9.573324212929E-04),
  .PIECEWISE_BEZIER_KNOTS.);
#1909 = CARTESIAN_POINT('',(0.2,133.53874625395,37.807124265955));
#1910 = CARTESIAN_POINT('',(0.523788123887,133.53874625395,
    37.807124265955));
#1911 = CARTESIAN_POINT('',(0.8,133.23858170808,37.773239682812));
#1912 = CARTESIAN_POINT('',(0.8,132.91716461582,37.737221912138));
#1913 = ORIENTED_EDGE('',*,*,#1447,.F.);
#1914 = ORIENTED_EDGE('',*,*,#1473,.T.);
#1915 = CYLINDRICAL_SURFACE('',#1916,792.60464012202);
#1916 = AXIS2_PLACEMENT_3D('',#1917,#1918,#1919);
#1917 = CARTESIAN_POINT('',(0.8,44.650915808943,825.41176438798));
#1918 = DIRECTION('',(-1.,0.,0.));
#1919 = DIRECTION('',(0.,0.,1.));
#1920 = ADVANCED_FACE('',(#1921),#1950,.T.);
#1921 = FACE_BOUND('',#1922,.T.);
#1922 = EDGE_LOOP('',(#1923,#1924,#1931,#1932,#1933,#1934,#1942,#1949));
#1923 = ORIENTED_EDGE('',*,*,#1579,.T.);
#1924 = ORIENTED_EDGE('',*,*,#1925,.F.);
#1925 = EDGE_CURVE('',#1604,#1572,#1926,.T.);
#1926 = ELLIPSE('',#1927,3.455262289886,0.6);
#1927 = AXIS2_PLACEMENT_3D('',#1928,#1929,#1930);
#1928 = CARTESIAN_POINT('',(0.2,133.53874625395,41.262386555841));
#1929 = DIRECTION('',(0.,-1.,0.));
#1930 = DIRECTION('',(0.,0.,-1.));
#1931 = ORIENTED_EDGE('',*,*,#1603,.F.);
#1932 = ORIENTED_EDGE('',*,*,#1456,.F.);
#1933 = ORIENTED_EDGE('',*,*,#1907,.F.);
#1934 = ORIENTED_EDGE('',*,*,#1935,.T.);
#1935 = EDGE_CURVE('',#1900,#1936,#1938,.T.);
#1936 = VERTEX_POINT('',#1937);
#1937 = CARTESIAN_POINT('',(0.2,143.96527080209,96.93888337762));
#1938 = LINE('',#1939,#1940);
#1939 = CARTESIAN_POINT('',(0.2,133.53874625395,37.807124265955));
#1940 = VECTOR('',#1941,1.);
#1941 = DIRECTION('',(0.,0.173648177667,0.984807753012));
#1942 = ORIENTED_EDGE('',*,*,#1943,.T.);
#1943 = EDGE_CURVE('',#1936,#1496,#1944,.T.);
#1944 = CIRCLE('',#1945,0.6);
#1945 = AXIS2_PLACEMENT_3D('',#1946,#1947,#1948);
#1946 = CARTESIAN_POINT('',(0.2,143.37438615028,97.04307228422));
#1947 = DIRECTION('',(0.,-0.173648177667,-0.984807753012));
#1948 = DIRECTION('',(0.,0.984807753012,-0.173648177667));
#1949 = ORIENTED_EDGE('',*,*,#1495,.F.);
#1950 = CYLINDRICAL_SURFACE('',#1951,0.6);
#1951 = AXIS2_PLACEMENT_3D('',#1952,#1953,#1954);
#1952 = CARTESIAN_POINT('',(0.2,134.10082943103,44.450118659155));
#1953 = DIRECTION('',(0.,-0.173648177667,-0.984807753012));
#1954 = DIRECTION('',(0.,0.984807753012,-0.173648177667));
#1955 = ADVANCED_FACE('',(#1956),#1976,.T.);
#1956 = FACE_BOUND('',#1957,.T.);
#1957 = EDGE_LOOP('',(#1958,#1967,#1968,#1969));
#1958 = ORIENTED_EDGE('',*,*,#1959,.T.);
#1959 = EDGE_CURVE('',#1960,#1504,#1962,.T.);
#1960 = VERTEX_POINT('',#1961);
#1961 = CARTESIAN_POINT('',(0.2,139.04123203702,102.80712426595));
#1962 = CIRCLE('',#1963,0.6);
#1963 = AXIS2_PLACEMENT_3D('',#1964,#1965,#1966);
#1964 = CARTESIAN_POINT('',(0.2,139.04123203702,102.20712426595));
#1965 = DIRECTION('',(0.,1.,0.));
#1966 = DIRECTION('',(0.,0.,1.));
#1967 = ORIENTED_EDGE('',*,*,#1503,.F.);
#1968 = ORIENTED_EDGE('',*,*,#1943,.F.);
#1969 = ORIENTED_EDGE('',*,*,#1970,.T.);
#1970 = EDGE_CURVE('',#1936,#1960,#1971,.T.);
#1971 = CIRCLE('',#1972,5.);
#1972 = AXIS2_PLACEMENT_3D('',#1973,#1974,#1975);
#1973 = CARTESIAN_POINT('',(0.2,139.04123203702,97.807124265955));
#1974 = DIRECTION('',(1.,-0.,0.));
#1975 = DIRECTION('',(0.,0.,-1.));
#1976 = TOROIDAL_SURFACE('',#1977,4.4,0.6);
#1977 = AXIS2_PLACEMENT_3D('',#1978,#1979,#1980);
#1978 = CARTESIAN_POINT('',(0.2,139.04123203702,97.807124265955));
#1979 = DIRECTION('',(1.,0.,0.));
#1980 = DIRECTION('',(0.,0.,-1.));
#1981 = ADVANCED_FACE('',(#1982),#2001,.T.);
#1982 = FACE_BOUND('',#1983,.T.);
#1983 = EDGE_LOOP('',(#1984,#1993,#1994,#1995));
#1984 = ORIENTED_EDGE('',*,*,#1985,.T.);
#1985 = EDGE_CURVE('',#1986,#1513,#1988,.T.);
#1986 = VERTEX_POINT('',#1987);
#1987 = CARTESIAN_POINT('',(0.2,105.,102.80712426595));
#1988 = CIRCLE('',#1989,0.6);
#1989 = AXIS2_PLACEMENT_3D('',#1990,#1991,#1992);
#1990 = CARTESIAN_POINT('',(0.2,105.,102.20712426595));
#1991 = DIRECTION('',(0.,1.,0.));
#1992 = DIRECTION('',(0.,0.,1.));
#1993 = ORIENTED_EDGE('',*,*,#1512,.F.);
#1994 = ORIENTED_EDGE('',*,*,#1959,.F.);
#1995 = ORIENTED_EDGE('',*,*,#1996,.T.);
#1996 = EDGE_CURVE('',#1960,#1986,#1997,.T.);
#1997 = LINE('',#1998,#1999);
#1998 = CARTESIAN_POINT('',(0.2,139.04123203702,102.80712426595));
#1999 = VECTOR('',#2000,1.);
#2000 = DIRECTION('',(0.,-1.,0.));
#2001 = CYLINDRICAL_SURFACE('',#2002,0.6);
#2002 = AXIS2_PLACEMENT_3D('',#2003,#2004,#2005);
#2003 = CARTESIAN_POINT('',(0.2,38.5,102.20712426595));
#2004 = DIRECTION('',(0.,1.,0.));
#2005 = DIRECTION('',(0.,0.,1.));
#2006 = ADVANCED_FACE('',(#2007),#2027,.T.);
#2007 = FACE_BOUND('',#2008,.T.);
#2008 = EDGE_LOOP('',(#2009,#2018,#2019,#2020));
#2009 = ORIENTED_EDGE('',*,*,#2010,.T.);
#2010 = EDGE_CURVE('',#2011,#1521,#2013,.T.);
#2011 = VERTEX_POINT('',#2012);
#2012 = CARTESIAN_POINT('',(0.2,89.,94.807124265955));
#2013 = CIRCLE('',#2014,0.6);
#2014 = AXIS2_PLACEMENT_3D('',#2015,#2016,#2017);
#2015 = CARTESIAN_POINT('',(0.2,89.48,94.447124265955));
#2016 = DIRECTION('',(-0.,0.6,0.8));
#2017 = DIRECTION('',(0.,-0.8,0.6));
#2018 = ORIENTED_EDGE('',*,*,#1520,.F.);
#2019 = ORIENTED_EDGE('',*,*,#1985,.F.);
#2020 = ORIENTED_EDGE('',*,*,#2021,.T.);
#2021 = EDGE_CURVE('',#1986,#2011,#2022,.T.);
#2022 = CIRCLE('',#2023,20.);
#2023 = AXIS2_PLACEMENT_3D('',#2024,#2025,#2026);
#2024 = CARTESIAN_POINT('',(0.2,105.,82.807124265955));
#2025 = DIRECTION('',(1.,-0.,0.));
#2026 = DIRECTION('',(0.,0.,-1.));
#2027 = TOROIDAL_SURFACE('',#2028,19.4,0.6);
#2028 = AXIS2_PLACEMENT_3D('',#2029,#2030,#2031);
#2029 = CARTESIAN_POINT('',(0.2,105.,82.807124265955));
#2030 = DIRECTION('',(1.,0.,0.));
#2031 = DIRECTION('',(0.,0.,-1.));
#2032 = ADVANCED_FACE('',(#2033),#2050,.T.);
#2033 = FACE_BOUND('',#2034,.T.);
#2034 = EDGE_LOOP('',(#2035,#2042,#2043,#2044));
#2035 = ORIENTED_EDGE('',*,*,#2036,.T.);
#2036 = EDGE_CURVE('',#1699,#1530,#2037,.T.);
#2037 = CIRCLE('',#2038,0.6);
#2038 = AXIS2_PLACEMENT_3D('',#2039,#2040,#2041);
#2039 = CARTESIAN_POINT('',(0.2,68.48,66.447124265955));
#2040 = DIRECTION('',(-0.,0.6,0.8));
#2041 = DIRECTION('',(0.,-0.8,0.6));
#2042 = ORIENTED_EDGE('',*,*,#1529,.F.);
#2043 = ORIENTED_EDGE('',*,*,#2010,.F.);
#2044 = ORIENTED_EDGE('',*,*,#2045,.T.);
#2045 = EDGE_CURVE('',#2011,#1699,#2046,.T.);
#2046 = LINE('',#2047,#2048);
#2047 = CARTESIAN_POINT('',(0.2,89.,94.807124265955));
#2048 = VECTOR('',#2049,1.);
#2049 = DIRECTION('',(0.,-0.6,-0.8));
#2050 = CYLINDRICAL_SURFACE('',#2051,0.6);
#2051 = AXIS2_PLACEMENT_3D('',#2052,#2053,#2054);
#2052 = CARTESIAN_POINT('',(0.2,55.22,48.767124265955));
#2053 = DIRECTION('',(0.,0.6,0.8));
#2054 = DIRECTION('',(0.,-0.8,0.6));
#2055 = ADVANCED_FACE('',(#2056),#2062,.T.);
#2056 = FACE_BOUND('',#2057,.T.);
#2057 = EDGE_LOOP('',(#2058,#2059,#2060,#2061));
#2058 = ORIENTED_EDGE('',*,*,#1664,.T.);
#2059 = ORIENTED_EDGE('',*,*,#1537,.T.);
#2060 = ORIENTED_EDGE('',*,*,#2036,.F.);
#2061 = ORIENTED_EDGE('',*,*,#1698,.F.);
#2062 = TOROIDAL_SURFACE('',#2063,60.6,0.6);
#2063 = AXIS2_PLACEMENT_3D('',#2064,#2065,#2066);
#2064 = CARTESIAN_POINT('',(0.2,20.,102.80712426595));
#2065 = DIRECTION('',(1.,0.,0.));
#2066 = DIRECTION('',(0.,0.,-1.));
#2067 = ADVANCED_FACE('',(#2068),#2073,.F.);
#2068 = FACE_BOUND('',#2069,.T.);
#2069 = EDGE_LOOP('',(#2070,#2071,#2072));
#2070 = ORIENTED_EDGE('',*,*,#1925,.T.);
#2071 = ORIENTED_EDGE('',*,*,#1571,.F.);
#2072 = ORIENTED_EDGE('',*,*,#1612,.F.);
#2073 = PLANE('',#2074);
#2074 = AXIS2_PLACEMENT_3D('',#2075,#2076,#2077);
#2075 = CARTESIAN_POINT('',(0.4,133.53874625395,39.807124265955));
#2076 = DIRECTION('',(0.,-1.,0.));
#2077 = DIRECTION('',(0.,0.,-1.));
#2078 = ADVANCED_FACE('',(#2079),#2097,.T.);
#2079 = FACE_BOUND('',#2080,.T.);
#2080 = EDGE_LOOP('',(#2081,#2082,#2089,#2096));
#2081 = ORIENTED_EDGE('',*,*,#1646,.F.);
#2082 = ORIENTED_EDGE('',*,*,#2083,.F.);
#2083 = EDGE_CURVE('',#2084,#1640,#2086,.T.);
#2084 = VERTEX_POINT('',#2085);
#2085 = CARTESIAN_POINT('',(5.25,0.,19.807124265955));
#2086 = B_SPLINE_CURVE_WITH_KNOTS('',1,(#2087,#2088),.UNSPECIFIED.,.F.,
  .F.,(2,2),(18.094951683209,24.094951683209),.PIECEWISE_BEZIER_KNOTS.);
#2087 = CARTESIAN_POINT('',(5.25,-1.29E-15,19.807124265955));
#2088 = CARTESIAN_POINT('',(5.25,-1.29E-15,25.807124265955));
#2089 = ORIENTED_EDGE('',*,*,#2090,.T.);
#2090 = EDGE_CURVE('',#2084,#2084,#2091,.T.);
#2091 = CIRCLE('',#2092,5.25);
#2092 = AXIS2_PLACEMENT_3D('',#2093,#2094,#2095);
#2093 = CARTESIAN_POINT('',(0.,0.,19.807124265955));
#2094 = DIRECTION('',(0.,0.,1.));
#2095 = DIRECTION('',(1.,0.,0.));
#2096 = ORIENTED_EDGE('',*,*,#2083,.T.);
#2097 = CYLINDRICAL_SURFACE('',#2098,5.25);
#2098 = AXIS2_PLACEMENT_3D('',#2099,#2100,#2101);
#2099 = CARTESIAN_POINT('',(0.,0.,1.712172582746));
#2100 = DIRECTION('',(0.,0.,1.));
#2101 = DIRECTION('',(1.,0.,0.));
#2102 = ADVANCED_FACE('',(#2103),#2114,.F.);
#2103 = FACE_BOUND('',#2104,.T.);
#2104 = EDGE_LOOP('',(#2105,#2111,#2112,#2113));
#2105 = ORIENTED_EDGE('',*,*,#2106,.T.);
#2106 = EDGE_CURVE('',#2011,#1805,#2107,.T.);
#2107 = LINE('',#2108,#2109);
#2108 = CARTESIAN_POINT('',(0.8,89.,94.807124265955));
#2109 = VECTOR('',#2110,1.);
#2110 = DIRECTION('',(-1.,0.,0.));
#2111 = ORIENTED_EDGE('',*,*,#1804,.T.);
#2112 = ORIENTED_EDGE('',*,*,#1717,.F.);
#2113 = ORIENTED_EDGE('',*,*,#2045,.F.);
#2114 = PLANE('',#2115);
#2115 = AXIS2_PLACEMENT_3D('',#2116,#2117,#2118);
#2116 = CARTESIAN_POINT('',(0.8,78.5,80.807124265955));
#2117 = DIRECTION('',(0.,0.8,-0.6));
#2118 = DIRECTION('',(0.,0.6,0.8));
#2119 = ADVANCED_FACE('',(#2120),#2131,.F.);
#2120 = FACE_BOUND('',#2121,.T.);
#2121 = EDGE_LOOP('',(#2122,#2123,#2124,#2130));
#2122 = ORIENTED_EDGE('',*,*,#1899,.T.);
#2123 = ORIENTED_EDGE('',*,*,#1759,.T.);
#2124 = ORIENTED_EDGE('',*,*,#2125,.F.);
#2125 = EDGE_CURVE('',#1936,#1751,#2126,.T.);
#2126 = LINE('',#2127,#2128);
#2127 = CARTESIAN_POINT('',(0.8,143.96527080209,96.93888337762));
#2128 = VECTOR('',#2129,1.);
#2129 = DIRECTION('',(-1.,0.,0.));
#2130 = ORIENTED_EDGE('',*,*,#1935,.F.);
#2131 = PLANE('',#2132);
#2132 = AXIS2_PLACEMENT_3D('',#2133,#2134,#2135);
#2133 = CARTESIAN_POINT('',(0.8,138.75200852802,67.373003821788));
#2134 = DIRECTION('',(0.,-0.984807753012,0.173648177667));
#2135 = DIRECTION('',(0.,-0.173648177667,-0.984807753012));
#2136 = ADVANCED_FACE('',(#2137),#2148,.T.);
#2137 = FACE_BOUND('',#2138,.T.);
#2138 = EDGE_LOOP('',(#2139,#2145,#2146,#2147));
#2139 = ORIENTED_EDGE('',*,*,#2140,.T.);
#2140 = EDGE_CURVE('',#1986,#1830,#2141,.T.);
#2141 = LINE('',#2142,#2143);
#2142 = CARTESIAN_POINT('',(0.8,105.,102.80712426595));
#2143 = VECTOR('',#2144,1.);
#2144 = DIRECTION('',(-1.,0.,0.));
#2145 = ORIENTED_EDGE('',*,*,#1829,.T.);
#2146 = ORIENTED_EDGE('',*,*,#2106,.F.);
#2147 = ORIENTED_EDGE('',*,*,#2021,.F.);
#2148 = CYLINDRICAL_SURFACE('',#2149,20.);
#2149 = AXIS2_PLACEMENT_3D('',#2150,#2151,#2152);
#2150 = CARTESIAN_POINT('',(0.8,105.,82.807124265955));
#2151 = DIRECTION('',(-1.,0.,0.));
#2152 = DIRECTION('',(0.,0.,1.));
#2153 = ADVANCED_FACE('',(#2154),#2165,.F.);
#2154 = FACE_BOUND('',#2155,.T.);
#2155 = EDGE_LOOP('',(#2156,#2162,#2163,#2164));
#2156 = ORIENTED_EDGE('',*,*,#2157,.T.);
#2157 = EDGE_CURVE('',#1960,#1856,#2158,.T.);
#2158 = LINE('',#2159,#2160);
#2159 = CARTESIAN_POINT('',(0.8,139.04123203702,102.80712426595));
#2160 = VECTOR('',#2161,1.);
#2161 = DIRECTION('',(-1.,0.,0.));
#2162 = ORIENTED_EDGE('',*,*,#1855,.T.);
#2163 = ORIENTED_EDGE('',*,*,#2140,.F.);
#2164 = ORIENTED_EDGE('',*,*,#1996,.F.);
#2165 = PLANE('',#2166);
#2166 = AXIS2_PLACEMENT_3D('',#2167,#2168,#2169);
#2167 = CARTESIAN_POINT('',(0.8,122.02061601851,102.80712426595));
#2168 = DIRECTION('',(0.,0.,-1.));
#2169 = DIRECTION('',(-1.,0.,0.));
#2170 = ADVANCED_FACE('',(#2171),#2177,.T.);
#2171 = FACE_BOUND('',#2172,.T.);
#2172 = EDGE_LOOP('',(#2173,#2174,#2175,#2176));
#2173 = ORIENTED_EDGE('',*,*,#2125,.T.);
#2174 = ORIENTED_EDGE('',*,*,#1880,.T.);
#2175 = ORIENTED_EDGE('',*,*,#2157,.F.);
#2176 = ORIENTED_EDGE('',*,*,#1970,.F.);
#2177 = CYLINDRICAL_SURFACE('',#2178,5.);
#2178 = AXIS2_PLACEMENT_3D('',#2179,#2180,#2181);
#2179 = CARTESIAN_POINT('',(0.8,139.04123203702,97.807124265955));
#2180 = DIRECTION('',(-1.,0.,0.));
#2181 = DIRECTION('',(0.,0.,1.));
#2182 = ADVANCED_FACE('',(#2183,#2186),#2189,.F.);
#2183 = FACE_BOUND('',#2184,.T.);
#2184 = EDGE_LOOP('',(#2185));
#2185 = ORIENTED_EDGE('',*,*,#2090,.F.);
#2186 = FACE_BOUND('',#2187,.T.);
#2187 = EDGE_LOOP('',(#2188));
#2188 = ORIENTED_EDGE('',*,*,#55,.T.);
#2189 = PLANE('',#2190);
#2190 = AXIS2_PLACEMENT_3D('',#2191,#2192,#2193);
#2191 = CARTESIAN_POINT('',(3.875,0.,19.807124265955));
#2192 = DIRECTION('',(0.,0.,1.));
#2193 = DIRECTION('',(1.,0.,0.));
#2194 = ( GEOMETRIC_REPRESENTATION_CONTEXT(3) 
GLOBAL_UNCERTAINTY_ASSIGNED_CONTEXT((#2198)) 
GLOBAL_UNIT_ASSIGNED_CONTEXT((#2195,#2196,#2197)) REPRESENTATION_CONTEXT
('Context #1','3D Context with UNIT and UNCERTAINTY') );
#2195 = ( LENGTH_UNIT() NAMED_UNIT(*) SI_UNIT(.MILLI.,.METRE.) );
#2196 = ( NAMED_UNIT(*) PLANE_ANGLE_UNIT() SI_UNIT($,.RADIAN.) );
#2197 = ( NAMED_UNIT(*) SI_UNIT($,.STERADIAN.) SOLID_ANGLE_UNIT() );
#2198 = UNCERTAINTY_MEASURE_WITH_UNIT(LENGTH_MEASURE(2.E-03),#2195,
  'distance_accuracy_value','confusion accuracy');
#2199 = PRODUCT_RELATED_PRODUCT_CATEGORY('part',$,(#7));
#2200 = MECHANICAL_DESIGN_GEOMETRIC_PRESENTATION_REPRESENTATION('',(
    #2201),#2194);
#2201 = STYLED_ITEM('color',(#2202),#15);
#2202 = PRESENTATION_STYLE_ASSIGNMENT((#2203,#2211));
#2203 = SURFACE_STYLE_USAGE(.BOTH.,#2204);
#2204 = SURFACE_SIDE_STYLE('',(#2205,#2209));
#2205 = SURFACE_STYLE_FILL_AREA(#2206);
#2206 = FILL_AREA_STYLE('',(#2207));
#2207 = FILL_AREA_STYLE_COLOUR('',#2208);
#2208 = COLOUR_RGB('',0.678431390124,0.709803936702,0.741176476869);
#2209 = SURFACE_STYLE_RENDERING_WITH_PROPERTIES(.NORMAL_SHADING.,#2208,(
    #2210));
#2210 = SURFACE_STYLE_TRANSPARENT(0.699999988079);
#2211 = CURVE_STYLE('',#2212,POSITIVE_LENGTH_MEASURE(0.1),#2213);
#2212 = DRAUGHTING_PRE_DEFINED_CURVE_FONT('continuous');
#2213 = COLOUR_RGB('',9.803921802644E-02,9.803921802644E-02,
  9.803921802644E-02);
ENDSEC;
END-ISO-10303-21;
