ISO-10303-21;
HEADER;
FILE_DESCRIPTION(('FreeCAD Model'),'2;1');
FILE_NAME('Open CASCADE Shape Model','2026-04-04T15:44:19',(''),(''),
  'Open CASCADE STEP processor 7.8','FreeCAD','Unknown');
FILE_SCHEMA(('AUTOMOTIVE_DESIGN { 1 0 10303 214 1 1 1 1 }'));
ENDSEC;
DATA;
#1 = APPLICATION_PROTOCOL_DEFINITION('international standard',
  'automotive_design',2000,#2);
#2 = APPLICATION_CONTEXT(
  'core data for automotive mechanical design processes');
#3 = SHAPE_DEFINITION_REPRESENTATION(#4,#10);
#4 = PRODUCT_DEFINITION_SHAPE('','',#5);
#5 = PRODUCT_DEFINITION('design','',#6,#9);
#6 = PRODUCT_DEFINITION_FORMATION('','',#7);
#7 = PRODUCT('Part','Part','',(#8));
#8 = PRODUCT_CONTEXT('',#2,'mechanical');
#9 = PRODUCT_DEFINITION_CONTEXT('part definition',#2,'design');
#10 = SHAPE_REPRESENTATION('',(#11,#15),#19);
#11 = AXIS2_PLACEMENT_3D('',#12,#13,#14);
#12 = CARTESIAN_POINT('',(0.,0.,0.));
#13 = DIRECTION('',(0.,0.,1.));
#14 = DIRECTION('',(1.,0.,-0.));
#15 = AXIS2_PLACEMENT_3D('',#16,#17,#18);
#16 = CARTESIAN_POINT('',(0.,0.,0.));
#17 = DIRECTION('',(0.,0.,1.));
#18 = DIRECTION('',(1.,0.,0.));
#19 = ( GEOMETRIC_REPRESENTATION_CONTEXT(3) 
GLOBAL_UNCERTAINTY_ASSIGNED_CONTEXT((#23)) GLOBAL_UNIT_ASSIGNED_CONTEXT(
(#20,#21,#22)) REPRESENTATION_CONTEXT('Context #1',
  '3D Context with UNIT and UNCERTAINTY') );
#20 = ( LENGTH_UNIT() NAMED_UNIT(*) SI_UNIT(.MILLI.,.METRE.) );
#21 = ( NAMED_UNIT(*) PLANE_ANGLE_UNIT() SI_UNIT($,.RADIAN.) );
#22 = ( NAMED_UNIT(*) SI_UNIT($,.STERADIAN.) SOLID_ANGLE_UNIT() );
#23 = UNCERTAINTY_MEASURE_WITH_UNIT(LENGTH_MEASURE(5.E-04),#20,
  'distance_accuracy_value','confusion accuracy');
#24 = PRODUCT_RELATED_PRODUCT_CATEGORY('part',$,(#7));
#25 = SHAPE_DEFINITION_REPRESENTATION(#26,#32);
#26 = PRODUCT_DEFINITION_SHAPE('','',#27);
#27 = PRODUCT_DEFINITION('design','',#28,#31);
#28 = PRODUCT_DEFINITION_FORMATION('','',#29);
#29 = PRODUCT('Cut002','Cut002','',(#30));
#30 = PRODUCT_CONTEXT('',#2,'mechanical');
#31 = PRODUCT_DEFINITION_CONTEXT('part definition',#2,'design');
#32 = ADVANCED_BREP_SHAPE_REPRESENTATION('',(#11,#33),#2957);
#33 = MANIFOLD_SOLID_BREP('',#34);
#34 = CLOSED_SHELL('',(#35,#95,#126,#262,#286,#550,#567,#589,#606,#618,
    #635,#652,#669,#710,#722,#1046,#1323,#1531,#1549,#1592,#1624,#1656,
    #1683,#1710,#1744,#1769,#1796,#1823,#1855,#1887,#1907,#1927,#1951,
    #1976,#2000,#2024,#2048,#2086,#2115,#2127,#2387,#2404,#2424,#2441,
    #2458,#2475,#2495,#2519,#2629,#2646,#2679,#2699,#2719,#2757,#2782,
    #2806,#2830,#2855,#2875,#2887,#2920,#2944));
#35 = ADVANCED_FACE('',(#36),#90,.F.);
#36 = FACE_BOUND('',#37,.F.);
#37 = EDGE_LOOP('',(#38,#48,#57,#66,#75,#83));
#38 = ORIENTED_EDGE('',*,*,#39,.F.);
#39 = EDGE_CURVE('',#40,#42,#44,.T.);
#40 = VERTEX_POINT('',#41);
#41 = CARTESIAN_POINT('',(-13.32666499916,-20.2,1.E-15));
#42 = VERTEX_POINT('',#43);
#43 = CARTESIAN_POINT('',(-13.32666499916,-20.2,4.4));
#44 = LINE('',#45,#46);
#45 = CARTESIAN_POINT('',(-13.32666499916,-20.2,4.4));
#46 = VECTOR('',#47,1.);
#47 = DIRECTION('',(0.,0.,1.));
#48 = ORIENTED_EDGE('',*,*,#49,.F.);
#49 = EDGE_CURVE('',#50,#40,#52,.T.);
#50 = VERTEX_POINT('',#51);
#51 = CARTESIAN_POINT('',(-10.51826865447,-21.79463292905,0.));
#52 = CIRCLE('',#53,24.2);
#53 = AXIS2_PLACEMENT_3D('',#54,#55,#56);
#54 = CARTESIAN_POINT('',(0.,0.,8.7E-16));
#55 = DIRECTION('',(0.,0.,-1.));
#56 = DIRECTION('',(-1.,0.,0.));
#57 = ORIENTED_EDGE('',*,*,#58,.T.);
#58 = EDGE_CURVE('',#50,#59,#61,.T.);
#59 = VERTEX_POINT('',#60);
#60 = CARTESIAN_POINT('',(10.518268654476,-21.79463292905,0.));
#61 = CIRCLE('',#62,24.2);
#62 = AXIS2_PLACEMENT_3D('',#63,#64,#65);
#63 = CARTESIAN_POINT('',(0.,0.,0.));
#64 = DIRECTION('',(0.,0.,1.));
#65 = DIRECTION('',(1.,0.,0.));
#66 = ORIENTED_EDGE('',*,*,#67,.T.);
#67 = EDGE_CURVE('',#59,#68,#70,.T.);
#68 = VERTEX_POINT('',#69);
#69 = CARTESIAN_POINT('',(13.326664999166,-20.2,1.E-15));
#70 = CIRCLE('',#71,24.2);
#71 = AXIS2_PLACEMENT_3D('',#72,#73,#74);
#72 = CARTESIAN_POINT('',(0.,0.,8.7E-16));
#73 = DIRECTION('',(0.,0.,1.));
#74 = DIRECTION('',(1.,0.,0.));
#75 = ORIENTED_EDGE('',*,*,#76,.T.);
#76 = EDGE_CURVE('',#68,#77,#79,.T.);
#77 = VERTEX_POINT('',#78);
#78 = CARTESIAN_POINT('',(13.326664999166,-20.2,4.4));
#79 = LINE('',#80,#81);
#80 = CARTESIAN_POINT('',(13.326664999166,-20.2,1.712172582746));
#81 = VECTOR('',#82,1.);
#82 = DIRECTION('',(0.,0.,1.));
#83 = ORIENTED_EDGE('',*,*,#84,.F.);
#84 = EDGE_CURVE('',#42,#77,#85,.T.);
#85 = CIRCLE('',#86,24.2);
#86 = AXIS2_PLACEMENT_3D('',#87,#88,#89);
#87 = CARTESIAN_POINT('',(0.,0.,4.4));
#88 = DIRECTION('',(0.,0.,1.));
#89 = DIRECTION('',(1.,0.,0.));
#90 = CYLINDRICAL_SURFACE('',#91,24.2);
#91 = AXIS2_PLACEMENT_3D('',#92,#93,#94);
#92 = CARTESIAN_POINT('',(0.,0.,1.712172582746));
#93 = DIRECTION('',(0.,0.,1.));
#94 = DIRECTION('',(1.,0.,0.));
#95 = ADVANCED_FACE('',(#96),#121,.T.);
#96 = FACE_BOUND('',#97,.T.);
#97 = EDGE_LOOP('',(#98,#108,#114,#115));
#98 = ORIENTED_EDGE('',*,*,#99,.F.);
#99 = EDGE_CURVE('',#100,#102,#104,.T.);
#100 = VERTEX_POINT('',#101);
#101 = CARTESIAN_POINT('',(-20.08284271247,-20.2,4.4));
#102 = VERTEX_POINT('',#103);
#103 = CARTESIAN_POINT('',(-20.08284271247,-20.2,0.));
#104 = LINE('',#105,#106);
#105 = CARTESIAN_POINT('',(-20.08284271247,-20.2,298.67640311723));
#106 = VECTOR('',#107,1.);
#107 = DIRECTION('',(0.,0.,-1.));
#108 = ORIENTED_EDGE('',*,*,#109,.T.);
#109 = EDGE_CURVE('',#100,#42,#110,.T.);
#110 = LINE('',#111,#112);
#111 = CARTESIAN_POINT('',(-4.055215750698,-20.2,4.4));
#112 = VECTOR('',#113,1.);
#113 = DIRECTION('',(1.,1.1E-16,0.));
#114 = ORIENTED_EDGE('',*,*,#39,.F.);
#115 = ORIENTED_EDGE('',*,*,#116,.F.);
#116 = EDGE_CURVE('',#102,#40,#117,.T.);
#117 = LINE('',#118,#119);
#118 = CARTESIAN_POINT('',(-4.055215750698,-20.2,0.));
#119 = VECTOR('',#120,1.);
#120 = DIRECTION('',(1.,1.1E-16,0.));
#121 = PLANE('',#122);
#122 = AXIS2_PLACEMENT_3D('',#123,#124,#125);
#123 = CARTESIAN_POINT('',(-4.055215750698,-20.2,298.67640311723));
#124 = DIRECTION('',(-1.1E-16,1.,0.));
#125 = DIRECTION('',(-1.,-1.1E-16,0.));
#126 = ADVANCED_FACE('',(#127,#210),#257,.T.);
#127 = FACE_BOUND('',#128,.T.);
#128 = EDGE_LOOP('',(#129,#139,#147,#155,#161,#162,#163,#171,#179,#187,
    #195,#204));
#129 = ORIENTED_EDGE('',*,*,#130,.F.);
#130 = EDGE_CURVE('',#131,#133,#135,.T.);
#131 = VERTEX_POINT('',#132);
#132 = CARTESIAN_POINT('',(30.2,10.082842712475,4.4));
#133 = VERTEX_POINT('',#134);
#134 = CARTESIAN_POINT('',(20.082842712475,20.2,4.4));
#135 = LINE('',#136,#137);
#136 = CARTESIAN_POINT('',(25.141421356237,15.141421356237,4.4));
#137 = VECTOR('',#138,1.);
#138 = DIRECTION('',(-0.707106781187,0.707106781187,0.));
#139 = ORIENTED_EDGE('',*,*,#140,.F.);
#140 = EDGE_CURVE('',#141,#131,#143,.T.);
#141 = VERTEX_POINT('',#142);
#142 = CARTESIAN_POINT('',(30.2,-10.08284271247,4.4));
#143 = LINE('',#144,#145);
#144 = CARTESIAN_POINT('',(30.2,0.,4.4));
#145 = VECTOR('',#146,1.);
#146 = DIRECTION('',(0.,1.,0.));
#147 = ORIENTED_EDGE('',*,*,#148,.F.);
#148 = EDGE_CURVE('',#149,#141,#151,.T.);
#149 = VERTEX_POINT('',#150);
#150 = CARTESIAN_POINT('',(20.082842712475,-20.2,4.4));
#151 = LINE('',#152,#153);
#152 = CARTESIAN_POINT('',(25.141421356237,-15.14142135623,4.4));
#153 = VECTOR('',#154,1.);
#154 = DIRECTION('',(0.707106781187,0.707106781187,0.));
#155 = ORIENTED_EDGE('',*,*,#156,.F.);
#156 = EDGE_CURVE('',#77,#149,#157,.T.);
#157 = LINE('',#158,#159);
#158 = CARTESIAN_POINT('',(15.944784249302,-20.2,4.4));
#159 = VECTOR('',#160,1.);
#160 = DIRECTION('',(1.,4.3E-16,0.));
#161 = ORIENTED_EDGE('',*,*,#84,.F.);
#162 = ORIENTED_EDGE('',*,*,#109,.F.);
#163 = ORIENTED_EDGE('',*,*,#164,.F.);
#164 = EDGE_CURVE('',#165,#100,#167,.T.);
#165 = VERTEX_POINT('',#166);
#166 = CARTESIAN_POINT('',(-30.,-10.28284271247,4.4));
#167 = LINE('',#168,#169);
#168 = CARTESIAN_POINT('',(-25.14142135623,-15.14142135623,4.4));
#169 = VECTOR('',#170,1.);
#170 = DIRECTION('',(0.707106781187,-0.707106781187,0.));
#171 = ORIENTED_EDGE('',*,*,#172,.F.);
#172 = EDGE_CURVE('',#173,#165,#175,.T.);
#173 = VERTEX_POINT('',#174);
#174 = CARTESIAN_POINT('',(-30.,10.282842712475,4.4));
#175 = LINE('',#176,#177);
#176 = CARTESIAN_POINT('',(-30.,0.,4.4));
#177 = VECTOR('',#178,1.);
#178 = DIRECTION('',(0.,-1.,0.));
#179 = ORIENTED_EDGE('',*,*,#180,.F.);
#180 = EDGE_CURVE('',#181,#173,#183,.T.);
#181 = VERTEX_POINT('',#182);
#182 = CARTESIAN_POINT('',(-20.08284271247,20.2,4.4));
#183 = LINE('',#184,#185);
#184 = CARTESIAN_POINT('',(-25.14142135623,15.141421356237,4.4));
#185 = VECTOR('',#186,1.);
#186 = DIRECTION('',(-0.707106781187,-0.707106781187,0.));
#187 = ORIENTED_EDGE('',*,*,#188,.F.);
#188 = EDGE_CURVE('',#189,#181,#191,.T.);
#189 = VERTEX_POINT('',#190);
#190 = CARTESIAN_POINT('',(-13.32666499916,20.2,4.4));
#191 = LINE('',#192,#193);
#192 = CARTESIAN_POINT('',(-3.E-17,20.2,4.4));
#193 = VECTOR('',#194,1.);
#194 = DIRECTION('',(-1.,-1.7E-16,0.));
#195 = ORIENTED_EDGE('',*,*,#196,.F.);
#196 = EDGE_CURVE('',#197,#189,#199,.T.);
#197 = VERTEX_POINT('',#198);
#198 = CARTESIAN_POINT('',(13.326664999166,20.2,4.4));
#199 = CIRCLE('',#200,24.2);
#200 = AXIS2_PLACEMENT_3D('',#201,#202,#203);
#201 = CARTESIAN_POINT('',(0.,0.,4.4));
#202 = DIRECTION('',(0.,0.,1.));
#203 = DIRECTION('',(1.,0.,0.));
#204 = ORIENTED_EDGE('',*,*,#205,.F.);
#205 = EDGE_CURVE('',#133,#197,#206,.T.);
#206 = LINE('',#207,#208);
#207 = CARTESIAN_POINT('',(-3.E-17,20.2,4.4));
#208 = VECTOR('',#209,1.);
#209 = DIRECTION('',(-1.,-1.7E-16,0.));
#210 = FACE_BOUND('',#211,.T.);
#211 = EDGE_LOOP('',(#212,#223,#241,#250));
#212 = ORIENTED_EDGE('',*,*,#213,.T.);
#213 = EDGE_CURVE('',#214,#216,#218,.T.);
#214 = VERTEX_POINT('',#215);
#215 = CARTESIAN_POINT('',(7.988218106533,-32.94538467649,4.4));
#216 = VERTEX_POINT('',#217);
#217 = CARTESIAN_POINT('',(23.41778240199,-24.21767183261,4.4));
#218 = B_SPLINE_CURVE_WITH_KNOTS('',3,(#219,#220,#221,#222),
  .UNSPECIFIED.,.F.,.F.,(4,4),(3.E-17,1.800220227658E-02),
  .PIECEWISE_BEZIER_KNOTS.);
#219 = CARTESIAN_POINT('',(7.988218106533,-32.94538467649,4.4));
#220 = CARTESIAN_POINT('',(13.80473944266,-31.45838208626,4.4));
#221 = CARTESIAN_POINT('',(19.153663060561,-28.4441525773,4.4));
#222 = CARTESIAN_POINT('',(23.41778240199,-24.21767183261,4.4));
#223 = ORIENTED_EDGE('',*,*,#224,.T.);
#224 = EDGE_CURVE('',#216,#225,#227,.T.);
#225 = VERTEX_POINT('',#226);
#226 = CARTESIAN_POINT('',(24.636763348567,22.976467381344,4.4));
#227 = B_SPLINE_CURVE_WITH_KNOTS('',3,(#228,#229,#230,#231,#232,#233,
    #234,#235,#236,#237,#238,#239,#240),.UNSPECIFIED.,.F.,.F.,(4,1,1,1,1
    ,1,1,1,1,1,4),(2.E-17,6.576716368579E-03,1.315343273716E-02,
    1.973014910574E-02,2.630686547432E-02,3.288358184289E-02,
    3.617194002718E-02,3.946029821147E-02,4.274865639576E-02,
    4.603701458005E-02,5.261373094863E-02),.UNSPECIFIED.);
#228 = CARTESIAN_POINT('',(23.41778240199,-24.21767183261,4.4));
#229 = CARTESIAN_POINT('',(24.982146561352,-22.68178593896,4.4));
#230 = CARTESIAN_POINT('',(27.80133961318,-19.32880112935,4.4));
#231 = CARTESIAN_POINT('',(30.996304021546,-13.55706448975,4.4));
#232 = CARTESIAN_POINT('',(33.003612370041,-7.38903466825,4.4));
#233 = CARTESIAN_POINT('',(33.806424690871,-0.834856418485,4.4));
#234 = CARTESIAN_POINT('',(33.424097071925,4.550402831006,4.4));
#235 = CARTESIAN_POINT('',(32.48688490764,8.842892443167,4.4));
#236 = CARTESIAN_POINT('',(31.490398712239,11.930470395878,4.4));
#237 = CARTESIAN_POINT('',(30.207935916774,14.908131345912,4.4));
#238 = CARTESIAN_POINT('',(28.096944516983,18.745623379902,4.4));
#239 = CARTESIAN_POINT('',(26.11955089475,21.361760662838,4.4));
#240 = CARTESIAN_POINT('',(24.636763348567,22.976467381343,4.4));
#241 = ORIENTED_EDGE('',*,*,#242,.T.);
#242 = EDGE_CURVE('',#225,#243,#245,.T.);
#243 = VERTEX_POINT('',#244);
#244 = CARTESIAN_POINT('',(9.68321810654,32.487617442669,4.4));
#245 = B_SPLINE_CURVE_WITH_KNOTS('',3,(#246,#247,#248,#249),
  .UNSPECIFIED.,.F.,.F.,(4,4),(1.E-17,1.799818071249E-02),
  .PIECEWISE_BEZIER_KNOTS.);
#246 = CARTESIAN_POINT('',(24.636763348567,22.976467381343,4.4));
#247 = CARTESIAN_POINT('',(20.598262869512,27.417002878844,4.4));
#248 = CARTESIAN_POINT('',(15.413900730244,30.702876068661,4.4));
#249 = CARTESIAN_POINT('',(9.68321810654,32.487617442669,4.4));
#250 = ORIENTED_EDGE('',*,*,#251,.T.);
#251 = EDGE_CURVE('',#243,#214,#252,.T.);
#252 = CIRCLE('',#253,33.9);
#253 = AXIS2_PLACEMENT_3D('',#254,#255,#256);
#254 = CARTESIAN_POINT('',(0.,0.,4.4));
#255 = DIRECTION('',(0.,0.,1.));
#256 = DIRECTION('',(1.,0.,0.));
#257 = PLANE('',#258);
#258 = AXIS2_PLACEMENT_3D('',#259,#260,#261);
#259 = CARTESIAN_POINT('',(31.95,0.,4.4));
#260 = DIRECTION('',(0.,0.,1.));
#261 = DIRECTION('',(1.,0.,0.));
#262 = ADVANCED_FACE('',(#263),#281,.T.);
#263 = FACE_BOUND('',#264,.T.);
#264 = EDGE_LOOP('',(#265,#266,#267,#275));
#265 = ORIENTED_EDGE('',*,*,#76,.T.);
#266 = ORIENTED_EDGE('',*,*,#156,.T.);
#267 = ORIENTED_EDGE('',*,*,#268,.T.);
#268 = EDGE_CURVE('',#149,#269,#271,.T.);
#269 = VERTEX_POINT('',#270);
#270 = CARTESIAN_POINT('',(20.082842712475,-20.2,0.));
#271 = LINE('',#272,#273);
#272 = CARTESIAN_POINT('',(20.082842712475,-20.2,298.67640311723));
#273 = VECTOR('',#274,1.);
#274 = DIRECTION('',(0.,0.,-1.));
#275 = ORIENTED_EDGE('',*,*,#276,.F.);
#276 = EDGE_CURVE('',#68,#269,#277,.T.);
#277 = LINE('',#278,#279);
#278 = CARTESIAN_POINT('',(15.944784249302,-20.2,0.));
#279 = VECTOR('',#280,1.);
#280 = DIRECTION('',(1.,4.3E-16,0.));
#281 = PLANE('',#282);
#282 = AXIS2_PLACEMENT_3D('',#283,#284,#285);
#283 = CARTESIAN_POINT('',(15.944784249302,-20.2,298.67640311723));
#284 = DIRECTION('',(-4.3E-16,1.,0.));
#285 = DIRECTION('',(-1.,-4.3E-16,0.));
#286 = ADVANCED_FACE('',(#287,#490,#501,#512,#523,#534),#545,.T.);
#287 = FACE_BOUND('',#288,.T.);
#288 = EDGE_LOOP('',(#289,#299,#308,#317,#326,#335,#344,#353,#362,#370,
    #378,#386,#392,#393,#394,#395,#396,#397,#405,#413,#421,#429,#438,
    #447,#456,#465,#474,#483));
#289 = ORIENTED_EDGE('',*,*,#290,.T.);
#290 = EDGE_CURVE('',#291,#293,#295,.T.);
#291 = VERTEX_POINT('',#292);
#292 = CARTESIAN_POINT('',(10.930602010125,-15.5,0.));
#293 = VERTEX_POINT('',#294);
#294 = CARTESIAN_POINT('',(-10.93060201012,-15.5,0.));
#295 = LINE('',#296,#297);
#296 = CARTESIAN_POINT('',(13.,-15.5,0.));
#297 = VECTOR('',#298,1.);
#298 = DIRECTION('',(-1.,0.,0.));
#299 = ORIENTED_EDGE('',*,*,#300,.F.);
#300 = EDGE_CURVE('',#301,#293,#303,.T.);
#301 = VERTEX_POINT('',#302);
#302 = CARTESIAN_POINT('',(-17.41939057054,-12.68993213556,0.));
#303 = CIRCLE('',#304,4.1);
#304 = AXIS2_PLACEMENT_3D('',#305,#306,#307);
#305 = CARTESIAN_POINT('',(-15.,-16.,4.4E-16));
#306 = DIRECTION('',(0.,0.,-1.));
#307 = DIRECTION('',(-1.,0.,0.));
#308 = ORIENTED_EDGE('',*,*,#309,.T.);
#309 = EDGE_CURVE('',#301,#310,#312,.T.);
#310 = VERTEX_POINT('',#311);
#311 = CARTESIAN_POINT('',(-21.07142926748,-11.90104485436,1.E-15));
#312 = CIRCLE('',#313,2.5);
#313 = AXIS2_PLACEMENT_3D('',#314,#315,#316);
#314 = CARTESIAN_POINT('',(-18.89462872331,-10.67159807188,4.4E-16));
#315 = DIRECTION('',(0.,0.,-1.));
#316 = DIRECTION('',(-1.,0.,0.));
#317 = ORIENTED_EDGE('',*,*,#318,.F.);
#318 = EDGE_CURVE('',#319,#310,#321,.T.);
#319 = VERTEX_POINT('',#320);
#320 = CARTESIAN_POINT('',(-21.07142926748,11.901044854364,0.));
#321 = CIRCLE('',#322,24.2);
#322 = AXIS2_PLACEMENT_3D('',#323,#324,#325);
#323 = CARTESIAN_POINT('',(0.,0.,8.7E-16));
#324 = DIRECTION('',(0.,0.,1.));
#325 = DIRECTION('',(1.,0.,0.));
#326 = ORIENTED_EDGE('',*,*,#327,.F.);
#327 = EDGE_CURVE('',#328,#319,#330,.T.);
#328 = VERTEX_POINT('',#329);
#329 = CARTESIAN_POINT('',(-17.41939057054,12.689932135567,0.));
#330 = CIRCLE('',#331,2.5);
#331 = AXIS2_PLACEMENT_3D('',#332,#333,#334);
#332 = CARTESIAN_POINT('',(-18.89462872331,10.671598071889,4.4E-16));
#333 = DIRECTION('',(0.,0.,1.));
#334 = DIRECTION('',(-1.,0.,0.));
#335 = ORIENTED_EDGE('',*,*,#336,.T.);
#336 = EDGE_CURVE('',#328,#337,#339,.T.);
#337 = VERTEX_POINT('',#338);
#338 = CARTESIAN_POINT('',(-11.54088631473,18.201029875395,0.));
#339 = CIRCLE('',#340,4.1);
#340 = AXIS2_PLACEMENT_3D('',#341,#342,#343);
#341 = CARTESIAN_POINT('',(-15.,16.,4.4E-16));
#342 = DIRECTION('',(0.,0.,1.));
#343 = DIRECTION('',(-1.,0.,0.));
#344 = ORIENTED_EDGE('',*,*,#345,.T.);
#345 = EDGE_CURVE('',#337,#346,#348,.T.);
#346 = VERTEX_POINT('',#347);
#347 = CARTESIAN_POINT('',(-10.51826865447,21.794632929055,0.));
#348 = CIRCLE('',#349,2.5);
#349 = AXIS2_PLACEMENT_3D('',#350,#351,#352);
#350 = CARTESIAN_POINT('',(-9.431670652981,19.543121262831,4.4E-16));
#351 = DIRECTION('',(0.,0.,-1.));
#352 = DIRECTION('',(-1.,0.,0.));
#353 = ORIENTED_EDGE('',*,*,#354,.T.);
#354 = EDGE_CURVE('',#346,#355,#357,.T.);
#355 = VERTEX_POINT('',#356);
#356 = CARTESIAN_POINT('',(-13.32666499916,20.2,1.E-15));
#357 = CIRCLE('',#358,24.2);
#358 = AXIS2_PLACEMENT_3D('',#359,#360,#361);
#359 = CARTESIAN_POINT('',(0.,0.,8.7E-16));
#360 = DIRECTION('',(0.,0.,1.));
#361 = DIRECTION('',(-1.,0.,0.));
#362 = ORIENTED_EDGE('',*,*,#363,.T.);
#363 = EDGE_CURVE('',#355,#364,#366,.T.);
#364 = VERTEX_POINT('',#365);
#365 = CARTESIAN_POINT('',(-20.08284271247,20.2,0.));
#366 = LINE('',#367,#368);
#367 = CARTESIAN_POINT('',(-3.E-17,20.2,0.));
#368 = VECTOR('',#369,1.);
#369 = DIRECTION('',(-1.,-1.7E-16,0.));
#370 = ORIENTED_EDGE('',*,*,#371,.T.);
#371 = EDGE_CURVE('',#364,#372,#374,.T.);
#372 = VERTEX_POINT('',#373);
#373 = CARTESIAN_POINT('',(-30.,10.282842712475,0.));
#374 = LINE('',#375,#376);
#375 = CARTESIAN_POINT('',(-25.14142135623,15.141421356237,0.));
#376 = VECTOR('',#377,1.);
#377 = DIRECTION('',(-0.707106781187,-0.707106781187,0.));
#378 = ORIENTED_EDGE('',*,*,#379,.T.);
#379 = EDGE_CURVE('',#372,#380,#382,.T.);
#380 = VERTEX_POINT('',#381);
#381 = CARTESIAN_POINT('',(-30.,-10.28284271247,0.));
#382 = LINE('',#383,#384);
#383 = CARTESIAN_POINT('',(-30.,0.,4.3E-16));
#384 = VECTOR('',#385,1.);
#385 = DIRECTION('',(0.,-1.,0.));
#386 = ORIENTED_EDGE('',*,*,#387,.T.);
#387 = EDGE_CURVE('',#380,#102,#388,.T.);
#388 = LINE('',#389,#390);
#389 = CARTESIAN_POINT('',(-25.14142135623,-15.14142135623,0.));
#390 = VECTOR('',#391,1.);
#391 = DIRECTION('',(0.707106781187,-0.707106781187,0.));
#392 = ORIENTED_EDGE('',*,*,#116,.T.);
#393 = ORIENTED_EDGE('',*,*,#49,.F.);
#394 = ORIENTED_EDGE('',*,*,#58,.T.);
#395 = ORIENTED_EDGE('',*,*,#67,.T.);
#396 = ORIENTED_EDGE('',*,*,#276,.T.);
#397 = ORIENTED_EDGE('',*,*,#398,.T.);
#398 = EDGE_CURVE('',#269,#399,#401,.T.);
#399 = VERTEX_POINT('',#400);
#400 = CARTESIAN_POINT('',(30.2,-10.08284271247,0.));
#401 = LINE('',#402,#403);
#402 = CARTESIAN_POINT('',(25.141421356237,-15.14142135623,0.));
#403 = VECTOR('',#404,1.);
#404 = DIRECTION('',(0.707106781187,0.707106781187,0.));
#405 = ORIENTED_EDGE('',*,*,#406,.T.);
#406 = EDGE_CURVE('',#399,#407,#409,.T.);
#407 = VERTEX_POINT('',#408);
#408 = CARTESIAN_POINT('',(30.2,10.082842712475,0.));
#409 = LINE('',#410,#411);
#410 = CARTESIAN_POINT('',(30.2,0.,0.));
#411 = VECTOR('',#412,1.);
#412 = DIRECTION('',(0.,1.,0.));
#413 = ORIENTED_EDGE('',*,*,#414,.T.);
#414 = EDGE_CURVE('',#407,#415,#417,.T.);
#415 = VERTEX_POINT('',#416);
#416 = CARTESIAN_POINT('',(20.082842712475,20.2,0.));
#417 = LINE('',#418,#419);
#418 = CARTESIAN_POINT('',(25.141421356237,15.141421356237,0.));
#419 = VECTOR('',#420,1.);
#420 = DIRECTION('',(-0.707106781187,0.707106781187,0.));
#421 = ORIENTED_EDGE('',*,*,#422,.T.);
#422 = EDGE_CURVE('',#415,#423,#425,.T.);
#423 = VERTEX_POINT('',#424);
#424 = CARTESIAN_POINT('',(13.326664999166,20.2,1.E-15));
#425 = LINE('',#426,#427);
#426 = CARTESIAN_POINT('',(-3.E-17,20.2,0.));
#427 = VECTOR('',#428,1.);
#428 = DIRECTION('',(-1.,-1.7E-16,0.));
#429 = ORIENTED_EDGE('',*,*,#430,.F.);
#430 = EDGE_CURVE('',#431,#423,#433,.T.);
#431 = VERTEX_POINT('',#432);
#432 = CARTESIAN_POINT('',(10.518268654476,21.794632929055,0.));
#433 = CIRCLE('',#434,24.2);
#434 = AXIS2_PLACEMENT_3D('',#435,#436,#437);
#435 = CARTESIAN_POINT('',(0.,0.,8.7E-16));
#436 = DIRECTION('',(0.,0.,-1.));
#437 = DIRECTION('',(1.,0.,0.));
#438 = ORIENTED_EDGE('',*,*,#439,.F.);
#439 = EDGE_CURVE('',#440,#431,#442,.T.);
#440 = VERTEX_POINT('',#441);
#441 = CARTESIAN_POINT('',(11.54088631473,18.201029875395,0.));
#442 = CIRCLE('',#443,2.5);
#443 = AXIS2_PLACEMENT_3D('',#444,#445,#446);
#444 = CARTESIAN_POINT('',(9.431670652981,19.543121262831,4.4E-16));
#445 = DIRECTION('',(0.,0.,1.));
#446 = DIRECTION('',(1.,0.,0.));
#447 = ORIENTED_EDGE('',*,*,#448,.F.);
#448 = EDGE_CURVE('',#449,#440,#451,.T.);
#449 = VERTEX_POINT('',#450);
#450 = CARTESIAN_POINT('',(17.419390570546,12.689932135567,0.));
#451 = CIRCLE('',#452,4.1);
#452 = AXIS2_PLACEMENT_3D('',#453,#454,#455);
#453 = CARTESIAN_POINT('',(15.,16.,4.4E-16));
#454 = DIRECTION('',(0.,0.,-1.));
#455 = DIRECTION('',(1.,0.,0.));
#456 = ORIENTED_EDGE('',*,*,#457,.T.);
#457 = EDGE_CURVE('',#449,#458,#460,.T.);
#458 = VERTEX_POINT('',#459);
#459 = CARTESIAN_POINT('',(21.07142926748,11.901044854364,0.));
#460 = CIRCLE('',#461,2.5);
#461 = AXIS2_PLACEMENT_3D('',#462,#463,#464);
#462 = CARTESIAN_POINT('',(18.894628723319,10.671598071889,4.4E-16));
#463 = DIRECTION('',(0.,0.,-1.));
#464 = DIRECTION('',(1.,0.,0.));
#465 = ORIENTED_EDGE('',*,*,#466,.F.);
#466 = EDGE_CURVE('',#467,#458,#469,.T.);
#467 = VERTEX_POINT('',#468);
#468 = CARTESIAN_POINT('',(21.07142926748,-11.90104485436,0.));
#469 = CIRCLE('',#470,24.2);
#470 = AXIS2_PLACEMENT_3D('',#471,#472,#473);
#471 = CARTESIAN_POINT('',(0.,0.,8.7E-16));
#472 = DIRECTION('',(0.,0.,1.));
#473 = DIRECTION('',(1.,0.,0.));
#474 = ORIENTED_EDGE('',*,*,#475,.F.);
#475 = EDGE_CURVE('',#476,#467,#478,.T.);
#476 = VERTEX_POINT('',#477);
#477 = CARTESIAN_POINT('',(17.419390570546,-12.68993213556,0.));
#478 = CIRCLE('',#479,2.5);
#479 = AXIS2_PLACEMENT_3D('',#480,#481,#482);
#480 = CARTESIAN_POINT('',(18.894628723319,-10.67159807188,4.4E-16));
#481 = DIRECTION('',(0.,0.,1.));
#482 = DIRECTION('',(1.,0.,0.));
#483 = ORIENTED_EDGE('',*,*,#484,.T.);
#484 = EDGE_CURVE('',#476,#291,#485,.T.);
#485 = CIRCLE('',#486,4.1);
#486 = AXIS2_PLACEMENT_3D('',#487,#488,#489);
#487 = CARTESIAN_POINT('',(15.,-16.,4.4E-16));
#488 = DIRECTION('',(0.,0.,1.));
#489 = DIRECTION('',(1.,0.,0.));
#490 = FACE_BOUND('',#491,.T.);
#491 = EDGE_LOOP('',(#492));
#492 = ORIENTED_EDGE('',*,*,#493,.F.);
#493 = EDGE_CURVE('',#494,#494,#496,.T.);
#494 = VERTEX_POINT('',#495);
#495 = CARTESIAN_POINT('',(-13.75,-16.,1.E-15));
#496 = CIRCLE('',#497,1.25);
#497 = AXIS2_PLACEMENT_3D('',#498,#499,#500);
#498 = CARTESIAN_POINT('',(-15.,-16.,8.7E-16));
#499 = DIRECTION('',(0.,0.,1.));
#500 = DIRECTION('',(1.,0.,0.));
#501 = FACE_BOUND('',#502,.T.);
#502 = EDGE_LOOP('',(#503));
#503 = ORIENTED_EDGE('',*,*,#504,.F.);
#504 = EDGE_CURVE('',#505,#505,#507,.T.);
#505 = VERTEX_POINT('',#506);
#506 = CARTESIAN_POINT('',(3.,-20.,0.));
#507 = CIRCLE('',#508,3.);
#508 = AXIS2_PLACEMENT_3D('',#509,#510,#511);
#509 = CARTESIAN_POINT('',(0.,-20.,0.));
#510 = DIRECTION('',(0.,0.,1.));
#511 = DIRECTION('',(1.,0.,0.));
#512 = FACE_BOUND('',#513,.T.);
#513 = EDGE_LOOP('',(#514));
#514 = ORIENTED_EDGE('',*,*,#515,.F.);
#515 = EDGE_CURVE('',#516,#516,#518,.T.);
#516 = VERTEX_POINT('',#517);
#517 = CARTESIAN_POINT('',(16.25,-16.,1.E-15));
#518 = CIRCLE('',#519,1.25);
#519 = AXIS2_PLACEMENT_3D('',#520,#521,#522);
#520 = CARTESIAN_POINT('',(15.,-16.,8.7E-16));
#521 = DIRECTION('',(0.,0.,1.));
#522 = DIRECTION('',(1.,0.,0.));
#523 = FACE_BOUND('',#524,.T.);
#524 = EDGE_LOOP('',(#525));
#525 = ORIENTED_EDGE('',*,*,#526,.F.);
#526 = EDGE_CURVE('',#527,#527,#529,.T.);
#527 = VERTEX_POINT('',#528);
#528 = CARTESIAN_POINT('',(-13.75,16.,1.E-15));
#529 = CIRCLE('',#530,1.25);
#530 = AXIS2_PLACEMENT_3D('',#531,#532,#533);
#531 = CARTESIAN_POINT('',(-15.,16.,8.7E-16));
#532 = DIRECTION('',(0.,0.,1.));
#533 = DIRECTION('',(1.,0.,0.));
#534 = FACE_BOUND('',#535,.T.);
#535 = EDGE_LOOP('',(#536));
#536 = ORIENTED_EDGE('',*,*,#537,.F.);
#537 = EDGE_CURVE('',#538,#538,#540,.T.);
#538 = VERTEX_POINT('',#539);
#539 = CARTESIAN_POINT('',(16.25,16.,1.E-15));
#540 = CIRCLE('',#541,1.25);
#541 = AXIS2_PLACEMENT_3D('',#542,#543,#544);
#542 = CARTESIAN_POINT('',(15.,16.,8.7E-16));
#543 = DIRECTION('',(0.,0.,1.));
#544 = DIRECTION('',(1.,0.,0.));
#545 = PLANE('',#546);
#546 = AXIS2_PLACEMENT_3D('',#547,#548,#549);
#547 = CARTESIAN_POINT('',(3.081509801016E-02,-1.988313756958,3.1E-16));
#548 = DIRECTION('',(0.,0.,1.));
#549 = DIRECTION('',(1.,0.,0.));
#550 = ADVANCED_FACE('',(#551),#562,.T.);
#551 = FACE_BOUND('',#552,.T.);
#552 = EDGE_LOOP('',(#553,#559,#560,#561));
#553 = ORIENTED_EDGE('',*,*,#554,.F.);
#554 = EDGE_CURVE('',#165,#380,#555,.T.);
#555 = LINE('',#556,#557);
#556 = CARTESIAN_POINT('',(-30.,-10.28284271247,298.67640311723));
#557 = VECTOR('',#558,1.);
#558 = DIRECTION('',(0.,0.,-1.));
#559 = ORIENTED_EDGE('',*,*,#164,.T.);
#560 = ORIENTED_EDGE('',*,*,#99,.T.);
#561 = ORIENTED_EDGE('',*,*,#387,.F.);
#562 = PLANE('',#563);
#563 = AXIS2_PLACEMENT_3D('',#564,#565,#566);
#564 = CARTESIAN_POINT('',(-25.14142135623,-15.14142135623,
    298.67640311723));
#565 = DIRECTION('',(0.707106781187,0.707106781187,0.));
#566 = DIRECTION('',(-0.707106781187,0.707106781187,0.));
#567 = ADVANCED_FACE('',(#568),#584,.T.);
#568 = FACE_BOUND('',#569,.T.);
#569 = EDGE_LOOP('',(#570,#576,#577,#583));
#570 = ORIENTED_EDGE('',*,*,#571,.F.);
#571 = EDGE_CURVE('',#131,#407,#572,.T.);
#572 = LINE('',#573,#574);
#573 = CARTESIAN_POINT('',(30.2,10.082842712475,298.67640311723));
#574 = VECTOR('',#575,1.);
#575 = DIRECTION('',(0.,0.,-1.));
#576 = ORIENTED_EDGE('',*,*,#130,.T.);
#577 = ORIENTED_EDGE('',*,*,#578,.T.);
#578 = EDGE_CURVE('',#133,#415,#579,.T.);
#579 = LINE('',#580,#581);
#580 = CARTESIAN_POINT('',(20.082842712475,20.2,298.67640311723));
#581 = VECTOR('',#582,1.);
#582 = DIRECTION('',(0.,0.,-1.));
#583 = ORIENTED_EDGE('',*,*,#414,.F.);
#584 = PLANE('',#585);
#585 = AXIS2_PLACEMENT_3D('',#586,#587,#588);
#586 = CARTESIAN_POINT('',(25.141421356237,15.141421356237,
    298.67640311723));
#587 = DIRECTION('',(-0.707106781187,-0.707106781187,0.));
#588 = DIRECTION('',(0.707106781187,-0.707106781187,0.));
#589 = ADVANCED_FACE('',(#590),#601,.T.);
#590 = FACE_BOUND('',#591,.T.);
#591 = EDGE_LOOP('',(#592,#598,#599,#600));
#592 = ORIENTED_EDGE('',*,*,#593,.F.);
#593 = EDGE_CURVE('',#141,#399,#594,.T.);
#594 = LINE('',#595,#596);
#595 = CARTESIAN_POINT('',(30.2,-10.08284271247,298.67640311723));
#596 = VECTOR('',#597,1.);
#597 = DIRECTION('',(0.,0.,-1.));
#598 = ORIENTED_EDGE('',*,*,#140,.T.);
#599 = ORIENTED_EDGE('',*,*,#571,.T.);
#600 = ORIENTED_EDGE('',*,*,#406,.F.);
#601 = PLANE('',#602);
#602 = AXIS2_PLACEMENT_3D('',#603,#604,#605);
#603 = CARTESIAN_POINT('',(30.2,0.,298.67640311723));
#604 = DIRECTION('',(-1.,0.,0.));
#605 = DIRECTION('',(0.,0.,1.));
#606 = ADVANCED_FACE('',(#607),#613,.T.);
#607 = FACE_BOUND('',#608,.T.);
#608 = EDGE_LOOP('',(#609,#610,#611,#612));
#609 = ORIENTED_EDGE('',*,*,#268,.F.);
#610 = ORIENTED_EDGE('',*,*,#148,.T.);
#611 = ORIENTED_EDGE('',*,*,#593,.T.);
#612 = ORIENTED_EDGE('',*,*,#398,.F.);
#613 = PLANE('',#614);
#614 = AXIS2_PLACEMENT_3D('',#615,#616,#617);
#615 = CARTESIAN_POINT('',(25.141421356237,-15.14142135623,
    298.67640311723));
#616 = DIRECTION('',(-0.707106781187,0.707106781187,0.));
#617 = DIRECTION('',(-0.707106781187,-0.707106781187,0.));
#618 = ADVANCED_FACE('',(#619),#630,.T.);
#619 = FACE_BOUND('',#620,.T.);
#620 = EDGE_LOOP('',(#621,#627,#628,#629));
#621 = ORIENTED_EDGE('',*,*,#622,.F.);
#622 = EDGE_CURVE('',#173,#372,#623,.T.);
#623 = LINE('',#624,#625);
#624 = CARTESIAN_POINT('',(-30.,10.282842712475,298.67640311723));
#625 = VECTOR('',#626,1.);
#626 = DIRECTION('',(0.,0.,-1.));
#627 = ORIENTED_EDGE('',*,*,#172,.T.);
#628 = ORIENTED_EDGE('',*,*,#554,.T.);
#629 = ORIENTED_EDGE('',*,*,#379,.F.);
#630 = PLANE('',#631);
#631 = AXIS2_PLACEMENT_3D('',#632,#633,#634);
#632 = CARTESIAN_POINT('',(-30.,0.,298.67640311723));
#633 = DIRECTION('',(1.,0.,0.));
#634 = DIRECTION('',(0.,0.,-1.));
#635 = ADVANCED_FACE('',(#636),#647,.T.);
#636 = FACE_BOUND('',#637,.T.);
#637 = EDGE_LOOP('',(#638,#644,#645,#646));
#638 = ORIENTED_EDGE('',*,*,#639,.F.);
#639 = EDGE_CURVE('',#181,#364,#640,.T.);
#640 = LINE('',#641,#642);
#641 = CARTESIAN_POINT('',(-20.08284271247,20.2,298.67640311723));
#642 = VECTOR('',#643,1.);
#643 = DIRECTION('',(0.,0.,-1.));
#644 = ORIENTED_EDGE('',*,*,#180,.T.);
#645 = ORIENTED_EDGE('',*,*,#622,.T.);
#646 = ORIENTED_EDGE('',*,*,#371,.F.);
#647 = PLANE('',#648);
#648 = AXIS2_PLACEMENT_3D('',#649,#650,#651);
#649 = CARTESIAN_POINT('',(-25.14142135623,15.141421356237,
    298.67640311723));
#650 = DIRECTION('',(0.707106781187,-0.707106781187,0.));
#651 = DIRECTION('',(0.707106781187,0.707106781187,0.));
#652 = ADVANCED_FACE('',(#653),#664,.T.);
#653 = FACE_BOUND('',#654,.T.);
#654 = EDGE_LOOP('',(#655,#661,#662,#663));
#655 = ORIENTED_EDGE('',*,*,#656,.T.);
#656 = EDGE_CURVE('',#355,#189,#657,.T.);
#657 = LINE('',#658,#659);
#658 = CARTESIAN_POINT('',(-13.32666499916,20.2,1.712172582746));
#659 = VECTOR('',#660,1.);
#660 = DIRECTION('',(0.,0.,1.));
#661 = ORIENTED_EDGE('',*,*,#188,.T.);
#662 = ORIENTED_EDGE('',*,*,#639,.T.);
#663 = ORIENTED_EDGE('',*,*,#363,.F.);
#664 = PLANE('',#665);
#665 = AXIS2_PLACEMENT_3D('',#666,#667,#668);
#666 = CARTESIAN_POINT('',(-3.E-17,20.2,298.67640311723));
#667 = DIRECTION('',(1.7E-16,-1.,0.));
#668 = DIRECTION('',(1.,1.7E-16,0.));
#669 = ADVANCED_FACE('',(#670),#705,.F.);
#670 = FACE_BOUND('',#671,.F.);
#671 = EDGE_LOOP('',(#672,#678,#679,#687,#696,#702,#703,#704));
#672 = ORIENTED_EDGE('',*,*,#673,.F.);
#673 = EDGE_CURVE('',#423,#197,#674,.T.);
#674 = LINE('',#675,#676);
#675 = CARTESIAN_POINT('',(13.326664999166,20.2,4.4));
#676 = VECTOR('',#677,1.);
#677 = DIRECTION('',(0.,0.,1.));
#678 = ORIENTED_EDGE('',*,*,#430,.F.);
#679 = ORIENTED_EDGE('',*,*,#680,.F.);
#680 = EDGE_CURVE('',#681,#431,#683,.T.);
#681 = VERTEX_POINT('',#682);
#682 = CARTESIAN_POINT('',(10.518268654476,21.794632929055,
    -9.003521874547));
#683 = LINE('',#684,#685);
#684 = CARTESIAN_POINT('',(10.518268654476,21.794632929055,-37.202));
#685 = VECTOR('',#686,1.);
#686 = DIRECTION('',(0.,0.,1.));
#687 = ORIENTED_EDGE('',*,*,#688,.T.);
#688 = EDGE_CURVE('',#681,#689,#691,.T.);
#689 = VERTEX_POINT('',#690);
#690 = CARTESIAN_POINT('',(-10.51826865447,21.794632929055,
    -9.003521874547));
#691 = CIRCLE('',#692,24.2);
#692 = AXIS2_PLACEMENT_3D('',#693,#694,#695);
#693 = CARTESIAN_POINT('',(0.,0.,-9.003521874547));
#694 = DIRECTION('',(0.,0.,1.));
#695 = DIRECTION('',(1.,0.,0.));
#696 = ORIENTED_EDGE('',*,*,#697,.T.);
#697 = EDGE_CURVE('',#689,#346,#698,.T.);
#698 = LINE('',#699,#700);
#699 = CARTESIAN_POINT('',(-10.51826865447,21.794632929055,-37.202));
#700 = VECTOR('',#701,1.);
#701 = DIRECTION('',(0.,0.,1.));
#702 = ORIENTED_EDGE('',*,*,#354,.T.);
#703 = ORIENTED_EDGE('',*,*,#656,.T.);
#704 = ORIENTED_EDGE('',*,*,#196,.F.);
#705 = CYLINDRICAL_SURFACE('',#706,24.2);
#706 = AXIS2_PLACEMENT_3D('',#707,#708,#709);
#707 = CARTESIAN_POINT('',(0.,0.,1.712172582746));
#708 = DIRECTION('',(0.,0.,1.));
#709 = DIRECTION('',(1.,0.,0.));
#710 = ADVANCED_FACE('',(#711),#717,.T.);
#711 = FACE_BOUND('',#712,.T.);
#712 = EDGE_LOOP('',(#713,#714,#715,#716));
#713 = ORIENTED_EDGE('',*,*,#578,.F.);
#714 = ORIENTED_EDGE('',*,*,#205,.T.);
#715 = ORIENTED_EDGE('',*,*,#673,.F.);
#716 = ORIENTED_EDGE('',*,*,#422,.F.);
#717 = PLANE('',#718);
#718 = AXIS2_PLACEMENT_3D('',#719,#720,#721);
#719 = CARTESIAN_POINT('',(-3.E-17,20.2,298.67640311723));
#720 = DIRECTION('',(1.7E-16,-1.,0.));
#721 = DIRECTION('',(1.,1.7E-16,0.));
#722 = ADVANCED_FACE('',(#723),#959,.F.);
#723 = FACE_BOUND('',#724,.F.);
#724 = EDGE_LOOP('',(#725,#815,#836,#926,#958));
#725 = ORIENTED_EDGE('',*,*,#726,.F.);
#726 = EDGE_CURVE('',#727,#216,#729,.T.);
#727 = VERTEX_POINT('',#728);
#728 = CARTESIAN_POINT('',(31.051432645041,-13.06509442406,0.));
#729 = ( BOUNDED_CURVE() B_SPLINE_CURVE(2,(#730,#731,#732,#733,#734,#735
    ,#736,#737,#738,#739,#740,#741,#742,#743,#744,#745,#746,#747,#748,
    #749,#750,#751,#752,#753,#754,#755,#756,#757,#758,#759,#760,#761,
    #762,#763,#764,#765,#766,#767,#768,#769,#770,#771,#772,#773,#774,
    #775,#776,#777,#778,#779,#780,#781,#782,#783,#784,#785,#786,#787,
    #788,#789,#790,#791,#792,#793,#794,#795,#796,#797,#798,#799,#800,
    #801,#802,#803,#804,#805,#806,#807,#808,#809,#810,#811,#812,#813,
#814),.UNSPECIFIED.,.F.,.F.) B_SPLINE_CURVE_WITH_KNOTS((3,2,2,2,2,2,2,2,
    2,2,2,2,2,2,2,2,2,2,2,2,2,2,2,2,2,2,2,2,2,2,2,2,2,2,2,2,2,2,2,2,2,2,
    3),(0.,2.380952380952E-02,4.761904761905E-02,7.142857142857E-02,
    9.52380952381E-02,0.119047619048,0.142857142857,0.166666666667,
    0.190476190476,0.214285714286,0.238095238095,0.261904761905,
    0.285714285714,0.309523809524,0.333333333333,0.357142857143,
    0.380952380952,0.404761904762,0.428571428571,0.452380952381,
    0.47619047619,0.5,0.52380952381,0.547619047619,0.571428571429,
    0.595238095238,0.619047619048,0.642857142857,0.666666666667,
    0.690476190476,0.714285714286,0.738095238095,0.761904761905,
    0.785714285714,0.809523809524,0.833333333333,0.857142857143,
    0.880952380952,0.904761904762,0.928571428571,0.952380952381,
0.97619047619,1.),.UNSPECIFIED.) CURVE() GEOMETRIC_REPRESENTATION_ITEM()
 RATIONAL_B_SPLINE_CURVE((1.,0.866025403784,1.,0.866025403784,1.,
    0.866025403784,1.,0.866025403784,1.,0.866025403784,1.,0.866025403784
    ,1.,0.866025403784,1.,0.866025403784,1.,0.866025403784,1.,
    0.866025403784,1.,0.866025403784,1.,0.866025403784,1.,0.866025403784
    ,1.,0.866025403784,1.,0.866025403784,1.,0.866025403784,1.,
    0.866025403784,1.,0.866025403784,1.,0.866025403784,1.,0.866025403784
    ,1.,0.866025403784,1.,0.866025403784,1.,0.866025403784,1.,
    0.866025403784,1.,0.866025403784,1.,0.866025403784,1.,0.866025403784
    ,1.,0.866025403784,1.,0.866025403784,1.,0.866025403784,1.,
    0.866025403784,1.,0.866025403784,1.,0.866025403784,1.,0.866025403784
    ,1.,0.866025403784,1.,0.866025403784,1.,0.866025403784,1.,
    0.866025403784,1.,0.866025403784,1.,0.866025403784,1.,0.866025403784
,1.,0.866025403784,1.)) REPRESENTATION_ITEM('') );
#730 = CARTESIAN_POINT('',(-33.6881011875,2.11E-15,-2.15625));
#731 = CARTESIAN_POINT('',(-33.6881011875,-19.44983428909,-2.03125));
#732 = CARTESIAN_POINT('',(-16.84405059375,-29.17475143363,-1.90625));
#733 = CARTESIAN_POINT('',(-2.38E-15,-38.89966857818,-1.78125));
#734 = CARTESIAN_POINT('',(16.84405059375,-29.17475143363,-1.65625));
#735 = CARTESIAN_POINT('',(33.6881011875,-19.44983428909,-1.53125));
#736 = CARTESIAN_POINT('',(33.6881011875,-2.01E-15,-1.40625));
#737 = CARTESIAN_POINT('',(33.6881011875,19.449834289091,-1.28125));
#738 = CARTESIAN_POINT('',(16.84405059375,29.174751433636,-1.15625));
#739 = CARTESIAN_POINT('',(7.15E-15,38.899668578181,-1.03125));
#740 = CARTESIAN_POINT('',(-16.84405059375,29.174751433636,-0.90625));
#741 = CARTESIAN_POINT('',(-33.6881011875,19.449834289091,-0.78125));
#742 = CARTESIAN_POINT('',(-33.6881011875,1.036E-14,-0.65625));
#743 = CARTESIAN_POINT('',(-33.6881011875,-19.44983428909,-0.53125));
#744 = CARTESIAN_POINT('',(-16.84405059375,-29.17475143363,-0.40625));
#745 = CARTESIAN_POINT('',(-4.646E-14,-38.89966857818,-0.28125));
#746 = CARTESIAN_POINT('',(16.84405059375,-29.17475143363,-0.15625));
#747 = CARTESIAN_POINT('',(33.6881011875,-19.44983428909,-3.125E-02));
#748 = CARTESIAN_POINT('',(33.6881011875,-1.026E-14,9.375E-02));
#749 = CARTESIAN_POINT('',(33.6881011875,19.449834289091,0.21875));
#750 = CARTESIAN_POINT('',(16.84405059375,29.174751433636,0.34375));
#751 = CARTESIAN_POINT('',(1.667E-14,38.899668578181,0.46875));
#752 = CARTESIAN_POINT('',(-16.84405059375,29.174751433636,0.59375));
#753 = CARTESIAN_POINT('',(-33.6881011875,19.449834289091,0.71875));
#754 = CARTESIAN_POINT('',(-33.6881011875,1.861E-14,0.84375));
#755 = CARTESIAN_POINT('',(-33.6881011875,-19.44983428909,0.96875));
#756 = CARTESIAN_POINT('',(-16.84405059375,-29.17475143363,1.09375));
#757 = CARTESIAN_POINT('',(-9.054E-14,-38.89966857818,1.21875));
#758 = CARTESIAN_POINT('',(16.84405059375,-29.17475143363,1.34375));
#759 = CARTESIAN_POINT('',(33.6881011875,-19.44983428909,1.46875));
#760 = CARTESIAN_POINT('',(33.6881011875,-7.836E-14,1.59375));
#761 = CARTESIAN_POINT('',(33.6881011875,19.44983428909,1.71875));
#762 = CARTESIAN_POINT('',(16.84405059375,29.174751433636,1.84375));
#763 = CARTESIAN_POINT('',(9.53E-14,38.899668578181,1.96875));
#764 = CARTESIAN_POINT('',(-16.84405059375,29.174751433636,2.09375));
#765 = CARTESIAN_POINT('',(-33.6881011875,19.449834289091,2.21875));
#766 = CARTESIAN_POINT('',(-33.6881011875,2.687E-14,2.34375));
#767 = CARTESIAN_POINT('',(-33.6881011875,-19.44983428909,2.46875));
#768 = CARTESIAN_POINT('',(-16.84405059375,-29.17475143363,2.59375));
#769 = CARTESIAN_POINT('',(-1.0006E-13,-38.89966857818,2.71875));
#770 = CARTESIAN_POINT('',(16.84405059375,-29.17475143363,2.84375));
#771 = CARTESIAN_POINT('',(33.6881011875,-19.44983428909,2.96875));
#772 = CARTESIAN_POINT('',(33.6881011875,-2.677E-14,3.09375));
#773 = CARTESIAN_POINT('',(33.6881011875,19.44983428909,3.21875));
#774 = CARTESIAN_POINT('',(16.84405059375,29.174751433636,3.34375));
#775 = CARTESIAN_POINT('',(1.0483E-13,38.899668578181,3.46875));
#776 = CARTESIAN_POINT('',(-16.84405059375,29.174751433636,3.59375));
#777 = CARTESIAN_POINT('',(-33.6881011875,19.449834289091,3.71875));
#778 = CARTESIAN_POINT('',(-33.6881011875,3.512E-14,3.84375));
#779 = CARTESIAN_POINT('',(-33.6881011875,-19.44983428909,3.96875));
#780 = CARTESIAN_POINT('',(-16.84405059375,-29.17475143363,4.09375));
#781 = CARTESIAN_POINT('',(-1.0959E-13,-38.89966857818,4.21875));
#782 = CARTESIAN_POINT('',(16.84405059375,-29.17475143363,4.34375));
#783 = CARTESIAN_POINT('',(33.6881011875,-19.44983428909,4.46875));
#784 = CARTESIAN_POINT('',(33.6881011875,-1.547E-13,4.59375));
#785 = CARTESIAN_POINT('',(33.6881011875,19.44983428909,4.71875));
#786 = CARTESIAN_POINT('',(16.84405059375,29.174751433636,4.84375));
#787 = CARTESIAN_POINT('',(1.1436E-13,38.899668578181,4.96875));
#788 = CARTESIAN_POINT('',(-16.84405059375,29.174751433636,5.09375));
#789 = CARTESIAN_POINT('',(-33.6881011875,19.449834289091,5.21875));
#790 = CARTESIAN_POINT('',(-33.6881011875,1.6305E-13,5.34375));
#791 = CARTESIAN_POINT('',(-33.6881011875,-19.44983428909,5.46875));
#792 = CARTESIAN_POINT('',(-16.84405059375,-29.17475143363,5.59375));
#793 = CARTESIAN_POINT('',(-2.5732E-13,-38.89966857818,5.71875));
#794 = CARTESIAN_POINT('',(16.84405059375,-29.17475143363,5.84375));
#795 = CARTESIAN_POINT('',(33.6881011875,-19.44983428909,5.96875));
#796 = CARTESIAN_POINT('',(33.6881011875,-1.6295E-13,6.09375));
#797 = CARTESIAN_POINT('',(33.6881011875,19.44983428909,6.21875));
#798 = CARTESIAN_POINT('',(16.84405059375,29.174751433636,6.34375));
#799 = CARTESIAN_POINT('',(1.2388E-13,38.899668578181,6.46875));
#800 = CARTESIAN_POINT('',(-16.84405059375,29.174751433636,6.59375));
#801 = CARTESIAN_POINT('',(-33.6881011875,19.449834289091,6.71875));
#802 = CARTESIAN_POINT('',(-33.6881011875,5.162E-14,6.84375));
#803 = CARTESIAN_POINT('',(-33.6881011875,-19.44983428909,6.96875));
#804 = CARTESIAN_POINT('',(-16.84405059375,-29.17475143363,7.09375));
#805 = CARTESIAN_POINT('',(-2.6685E-13,-38.89966857818,7.21875));
#806 = CARTESIAN_POINT('',(16.84405059375,-29.17475143363,7.34375));
#807 = CARTESIAN_POINT('',(33.6881011875,-19.44983428909,7.46875));
#808 = CARTESIAN_POINT('',(33.6881011875,-1.712E-13,7.59375));
#809 = CARTESIAN_POINT('',(33.6881011875,19.44983428909,7.71875));
#810 = CARTESIAN_POINT('',(16.84405059375,29.174751433636,7.84375));
#811 = CARTESIAN_POINT('',(1.3341E-13,38.899668578181,7.96875));
#812 = CARTESIAN_POINT('',(-16.84405059375,29.174751433636,8.09375));
#813 = CARTESIAN_POINT('',(-33.6881011875,19.449834289091,8.21875));
#814 = CARTESIAN_POINT('',(-33.6881011875,5.987E-14,8.34375));
#815 = ORIENTED_EDGE('',*,*,#816,.F.);
#816 = EDGE_CURVE('',#817,#727,#819,.T.);
#817 = VERTEX_POINT('',#818);
#818 = CARTESIAN_POINT('',(-24.6166294589,-24.17170978816,0.));
#819 = B_SPLINE_CURVE_WITH_KNOTS('',3,(#820,#821,#822,#823,#824,#825,
    #826,#827,#828,#829,#830,#831,#832,#833,#834,#835),.UNSPECIFIED.,.F.
  ,.F.,(4,1,1,1,1,1,1,1,1,1,1,1,1,4),(0.126072227772,0.130251278275,
    0.134430328777,0.138609379279,0.142788429781,0.151146530786,
    0.155325581288,0.15950463179,0.167862732795,0.172041783297,
    0.176220833799,0.184578934804,0.188757985306,0.192937035808),
  .UNSPECIFIED.);
#820 = CARTESIAN_POINT('',(-24.6166294589,-24.17170978816,-1.11E-15));
#821 = CARTESIAN_POINT('',(-23.62704830674,-25.15530664314,-1.11E-15));
#822 = CARTESIAN_POINT('',(-21.50265227363,-27.02424384497,1.69E-15));
#823 = CARTESIAN_POINT('',(-18.05477272811,-29.38108402943,-3.54E-15));
#824 = CARTESIAN_POINT('',(-14.35270854517,-31.30968534459,3.97E-15));
#825 = CARTESIAN_POINT('',(-9.056886781379,-33.27966479754,-1.85E-15));
#826 = CARTESIAN_POINT('',(-3.575723981914,-34.23574753887,1.48E-15));
#827 = CARTESIAN_POINT('',(2.070802855943,-34.17193143866,-4.1E-16));
#828 = CARTESIAN_POINT('',(7.565805584034,-33.43285444191,1.28E-15));
#829 = CARTESIAN_POINT('',(12.965692403302,-31.65677574369,-1.2E-16));
#830 = CARTESIAN_POINT('',(17.827577898537,-28.99223987698,6.4E-16));
#831 = CARTESIAN_POINT('',(22.411266595805,-25.68402452044,1.78E-15));
#832 = CARTESIAN_POINT('',(26.239282711415,-21.64902771672,3.8E-16));
#833 = CARTESIAN_POINT('',(29.306326087017,-16.90093087246,7.6E-16));
#834 = CARTESIAN_POINT('',(30.521205813733,-14.37163107151,-1.E-16));
#835 = CARTESIAN_POINT('',(31.051432645041,-13.06509442406,-1.E-16));
#836 = ORIENTED_EDGE('',*,*,#837,.T.);
#837 = EDGE_CURVE('',#817,#838,#840,.T.);
#838 = VERTEX_POINT('',#839);
#839 = CARTESIAN_POINT('',(18.919296814498,28.849786967063,3.8));
#840 = ( BOUNDED_CURVE() B_SPLINE_CURVE(2,(#841,#842,#843,#844,#845,#846
    ,#847,#848,#849,#850,#851,#852,#853,#854,#855,#856,#857,#858,#859,
    #860,#861,#862,#863,#864,#865,#866,#867,#868,#869,#870,#871,#872,
    #873,#874,#875,#876,#877,#878,#879,#880,#881,#882,#883,#884,#885,
    #886,#887,#888,#889,#890,#891,#892,#893,#894,#895,#896,#897,#898,
    #899,#900,#901,#902,#903,#904,#905,#906,#907,#908,#909,#910,#911,
    #912,#913,#914,#915,#916,#917,#918,#919,#920,#921,#922,#923,#924,
#925),.UNSPECIFIED.,.F.,.F.) B_SPLINE_CURVE_WITH_KNOTS((3,2,2,2,2,2,2,2,
    2,2,2,2,2,2,2,2,2,2,2,2,2,2,2,2,2,2,2,2,2,2,2,2,2,2,2,2,2,2,2,2,2,2,
    3),(0.,2.380952380952E-02,4.761904761905E-02,7.142857142857E-02,
    9.52380952381E-02,0.119047619048,0.142857142857,0.166666666667,
    0.190476190476,0.214285714286,0.238095238095,0.261904761905,
    0.285714285714,0.309523809524,0.333333333333,0.357142857143,
    0.380952380952,0.404761904762,0.428571428571,0.452380952381,
    0.47619047619,0.5,0.52380952381,0.547619047619,0.571428571429,
    0.595238095238,0.619047619048,0.642857142857,0.666666666667,
    0.690476190476,0.714285714286,0.738095238095,0.761904761905,
    0.785714285714,0.809523809524,0.833333333333,0.857142857143,
    0.880952380952,0.904761904762,0.928571428571,0.952380952381,
0.97619047619,1.),.UNSPECIFIED.) CURVE() GEOMETRIC_REPRESENTATION_ITEM()
 RATIONAL_B_SPLINE_CURVE((1.,0.866025403784,1.,0.866025403784,1.,
    0.866025403784,1.,0.866025403784,1.,0.866025403784,1.,0.866025403784
    ,1.,0.866025403784,1.,0.866025403784,1.,0.866025403784,1.,
    0.866025403784,1.,0.866025403784,1.,0.866025403784,1.,0.866025403784
    ,1.,0.866025403784,1.,0.866025403784,1.,0.866025403784,1.,
    0.866025403784,1.,0.866025403784,1.,0.866025403784,1.,0.866025403784
    ,1.,0.866025403784,1.,0.866025403784,1.,0.866025403784,1.,
    0.866025403784,1.,0.866025403784,1.,0.866025403784,1.,0.866025403784
    ,1.,0.866025403784,1.,0.866025403784,1.,0.866025403784,1.,
    0.866025403784,1.,0.866025403784,1.,0.866025403784,1.,0.866025403784
    ,1.,0.866025403784,1.,0.866025403784,1.,0.866025403784,1.,
    0.866025403784,1.,0.866025403784,1.,0.866025403784,1.,0.866025403784
,1.,0.866025403784,1.)) REPRESENTATION_ITEM('') );
#841 = CARTESIAN_POINT('',(-34.5,2.11E-15,-1.6875));
#842 = CARTESIAN_POINT('',(-34.5,-19.91858428704,-1.5625));
#843 = CARTESIAN_POINT('',(-17.25,-29.87787643056,-1.4375));
#844 = CARTESIAN_POINT('',(-2.44E-15,-39.83716857408,-1.3125));
#845 = CARTESIAN_POINT('',(17.25,-29.87787643056,-1.1875));
#846 = CARTESIAN_POINT('',(34.5,-19.91858428704,-1.0625));
#847 = CARTESIAN_POINT('',(34.5,-2.11E-15,-0.9375));
#848 = CARTESIAN_POINT('',(34.5,19.918584287042,-0.8125));
#849 = CARTESIAN_POINT('',(17.25,29.877876430563,-0.6875));
#850 = CARTESIAN_POINT('',(7.32E-15,39.837168574084,-0.5625));
#851 = CARTESIAN_POINT('',(-17.25,29.877876430563,-0.4375));
#852 = CARTESIAN_POINT('',(-34.5,19.918584287042,-0.3125));
#853 = CARTESIAN_POINT('',(-34.5,1.056E-14,-0.1875));
#854 = CARTESIAN_POINT('',(-34.5,-19.91858428704,-6.25E-02));
#855 = CARTESIAN_POINT('',(-17.25,-29.87787643056,6.25E-02));
#856 = CARTESIAN_POINT('',(-4.758E-14,-39.83716857408,0.1875));
#857 = CARTESIAN_POINT('',(17.25,-29.87787643056,0.3125));
#858 = CARTESIAN_POINT('',(34.5,-19.91858428704,0.4375));
#859 = CARTESIAN_POINT('',(34.5,-1.056E-14,0.5625));
#860 = CARTESIAN_POINT('',(34.5,19.918584287042,0.6875));
#861 = CARTESIAN_POINT('',(17.25,29.877876430563,0.8125));
#862 = CARTESIAN_POINT('',(1.708E-14,39.837168574084,0.9375));
#863 = CARTESIAN_POINT('',(-17.25,29.877876430563,1.0625));
#864 = CARTESIAN_POINT('',(-34.5,19.918584287042,1.1875));
#865 = CARTESIAN_POINT('',(-34.5,1.901E-14,1.3125));
#866 = CARTESIAN_POINT('',(-34.5,-19.91858428704,1.4375));
#867 = CARTESIAN_POINT('',(-17.25,-29.87787643056,1.5625));
#868 = CARTESIAN_POINT('',(-9.272E-14,-39.83716857408,1.6875));
#869 = CARTESIAN_POINT('',(17.25,-29.87787643056,1.8125));
#870 = CARTESIAN_POINT('',(34.5,-19.91858428704,1.9375));
#871 = CARTESIAN_POINT('',(34.5,-8.03E-14,2.0625));
#872 = CARTESIAN_POINT('',(34.5,19.918584287042,2.1875));
#873 = CARTESIAN_POINT('',(17.25,29.877876430563,2.3125));
#874 = CARTESIAN_POINT('',(9.76E-14,39.837168574084,2.4375));
#875 = CARTESIAN_POINT('',(-17.25,29.877876430563,2.5625));
#876 = CARTESIAN_POINT('',(-34.5,19.918584287042,2.6875));
#877 = CARTESIAN_POINT('',(-34.5,2.746E-14,2.8125));
#878 = CARTESIAN_POINT('',(-34.5,-19.91858428704,2.9375));
#879 = CARTESIAN_POINT('',(-17.25,-29.87787643056,3.0625));
#880 = CARTESIAN_POINT('',(-1.0248E-13,-39.83716857408,3.1875));
#881 = CARTESIAN_POINT('',(17.25,-29.87787643056,3.3125));
#882 = CARTESIAN_POINT('',(34.5,-19.91858428704,3.4375));
#883 = CARTESIAN_POINT('',(34.5,-2.746E-14,3.5625));
#884 = CARTESIAN_POINT('',(34.5,19.918584287042,3.6875));
#885 = CARTESIAN_POINT('',(17.25,29.877876430563,3.8125));
#886 = CARTESIAN_POINT('',(1.0735E-13,39.837168574084,3.9375));
#887 = CARTESIAN_POINT('',(-17.25,29.877876430563,4.0625));
#888 = CARTESIAN_POINT('',(-34.5,19.918584287042,4.1875));
#889 = CARTESIAN_POINT('',(-34.5,3.591E-14,4.3125));
#890 = CARTESIAN_POINT('',(-34.5,-19.91858428704,4.4375));
#891 = CARTESIAN_POINT('',(-17.25,-29.87787643056,4.5625));
#892 = CARTESIAN_POINT('',(-1.1223E-13,-39.83716857408,4.6875));
#893 = CARTESIAN_POINT('',(17.25,-29.87787643056,4.8125));
#894 = CARTESIAN_POINT('',(34.5,-19.91858428704,4.9375));
#895 = CARTESIAN_POINT('',(34.5,-1.5848E-13,5.0625));
#896 = CARTESIAN_POINT('',(34.5,19.918584287042,5.1875));
#897 = CARTESIAN_POINT('',(17.25,29.877876430563,5.3125));
#898 = CARTESIAN_POINT('',(1.1711E-13,39.837168574084,5.4375));
#899 = CARTESIAN_POINT('',(-17.25,29.877876430563,5.5625));
#900 = CARTESIAN_POINT('',(-34.5,19.918584287042,5.6875));
#901 = CARTESIAN_POINT('',(-34.5,1.6693E-13,5.8125));
#902 = CARTESIAN_POINT('',(-34.5,-19.91858428704,5.9375));
#903 = CARTESIAN_POINT('',(-17.25,-29.87787643056,6.0625));
#904 = CARTESIAN_POINT('',(-2.6352E-13,-39.83716857408,6.1875));
#905 = CARTESIAN_POINT('',(17.25,-29.87787643056,6.3125));
#906 = CARTESIAN_POINT('',(34.5,-19.91858428704,6.4375));
#907 = CARTESIAN_POINT('',(34.5,-1.6693E-13,6.5625));
#908 = CARTESIAN_POINT('',(34.5,19.918584287042,6.6875));
#909 = CARTESIAN_POINT('',(17.25,29.877876430563,6.8125));
#910 = CARTESIAN_POINT('',(1.2687E-13,39.837168574084,6.9375));
#911 = CARTESIAN_POINT('',(-17.25,29.877876430563,7.0625));
#912 = CARTESIAN_POINT('',(-34.5,19.918584287042,7.1875));
#913 = CARTESIAN_POINT('',(-34.5,5.281E-14,7.3125));
#914 = CARTESIAN_POINT('',(-34.5,-19.91858428704,7.4375));
#915 = CARTESIAN_POINT('',(-17.25,-29.87787643056,7.5625));
#916 = CARTESIAN_POINT('',(-2.7328E-13,-39.83716857408,7.6875));
#917 = CARTESIAN_POINT('',(17.25,-29.87787643056,7.8125));
#918 = CARTESIAN_POINT('',(34.5,-19.91858428704,7.9375));
#919 = CARTESIAN_POINT('',(34.5,-1.7538E-13,8.0625));
#920 = CARTESIAN_POINT('',(34.5,19.918584287042,8.1875));
#921 = CARTESIAN_POINT('',(17.25,29.877876430563,8.3125));
#922 = CARTESIAN_POINT('',(1.3663E-13,39.837168574084,8.4375));
#923 = CARTESIAN_POINT('',(-17.25,29.877876430563,8.5625));
#924 = CARTESIAN_POINT('',(-34.5,19.918584287042,8.6875));
#925 = CARTESIAN_POINT('',(-34.5,6.126E-14,8.8125));
#926 = ORIENTED_EDGE('',*,*,#927,.T.);
#927 = EDGE_CURVE('',#838,#214,#928,.T.);
#928 = B_SPLINE_CURVE_WITH_KNOTS('',3,(#929,#930,#931,#932,#933,#934,
    #935,#936,#937,#938,#939,#940,#941,#942,#943,#944,#945,#946,#947,
    #948,#949,#950,#951,#952,#953,#954,#955,#956,#957),.UNSPECIFIED.,.F.
  ,.F.,(4,1,1,1,1,1,1,1,1,1,1,1,1,1,1,1,1,1,1,1,1,1,1,1,1,1,4),(2.E-17,
    8.535960809153E-03,1.280394121373E-02,1.707192161831E-02,
    2.133990202288E-02,2.560788242746E-02,2.987586283204E-02,
    3.414384323661E-02,3.841182364119E-02,4.267980404576E-02,
    4.694778445034E-02,5.121576485492E-02,5.548374525949E-02,
    5.975172566407E-02,6.828768647322E-02,7.25556668778E-02,
    7.682364728238E-02,8.535960809153E-02,8.962758849611E-02,
    9.389556890068E-02,0.10243152971,0.106699510114,0.110967490519,
    0.119503451328,0.123771431733,0.128039412137,0.136575372946),
  .UNSPECIFIED.);
#929 = CARTESIAN_POINT('',(18.919296814498,28.849786967063,3.8));
#930 = CARTESIAN_POINT('',(16.532507326816,30.401045400674,
    3.811678359729));
#931 = CARTESIAN_POINT('',(12.701330040577,32.266724191391,3.82865531313
    ));
#932 = CARTESIAN_POINT('',(7.201673323252,33.773815829349,3.854051996135
    ));
#933 = CARTESIAN_POINT('',(3.035692937323,34.378181919947,3.87318700221)
  );
#934 = CARTESIAN_POINT('',(-1.191670659863,34.474809827015,
    3.892657427951));
#935 = CARTESIAN_POINT('',(-5.444464644485,34.041759003771,
    3.912265292274));
#936 = CARTESIAN_POINT('',(-9.536997183114,33.108535492114,
    3.931133034662));
#937 = CARTESIAN_POINT('',(-13.54106747571,31.664875524666,
    3.949705154839));
#938 = CARTESIAN_POINT('',(-17.32959849904,29.737856892956,
    3.966952673088));
#939 = CARTESIAN_POINT('',(-20.81267678889,27.393300389187,
    3.984107497332));
#940 = CARTESIAN_POINT('',(-24.03996516404,24.585373091179,
    4.002828769911));
#941 = CARTESIAN_POINT('',(-26.85676217785,21.437352236138,
    4.021906405788));
#942 = CARTESIAN_POINT('',(-29.26422532032,17.980805794152,
    4.041314386027));
#943 = CARTESIAN_POINT('',(-31.91777851231,12.929748571662,
    4.067702874198));
#944 = CARTESIAN_POINT('',(-33.57212382615,7.557617092564,4.093095030331
    ));
#945 = CARTESIAN_POINT('',(-34.21737054379,1.894386033325,4.117404539065
    ));
#946 = CARTESIAN_POINT('',(-34.1625634524,-3.703613813224,4.139674424406
    ));
#947 = CARTESIAN_POINT('',(-33.04471949162,-9.33326188993,4.164982311645
    ));
#948 = CARTESIAN_POINT('',(-30.95713870027,-14.52874138913,4.1906923952)
  );
#949 = CARTESIAN_POINT('',(-28.18948194442,-19.5217115856,4.217233670727
    ));
#950 = CARTESIAN_POINT('',(-24.60547499348,-23.84456023967,
    4.242949141483));
#951 = CARTESIAN_POINT('',(-20.21125817089,-27.48936372899,
    4.268044247255));
#952 = CARTESIAN_POINT('',(-15.49199353967,-30.50396075216,
    4.290727602792));
#953 = CARTESIAN_POINT('',(-10.16583363528,-32.64215487657,
    4.315189456374));
#954 = CARTESIAN_POINT('',(-4.671308212021,-33.72466872518,
    4.340855092548));
#955 = CARTESIAN_POINT('',(1.010785647374,-34.12557335386,4.367359577485
    ));
#956 = CARTESIAN_POINT('',(5.224313140645,-33.62885583462,4.387063583292
    ));
#957 = CARTESIAN_POINT('',(7.988218106533,-32.94538467649,4.4));
#958 = ORIENTED_EDGE('',*,*,#213,.T.);
#959 = ( BOUNDED_SURFACE() B_SPLINE_SURFACE(1,2,(
    (#960,#961,#962,#963,#964,#965,#966,#967,#968,#969,#970,#971,#972
      ,#973,#974,#975,#976,#977,#978,#979,#980,#981,#982,#983,#984,#985
      ,#986,#987,#988,#989,#990,#991,#992,#993,#994,#995,#996,#997,#998
      ,#999,#1000,#1001,#1002)
    ,(#1003,#1004,#1005,#1006,#1007,#1008,#1009,#1010,#1011,#1012,#1013
      ,#1014,#1015,#1016,#1017,#1018,#1019,#1020,#1021,#1022,#1023,#1024
      ,#1025,#1026,#1027,#1028,#1029,#1030,#1031,#1032,#1033,#1034,#1035
      ,#1036,#1037,#1038,#1039,#1040,#1041,#1042,#1043,#1044,#1045
)),.UNSPECIFIED.,.F.,.F.,.F.) B_SPLINE_SURFACE_WITH_KNOTS((2,2),(3,2,2,2
    ,2,2,2,2,2,2,2,2,2,2,2,2,2,2,2,2,2,3),(0.,1.),(0.157619241252,
    0.166666666667,0.190476190476,0.214285714286,0.238095238095,
    0.261904761905,0.285714285714,0.309523809524,0.333333333333,
    0.357142857143,0.380952380952,0.404761904762,0.428571428571,
    0.452380952381,0.47619047619,0.5,0.52380952381,0.547619047619,
    0.571428571429,0.595238095238,0.619047619048,0.627509194226),
.UNSPECIFIED.) GEOMETRIC_REPRESENTATION_ITEM() RATIONAL_B_SPLINE_SURFACE
((
    (0.936871693269,0.949090742996,1.,0.866025403784,1.,0.866025403784
      ,1.,0.866025403784,1.,0.866025403784,1.,0.866025403784,1.
      ,0.866025403784,1.,0.866025403784,1.,0.866025403784,1.
      ,0.866025403784,1.,0.866025403784,1.,0.866025403784,1.
      ,0.866025403784,1.,0.866025403784,1.,0.866025403784,1.
      ,0.866025403784,1.,0.866025403784,1.,0.866025403784,1.
      ,0.866025403784,1.,0.866025403784,1.,0.952387283047,0.938616367147
      )
    ,(0.936871693269,0.949090742996,1.,0.866025403784,1.,0.866025403784
      ,1.,0.866025403784,1.,0.866025403784,1.,0.866025403784,1.
      ,0.866025403784,1.,0.866025403784,1.,0.866025403784,1.
      ,0.866025403784,1.,0.866025403784,1.,0.866025403784,1.
      ,0.866025403784,1.,0.866025403784,1.,0.866025403784,1.
      ,0.866025403784,1.,0.866025403784,1.,0.866025403784,1.
      ,0.866025403784,1.,0.866025403784,1.,0.952387283047,0.938616367147
))) REPRESENTATION_ITEM('') SURFACE() );
#960 = CARTESIAN_POINT('',(-26.77677815592,-20.44241456403,
    -0.499226369274));
#961 = CARTESIAN_POINT('',(-22.68446593907,-25.80278606183,
    -0.449591826487));
#962 = CARTESIAN_POINT('',(-16.84405059375,-29.17475143363,-0.40625));
#963 = CARTESIAN_POINT('',(-2.38E-15,-38.89966857818,-0.28125));
#964 = CARTESIAN_POINT('',(16.84405059375,-29.17475143363,-0.15625));
#965 = CARTESIAN_POINT('',(33.6881011875,-19.44983428909,-3.125E-02));
#966 = CARTESIAN_POINT('',(33.6881011875,-2.01E-15,9.375E-02));
#967 = CARTESIAN_POINT('',(33.6881011875,19.449834289091,0.21875));
#968 = CARTESIAN_POINT('',(16.84405059375,29.174751433636,0.34375));
#969 = CARTESIAN_POINT('',(7.15E-15,38.899668578181,0.46875));
#970 = CARTESIAN_POINT('',(-16.84405059375,29.174751433636,0.59375));
#971 = CARTESIAN_POINT('',(-33.6881011875,19.449834289091,0.71875));
#972 = CARTESIAN_POINT('',(-33.6881011875,2.11E-15,0.84375));
#973 = CARTESIAN_POINT('',(-33.6881011875,-19.44983428909,0.96875));
#974 = CARTESIAN_POINT('',(-16.84405059375,-29.17475143363,1.09375));
#975 = CARTESIAN_POINT('',(-2.38E-15,-38.89966857818,1.21875));
#976 = CARTESIAN_POINT('',(16.84405059375,-29.17475143363,1.34375));
#977 = CARTESIAN_POINT('',(33.6881011875,-19.44983428909,1.46875));
#978 = CARTESIAN_POINT('',(33.6881011875,-2.01E-15,1.59375));
#979 = CARTESIAN_POINT('',(33.6881011875,19.449834289091,1.71875));
#980 = CARTESIAN_POINT('',(16.84405059375,29.174751433636,1.84375));
#981 = CARTESIAN_POINT('',(7.15E-15,38.899668578181,1.96875));
#982 = CARTESIAN_POINT('',(-16.84405059375,29.174751433636,2.09375));
#983 = CARTESIAN_POINT('',(-33.6881011875,19.449834289091,2.21875));
#984 = CARTESIAN_POINT('',(-33.6881011875,2.11E-15,2.34375));
#985 = CARTESIAN_POINT('',(-33.6881011875,-19.44983428909,2.46875));
#986 = CARTESIAN_POINT('',(-16.84405059375,-29.17475143363,2.59375));
#987 = CARTESIAN_POINT('',(-2.38E-15,-38.89966857818,2.71875));
#988 = CARTESIAN_POINT('',(16.84405059375,-29.17475143363,2.84375));
#989 = CARTESIAN_POINT('',(33.6881011875,-19.44983428909,2.96875));
#990 = CARTESIAN_POINT('',(33.6881011875,-2.01E-15,3.09375));
#991 = CARTESIAN_POINT('',(33.6881011875,19.449834289091,3.21875));
#992 = CARTESIAN_POINT('',(16.84405059375,29.174751433636,3.34375));
#993 = CARTESIAN_POINT('',(7.15E-15,38.899668578181,3.46875));
#994 = CARTESIAN_POINT('',(-16.84405059375,29.174751433636,3.59375));
#995 = CARTESIAN_POINT('',(-33.6881011875,19.449834289091,3.71875));
#996 = CARTESIAN_POINT('',(-33.6881011875,2.11E-15,3.84375));
#997 = CARTESIAN_POINT('',(-33.6881011875,-19.44983428909,3.96875));
#998 = CARTESIAN_POINT('',(-16.84405059375,-29.17475143363,4.09375));
#999 = CARTESIAN_POINT('',(-2.38E-15,-38.89966857818,4.21875));
#1000 = CARTESIAN_POINT('',(16.84405059375,-29.17475143363,4.34375));
#1001 = CARTESIAN_POINT('',(22.287373385295,-26.03204755465,
    4.38414499556));
#1002 = CARTESIAN_POINT('',(26.231212349968,-21.13791996082,
    4.430232175373));
#1003 = CARTESIAN_POINT('',(-27.42211088828,-20.93508620547,
    -3.047636927379E-02));
#1004 = CARTESIAN_POINT('',(-23.23117205515,-26.42464513445,
    1.91581735134E-02));
#1005 = CARTESIAN_POINT('',(-17.25,-29.87787643056,6.25E-02));
#1006 = CARTESIAN_POINT('',(-2.44E-15,-39.83716857408,0.1875));
#1007 = CARTESIAN_POINT('',(17.25,-29.87787643056,0.3125));
#1008 = CARTESIAN_POINT('',(34.5,-19.91858428704,0.4375));
#1009 = CARTESIAN_POINT('',(34.5,-2.11E-15,0.5625));
#1010 = CARTESIAN_POINT('',(34.5,19.918584287042,0.6875));
#1011 = CARTESIAN_POINT('',(17.25,29.877876430563,0.8125));
#1012 = CARTESIAN_POINT('',(7.32E-15,39.837168574084,0.9375));
#1013 = CARTESIAN_POINT('',(-17.25,29.877876430563,1.0625));
#1014 = CARTESIAN_POINT('',(-34.5,19.918584287042,1.1875));
#1015 = CARTESIAN_POINT('',(-34.5,2.11E-15,1.3125));
#1016 = CARTESIAN_POINT('',(-34.5,-19.91858428704,1.4375));
#1017 = CARTESIAN_POINT('',(-17.25,-29.87787643056,1.5625));
#1018 = CARTESIAN_POINT('',(-2.44E-15,-39.83716857408,1.6875));
#1019 = CARTESIAN_POINT('',(17.25,-29.87787643056,1.8125));
#1020 = CARTESIAN_POINT('',(34.5,-19.91858428704,1.9375));
#1021 = CARTESIAN_POINT('',(34.5,-2.11E-15,2.0625));
#1022 = CARTESIAN_POINT('',(34.5,19.918584287042,2.1875));
#1023 = CARTESIAN_POINT('',(17.25,29.877876430563,2.3125));
#1024 = CARTESIAN_POINT('',(7.32E-15,39.837168574084,2.4375));
#1025 = CARTESIAN_POINT('',(-17.25,29.877876430563,2.5625));
#1026 = CARTESIAN_POINT('',(-34.5,19.918584287042,2.6875));
#1027 = CARTESIAN_POINT('',(-34.5,2.11E-15,2.8125));
#1028 = CARTESIAN_POINT('',(-34.5,-19.91858428704,2.9375));
#1029 = CARTESIAN_POINT('',(-17.25,-29.87787643056,3.0625));
#1030 = CARTESIAN_POINT('',(-2.44E-15,-39.83716857408,3.1875));
#1031 = CARTESIAN_POINT('',(17.25,-29.87787643056,3.3125));
#1032 = CARTESIAN_POINT('',(34.5,-19.91858428704,3.4375));
#1033 = CARTESIAN_POINT('',(34.5,-2.11E-15,3.5625));
#1034 = CARTESIAN_POINT('',(34.5,19.918584287042,3.6875));
#1035 = CARTESIAN_POINT('',(17.25,29.877876430563,3.8125));
#1036 = CARTESIAN_POINT('',(7.32E-15,39.837168574084,3.9375));
#1037 = CARTESIAN_POINT('',(-17.25,29.877876430563,4.0625));
#1038 = CARTESIAN_POINT('',(-34.5,19.918584287042,4.1875));
#1039 = CARTESIAN_POINT('',(-34.5,2.11E-15,4.3125));
#1040 = CARTESIAN_POINT('',(-34.5,-19.91858428704,4.4375));
#1041 = CARTESIAN_POINT('',(-17.25,-29.87787643056,4.5625));
#1042 = CARTESIAN_POINT('',(-2.44E-15,-39.83716857408,4.6875));
#1043 = CARTESIAN_POINT('',(17.25,-29.87787643056,4.8125));
#1044 = CARTESIAN_POINT('',(22.824509387249,-26.65943193523,
    4.85289499556));
#1045 = CARTESIAN_POINT('',(26.863396694192,-21.64735360385,
    4.898982175373));
#1046 = ADVANCED_FACE('',(#1047),#1158,.F.);
#1047 = FACE_BOUND('',#1048,.F.);
#1048 = EDGE_LOOP('',(#1049,#1139,#1156,#1157));
#1049 = ORIENTED_EDGE('',*,*,#1050,.F.);
#1050 = EDGE_CURVE('',#1051,#225,#1053,.T.);
#1051 = VERTEX_POINT('',#1052);
#1052 = CARTESIAN_POINT('',(12.633037945313,31.229705632483,0.));
#1053 = ( BOUNDED_CURVE() B_SPLINE_CURVE(2,(#1054,#1055,#1056,#1057,
    #1058,#1059,#1060,#1061,#1062,#1063,#1064,#1065,#1066,#1067,#1068,
    #1069,#1070,#1071,#1072,#1073,#1074,#1075,#1076,#1077,#1078,#1079,
    #1080,#1081,#1082,#1083,#1084,#1085,#1086,#1087,#1088,#1089,#1090,
    #1091,#1092,#1093,#1094,#1095,#1096,#1097,#1098,#1099,#1100,#1101,
    #1102,#1103,#1104,#1105,#1106,#1107,#1108,#1109,#1110,#1111,#1112,
    #1113,#1114,#1115,#1116,#1117,#1118,#1119,#1120,#1121,#1122,#1123,
    #1124,#1125,#1126,#1127,#1128,#1129,#1130,#1131,#1132,#1133,#1134,
    #1135,#1136,#1137,#1138),.UNSPECIFIED.,.F.,.F.) 
B_SPLINE_CURVE_WITH_KNOTS((3,2,2,2,2,2,2,2,2,2,2,2,2,2,2,2,2,2,2,2,2,2,2
    ,2,2,2,2,2,2,2,2,2,2,2,2,2,2,2,2,2,2,2,3),(0.,2.380952380952E-02,
    4.761904761905E-02,7.142857142857E-02,9.52380952381E-02,
    0.119047619048,0.142857142857,0.166666666667,0.190476190476,
    0.214285714286,0.238095238095,0.261904761905,0.285714285714,
    0.309523809524,0.333333333333,0.357142857143,0.380952380952,
    0.404761904762,0.428571428571,0.452380952381,0.47619047619,0.5,
    0.52380952381,0.547619047619,0.571428571429,0.595238095238,
    0.619047619048,0.642857142857,0.666666666667,0.690476190476,
    0.714285714286,0.738095238095,0.761904761905,0.785714285714,
    0.809523809524,0.833333333333,0.857142857143,0.880952380952,
    0.904761904762,0.928571428571,0.952380952381,0.97619047619,1.),
.UNSPECIFIED.) CURVE() GEOMETRIC_REPRESENTATION_ITEM() 
RATIONAL_B_SPLINE_CURVE((1.,0.866025403784,1.,0.866025403784,1.,
    0.866025403784,1.,0.866025403784,1.,0.866025403784,1.,0.866025403784
    ,1.,0.866025403784,1.,0.866025403784,1.,0.866025403784,1.,
    0.866025403784,1.,0.866025403784,1.,0.866025403784,1.,0.866025403784
    ,1.,0.866025403784,1.,0.866025403784,1.,0.866025403784,1.,
    0.866025403784,1.,0.866025403784,1.,0.866025403784,1.,0.866025403784
    ,1.,0.866025403784,1.,0.866025403784,1.,0.866025403784,1.,
    0.866025403784,1.,0.866025403784,1.,0.866025403784,1.,0.866025403784
    ,1.,0.866025403784,1.,0.866025403784,1.,0.866025403784,1.,
    0.866025403784,1.,0.866025403784,1.,0.866025403784,1.,0.866025403784
    ,1.,0.866025403784,1.,0.866025403784,1.,0.866025403784,1.,
    0.866025403784,1.,0.866025403784,1.,0.866025403784,1.,0.866025403784
,1.,0.866025403784,1.)) REPRESENTATION_ITEM('') );
#1054 = CARTESIAN_POINT('',(-33.6881011875,2.11E-15,-2.53125));
#1055 = CARTESIAN_POINT('',(-33.6881011875,-19.44983428909,-2.40625));
#1056 = CARTESIAN_POINT('',(-16.84405059375,-29.17475143363,-2.28125));
#1057 = CARTESIAN_POINT('',(-2.38E-15,-38.89966857818,-2.15625));
#1058 = CARTESIAN_POINT('',(16.84405059375,-29.17475143363,-2.03125));
#1059 = CARTESIAN_POINT('',(33.6881011875,-19.44983428909,-1.90625));
#1060 = CARTESIAN_POINT('',(33.6881011875,-2.01E-15,-1.78125));
#1061 = CARTESIAN_POINT('',(33.6881011875,19.449834289091,-1.65625));
#1062 = CARTESIAN_POINT('',(16.84405059375,29.174751433636,-1.53125));
#1063 = CARTESIAN_POINT('',(7.15E-15,38.899668578181,-1.40625));
#1064 = CARTESIAN_POINT('',(-16.84405059375,29.174751433636,-1.28125));
#1065 = CARTESIAN_POINT('',(-33.6881011875,19.449834289091,-1.15625));
#1066 = CARTESIAN_POINT('',(-33.6881011875,1.036E-14,-1.03125));
#1067 = CARTESIAN_POINT('',(-33.6881011875,-19.44983428909,-0.90625));
#1068 = CARTESIAN_POINT('',(-16.84405059375,-29.17475143363,-0.78125));
#1069 = CARTESIAN_POINT('',(-4.646E-14,-38.89966857818,-0.65625));
#1070 = CARTESIAN_POINT('',(16.84405059375,-29.17475143363,-0.53125));
#1071 = CARTESIAN_POINT('',(33.6881011875,-19.44983428909,-0.40625));
#1072 = CARTESIAN_POINT('',(33.6881011875,-1.026E-14,-0.28125));
#1073 = CARTESIAN_POINT('',(33.6881011875,19.449834289091,-0.15625));
#1074 = CARTESIAN_POINT('',(16.84405059375,29.174751433636,-3.125E-02));
#1075 = CARTESIAN_POINT('',(1.667E-14,38.899668578181,9.375E-02));
#1076 = CARTESIAN_POINT('',(-16.84405059375,29.174751433636,0.21875));
#1077 = CARTESIAN_POINT('',(-33.6881011875,19.449834289091,0.34375));
#1078 = CARTESIAN_POINT('',(-33.6881011875,1.861E-14,0.46875));
#1079 = CARTESIAN_POINT('',(-33.6881011875,-19.44983428909,0.59375));
#1080 = CARTESIAN_POINT('',(-16.84405059375,-29.17475143363,0.71875));
#1081 = CARTESIAN_POINT('',(-9.054E-14,-38.89966857818,0.84375));
#1082 = CARTESIAN_POINT('',(16.84405059375,-29.17475143363,0.96875));
#1083 = CARTESIAN_POINT('',(33.6881011875,-19.44983428909,1.09375));
#1084 = CARTESIAN_POINT('',(33.6881011875,-7.836E-14,1.21875));
#1085 = CARTESIAN_POINT('',(33.6881011875,19.44983428909,1.34375));
#1086 = CARTESIAN_POINT('',(16.84405059375,29.174751433636,1.46875));
#1087 = CARTESIAN_POINT('',(9.53E-14,38.899668578181,1.59375));
#1088 = CARTESIAN_POINT('',(-16.84405059375,29.174751433636,1.71875));
#1089 = CARTESIAN_POINT('',(-33.6881011875,19.449834289091,1.84375));
#1090 = CARTESIAN_POINT('',(-33.6881011875,2.687E-14,1.96875));
#1091 = CARTESIAN_POINT('',(-33.6881011875,-19.44983428909,2.09375));
#1092 = CARTESIAN_POINT('',(-16.84405059375,-29.17475143363,2.21875));
#1093 = CARTESIAN_POINT('',(-1.0006E-13,-38.89966857818,2.34375));
#1094 = CARTESIAN_POINT('',(16.84405059375,-29.17475143363,2.46875));
#1095 = CARTESIAN_POINT('',(33.6881011875,-19.44983428909,2.59375));
#1096 = CARTESIAN_POINT('',(33.6881011875,-2.677E-14,2.71875));
#1097 = CARTESIAN_POINT('',(33.6881011875,19.44983428909,2.84375));
#1098 = CARTESIAN_POINT('',(16.84405059375,29.174751433636,2.96875));
#1099 = CARTESIAN_POINT('',(1.0483E-13,38.899668578181,3.09375));
#1100 = CARTESIAN_POINT('',(-16.84405059375,29.174751433636,3.21875));
#1101 = CARTESIAN_POINT('',(-33.6881011875,19.449834289091,3.34375));
#1102 = CARTESIAN_POINT('',(-33.6881011875,3.512E-14,3.46875));
#1103 = CARTESIAN_POINT('',(-33.6881011875,-19.44983428909,3.59375));
#1104 = CARTESIAN_POINT('',(-16.84405059375,-29.17475143363,3.71875));
#1105 = CARTESIAN_POINT('',(-1.0959E-13,-38.89966857818,3.84375));
#1106 = CARTESIAN_POINT('',(16.84405059375,-29.17475143363,3.96875));
#1107 = CARTESIAN_POINT('',(33.6881011875,-19.44983428909,4.09375));
#1108 = CARTESIAN_POINT('',(33.6881011875,-1.547E-13,4.21875));
#1109 = CARTESIAN_POINT('',(33.6881011875,19.44983428909,4.34375));
#1110 = CARTESIAN_POINT('',(16.84405059375,29.174751433636,4.46875));
#1111 = CARTESIAN_POINT('',(1.1436E-13,38.899668578181,4.59375));
#1112 = CARTESIAN_POINT('',(-16.84405059375,29.174751433636,4.71875));
#1113 = CARTESIAN_POINT('',(-33.6881011875,19.449834289091,4.84375));
#1114 = CARTESIAN_POINT('',(-33.6881011875,1.6305E-13,4.96875));
#1115 = CARTESIAN_POINT('',(-33.6881011875,-19.44983428909,5.09375));
#1116 = CARTESIAN_POINT('',(-16.84405059375,-29.17475143363,5.21875));
#1117 = CARTESIAN_POINT('',(-2.5732E-13,-38.89966857818,5.34375));
#1118 = CARTESIAN_POINT('',(16.84405059375,-29.17475143363,5.46875));
#1119 = CARTESIAN_POINT('',(33.6881011875,-19.44983428909,5.59375));
#1120 = CARTESIAN_POINT('',(33.6881011875,-1.6295E-13,5.71875));
#1121 = CARTESIAN_POINT('',(33.6881011875,19.44983428909,5.84375));
#1122 = CARTESIAN_POINT('',(16.84405059375,29.174751433636,5.96875));
#1123 = CARTESIAN_POINT('',(1.2388E-13,38.899668578181,6.09375));
#1124 = CARTESIAN_POINT('',(-16.84405059375,29.174751433636,6.21875));
#1125 = CARTESIAN_POINT('',(-33.6881011875,19.449834289091,6.34375));
#1126 = CARTESIAN_POINT('',(-33.6881011875,5.162E-14,6.46875));
#1127 = CARTESIAN_POINT('',(-33.6881011875,-19.44983428909,6.59375));
#1128 = CARTESIAN_POINT('',(-16.84405059375,-29.17475143363,6.71875));
#1129 = CARTESIAN_POINT('',(-2.6685E-13,-38.89966857818,6.84375));
#1130 = CARTESIAN_POINT('',(16.84405059375,-29.17475143363,6.96875));
#1131 = CARTESIAN_POINT('',(33.6881011875,-19.44983428909,7.09375));
#1132 = CARTESIAN_POINT('',(33.6881011875,-1.712E-13,7.21875));
#1133 = CARTESIAN_POINT('',(33.6881011875,19.44983428909,7.34375));
#1134 = CARTESIAN_POINT('',(16.84405059375,29.174751433636,7.46875));
#1135 = CARTESIAN_POINT('',(1.3341E-13,38.899668578181,7.59375));
#1136 = CARTESIAN_POINT('',(-16.84405059375,29.174751433636,7.71875));
#1137 = CARTESIAN_POINT('',(-33.6881011875,19.449834289091,7.84375));
#1138 = CARTESIAN_POINT('',(-33.6881011875,5.987E-14,7.96875));
#1139 = ORIENTED_EDGE('',*,*,#1140,.F.);
#1140 = EDGE_CURVE('',#727,#1051,#1141,.T.);
#1141 = B_SPLINE_CURVE_WITH_KNOTS('',3,(#1142,#1143,#1144,#1145,#1146,
    #1147,#1148,#1149,#1150,#1151,#1152,#1153,#1154,#1155),
  .UNSPECIFIED.,.F.,.F.,(4,1,1,1,1,1,1,1,1,1,1,4),(0.117793984548,
    0.124497018105,0.127848534884,0.131200051663,0.134551568442,
    0.13790308522,0.144606118778,0.151309152336,0.158012185893,
    0.161363702672,0.164715219451,0.171418253009),.UNSPECIFIED.);
#1142 = CARTESIAN_POINT('',(31.051432645041,-13.06509442406,-1.4443E-13)
  );
#1143 = CARTESIAN_POINT('',(31.893790217897,-11.01830046855,-1.4443E-13)
  );
#1144 = CARTESIAN_POINT('',(32.862095522224,-7.829123731324,1.9106E-13)
  );
#1145 = CARTESIAN_POINT('',(33.518091448992,-3.393627880726,-2.816E-13)
  );
#1146 = CARTESIAN_POINT('',(33.678200428584,-8.339248239709E-02,7.61E-14
    ));
#1147 = CARTESIAN_POINT('',(33.517432634305,3.232377236789,-1.912E-14));
#1148 = CARTESIAN_POINT('',(32.853504109706,7.678134002998,1.189E-14));
#1149 = CARTESIAN_POINT('',(31.245547014793,12.958920904422,9.47E-15));
#1150 = CARTESIAN_POINT('',(28.048970833001,18.914932534894,-4.922E-14)
  );
#1151 = CARTESIAN_POINT('',(24.538213730264,23.173689141743,3.4811E-13)
  );
#1152 = CARTESIAN_POINT('',(21.201137281161,26.185837046931,-6.1444E-13)
  );
#1153 = CARTESIAN_POINT('',(17.638192375108,28.80991082606,4.11443E-12)
  );
#1154 = CARTESIAN_POINT('',(14.705375386998,30.373668911348,-2.7E-16));
#1155 = CARTESIAN_POINT('',(12.633037945313,31.229705632483,-2.7E-16));
#1156 = ORIENTED_EDGE('',*,*,#726,.T.);
#1157 = ORIENTED_EDGE('',*,*,#224,.T.);
#1158 = ( BOUNDED_SURFACE() B_SPLINE_SURFACE(3,2,(
    (#1159,#1160,#1161,#1162,#1163,#1164,#1165,#1166,#1167,#1168,#1169
      ,#1170,#1171,#1172,#1173,#1174,#1175,#1176,#1177,#1178,#1179,#1180
      ,#1181,#1182,#1183,#1184,#1185,#1186,#1187,#1188,#1189,#1190,#1191
      ,#1192,#1193,#1194,#1195,#1196,#1197,#1198,#1199)
    ,(#1200,#1201,#1202,#1203,#1204,#1205,#1206,#1207,#1208,#1209,#1210
      ,#1211,#1212,#1213,#1214,#1215,#1216,#1217,#1218,#1219,#1220,#1221
      ,#1222,#1223,#1224,#1225,#1226,#1227,#1228,#1229,#1230,#1231,#1232
      ,#1233,#1234,#1235,#1236,#1237,#1238,#1239,#1240)
    ,(#1241,#1242,#1243,#1244,#1245,#1246,#1247,#1248,#1249,#1250,#1251
      ,#1252,#1253,#1254,#1255,#1256,#1257,#1258,#1259,#1260,#1261,#1262
      ,#1263,#1264,#1265,#1266,#1267,#1268,#1269,#1270,#1271,#1272,#1273
      ,#1274,#1275,#1276,#1277,#1278,#1279,#1280,#1281)
    ,(#1282,#1283,#1284,#1285,#1286,#1287,#1288,#1289,#1290,#1291,#1292
      ,#1293,#1294,#1295,#1296,#1297,#1298,#1299,#1300,#1301,#1302,#1303
      ,#1304,#1305,#1306,#1307,#1308,#1309,#1310,#1311,#1312,#1313,#1314
      ,#1315,#1316,#1317,#1318,#1319,#1320,#1321,#1322
)),.UNSPECIFIED.,.F.,.F.,.F.) B_SPLINE_SURFACE_WITH_KNOTS((4,4),(3,2,2,2
    ,2,2,2,2,2,2,2,2,2,2,2,2,2,2,2,2,3),(0.,1.),(0.202440770092,
    0.214285714286,0.238095238095,0.261904761905,0.285714285714,
    0.309523809524,0.333333333333,0.357142857143,0.380952380952,
    0.404761904762,0.428571428571,0.452380952381,0.47619047619,0.5,
    0.52380952381,0.547619047619,0.571428571429,0.595238095238,
    0.619047619048,0.642857142857,0.662553038743),.UNSPECIFIED.) 
GEOMETRIC_REPRESENTATION_ITEM() RATIONAL_B_SPLINE_SURFACE((
    (0.933014393153,0.933349292149,1.,0.866025403784,1.,0.866025403784
      ,1.,0.866025403784,1.,0.866025403784,1.,0.866025403784,1.
      ,0.866025403784,1.,0.866025403784,1.,0.866025403784,1.
      ,0.866025403784,1.,0.866025403784,1.,0.866025403784,1.
      ,0.866025403784,1.,0.866025403784,1.,0.866025403784,1.
      ,0.866025403784,1.,0.866025403784,1.,0.866025403784,1.
      ,0.866025403784,1.,0.889172512664,0.961704144089)
    ,(0.73659031183,0.736854705774,0.78947368576,0.683704267487
      ,0.78947368576,0.683704267487,0.78947368576,0.683704267487
      ,0.78947368576,0.683704267487,0.78947368576,0.683704267487
      ,0.78947368576,0.683704267487,0.78947368576,0.683704267487
      ,0.78947368576,0.683704267487,0.78947368576,0.683704267487
      ,0.78947368576,0.683704267487,0.78947368576,0.683704267487
      ,0.78947368576,0.683704267487,0.78947368576,0.683704267487
      ,0.78947368576,0.683704267487,0.78947368576,0.683704267487
      ,0.78947368576,0.683704267487,0.78947368576,0.683704267487
      ,0.78947368576,0.683704267487,0.78947368576,0.701978300849
      ,0.759240115244)
    ,(0.73659031183,0.736854705774,0.78947368576,0.683704267487
      ,0.78947368576,0.683704267487,0.78947368576,0.683704267487
      ,0.78947368576,0.683704267487,0.78947368576,0.683704267487
      ,0.78947368576,0.683704267487,0.78947368576,0.683704267487
      ,0.78947368576,0.683704267487,0.78947368576,0.683704267487
      ,0.78947368576,0.683704267487,0.78947368576,0.683704267487
      ,0.78947368576,0.683704267487,0.78947368576,0.683704267487
      ,0.78947368576,0.683704267487,0.78947368576,0.683704267487
      ,0.78947368576,0.683704267487,0.78947368576,0.683704267487
      ,0.78947368576,0.683704267487,0.78947368576,0.701978300849
      ,0.759240115244)
    ,(0.933014393153,0.933349292149,1.,0.866025403784,1.,0.866025403784
      ,1.,0.866025403784,1.,0.866025403784,1.,0.866025403784,1.
      ,0.866025403784,1.,0.866025403784,1.,0.866025403784,1.
      ,0.866025403784,1.,0.866025403784,1.,0.866025403784,1.
      ,0.866025403784,1.,0.866025403784,1.,0.866025403784,1.
      ,0.866025403784,1.,0.866025403784,1.,0.866025403784,1.
      ,0.866025403784,1.,0.889172512664,0.961704144089
))) REPRESENTATION_ITEM('') SURFACE() );
#1159 = CARTESIAN_POINT('',(29.220001928644,-16.7654301737,
    -0.405576820707));
#1160 = CARTESIAN_POINT('',(33.6881011875,-8.978104253134,
    -0.338950390397));
#1161 = CARTESIAN_POINT('',(33.6881011875,-2.01E-15,-0.28125));
#1162 = CARTESIAN_POINT('',(33.6881011875,19.449834289091,-0.15625));
#1163 = CARTESIAN_POINT('',(16.84405059375,29.174751433636,-3.125E-02));
#1164 = CARTESIAN_POINT('',(7.15E-15,38.899668578181,9.375E-02));
#1165 = CARTESIAN_POINT('',(-16.84405059375,29.174751433636,0.21875));
#1166 = CARTESIAN_POINT('',(-33.6881011875,19.449834289091,0.34375));
#1167 = CARTESIAN_POINT('',(-33.6881011875,2.11E-15,0.46875));
#1168 = CARTESIAN_POINT('',(-33.6881011875,-19.44983428909,0.59375));
#1169 = CARTESIAN_POINT('',(-16.84405059375,-29.17475143363,0.71875));
#1170 = CARTESIAN_POINT('',(-2.38E-15,-38.89966857818,0.84375));
#1171 = CARTESIAN_POINT('',(16.84405059375,-29.17475143363,0.96875));
#1172 = CARTESIAN_POINT('',(33.6881011875,-19.44983428909,1.09375));
#1173 = CARTESIAN_POINT('',(33.6881011875,-2.01E-15,1.21875));
#1174 = CARTESIAN_POINT('',(33.6881011875,19.449834289091,1.34375));
#1175 = CARTESIAN_POINT('',(16.84405059375,29.174751433636,1.46875));
#1176 = CARTESIAN_POINT('',(7.15E-15,38.899668578181,1.59375));
#1177 = CARTESIAN_POINT('',(-16.84405059375,29.174751433636,1.71875));
#1178 = CARTESIAN_POINT('',(-33.6881011875,19.449834289091,1.84375));
#1179 = CARTESIAN_POINT('',(-33.6881011875,2.11E-15,1.96875));
#1180 = CARTESIAN_POINT('',(-33.6881011875,-19.44983428909,2.09375));
#1181 = CARTESIAN_POINT('',(-16.84405059375,-29.17475143363,2.21875));
#1182 = CARTESIAN_POINT('',(-2.38E-15,-38.89966857818,2.34375));
#1183 = CARTESIAN_POINT('',(16.84405059375,-29.17475143363,2.46875));
#1184 = CARTESIAN_POINT('',(33.6881011875,-19.44983428909,2.59375));
#1185 = CARTESIAN_POINT('',(33.6881011875,-2.01E-15,2.71875));
#1186 = CARTESIAN_POINT('',(33.6881011875,19.449834289091,2.84375));
#1187 = CARTESIAN_POINT('',(16.84405059375,29.174751433636,2.96875));
#1188 = CARTESIAN_POINT('',(7.15E-15,38.899668578181,3.09375));
#1189 = CARTESIAN_POINT('',(-16.84405059375,29.174751433636,3.21875));
#1190 = CARTESIAN_POINT('',(-33.6881011875,19.449834289091,3.34375));
#1191 = CARTESIAN_POINT('',(-33.6881011875,2.11E-15,3.46875));
#1192 = CARTESIAN_POINT('',(-33.6881011875,-19.44983428909,3.59375));
#1193 = CARTESIAN_POINT('',(-16.84405059375,-29.17475143363,3.71875));
#1194 = CARTESIAN_POINT('',(-2.38E-15,-38.89966857818,3.84375));
#1195 = CARTESIAN_POINT('',(16.84405059375,-29.17475143363,3.96875));
#1196 = CARTESIAN_POINT('',(33.6881011875,-19.44983428909,4.09375));
#1197 = CARTESIAN_POINT('',(33.6881011875,-2.01E-15,4.21875));
#1198 = CARTESIAN_POINT('',(33.6881011875,15.670596883145,4.319461634931
    ));
#1199 = CARTESIAN_POINT('',(21.702630052506,25.765946720881,
    4.428814525623));
#1200 = CARTESIAN_POINT('',(29.119846827579,-16.70796462809,
    -0.297243487219));
#1201 = CARTESIAN_POINT('',(33.572631134234,-8.947330711741,
    -0.230617056909));
#1202 = CARTESIAN_POINT('',(33.572631134234,-2.E-15,-0.172916666511));
#1203 = CARTESIAN_POINT('',(33.572631134234,19.383167622754,
    -4.791666651129E-02));
#1204 = CARTESIAN_POINT('',(16.786315567117,29.074751434131,
    7.708333348871E-02));
#1205 = CARTESIAN_POINT('',(7.12E-15,38.766335245508,0.202083333489));
#1206 = CARTESIAN_POINT('',(-16.78631556711,29.074751434131,
    0.327083333489));
#1207 = CARTESIAN_POINT('',(-33.57263113423,19.383167622754,
    0.452083333489));
#1208 = CARTESIAN_POINT('',(-33.57263113423,2.11E-15,0.577083333489));
#1209 = CARTESIAN_POINT('',(-33.57263113423,-19.38316762275,
    0.702083333489));
#1210 = CARTESIAN_POINT('',(-16.78631556711,-29.07475143413,
    0.827083333489));
#1211 = CARTESIAN_POINT('',(-2.37E-15,-38.7663352455,0.952083333489));
#1212 = CARTESIAN_POINT('',(16.786315567117,-29.07475143413,
    1.077083333489));
#1213 = CARTESIAN_POINT('',(33.572631134234,-19.38316762275,
    1.202083333489));
#1214 = CARTESIAN_POINT('',(33.572631134234,-2.E-15,1.327083333489));
#1215 = CARTESIAN_POINT('',(33.572631134234,19.383167622754,
    1.452083333489));
#1216 = CARTESIAN_POINT('',(16.786315567117,29.074751434131,
    1.577083333489));
#1217 = CARTESIAN_POINT('',(7.12E-15,38.766335245508,1.702083333489));
#1218 = CARTESIAN_POINT('',(-16.78631556711,29.074751434131,
    1.827083333489));
#1219 = CARTESIAN_POINT('',(-33.57263113423,19.383167622754,
    1.952083333489));
#1220 = CARTESIAN_POINT('',(-33.57263113423,2.11E-15,2.077083333489));
#1221 = CARTESIAN_POINT('',(-33.57263113423,-19.38316762275,
    2.202083333489));
#1222 = CARTESIAN_POINT('',(-16.78631556711,-29.07475143413,
    2.327083333489));
#1223 = CARTESIAN_POINT('',(-2.37E-15,-38.7663352455,2.452083333489));
#1224 = CARTESIAN_POINT('',(16.786315567117,-29.07475143413,
    2.577083333489));
#1225 = CARTESIAN_POINT('',(33.572631134234,-19.38316762275,
    2.702083333489));
#1226 = CARTESIAN_POINT('',(33.572631134234,-2.E-15,2.827083333489));
#1227 = CARTESIAN_POINT('',(33.572631134234,19.383167622754,
    2.952083333489));
#1228 = CARTESIAN_POINT('',(16.786315567117,29.074751434131,
    3.077083333489));
#1229 = CARTESIAN_POINT('',(7.12E-15,38.766335245508,3.202083333489));
#1230 = CARTESIAN_POINT('',(-16.78631556711,29.074751434131,
    3.327083333489));
#1231 = CARTESIAN_POINT('',(-33.57263113423,19.383167622754,
    3.452083333489));
#1232 = CARTESIAN_POINT('',(-33.57263113423,2.11E-15,3.577083333489));
#1233 = CARTESIAN_POINT('',(-33.57263113423,-19.38316762275,
    3.702083333489));
#1234 = CARTESIAN_POINT('',(-16.78631556711,-29.07475143413,
    3.827083333489));
#1235 = CARTESIAN_POINT('',(-2.37E-15,-38.7663352455,3.952083333489));
#1236 = CARTESIAN_POINT('',(16.786315567117,-29.07475143413,
    4.077083333489));
#1237 = CARTESIAN_POINT('',(33.572631134234,-19.38316762275,
    4.202083333489));
#1238 = CARTESIAN_POINT('',(33.572631134234,-2.E-15,4.327083333489));
#1239 = CARTESIAN_POINT('',(33.572631134234,15.616884011448,
    4.42779496842));
#1240 = CARTESIAN_POINT('',(21.628241655421,25.677630813025,
    4.537147859111));
#1241 = CARTESIAN_POINT('',(29.119846827579,-16.70796462809,
    -0.138910154196));
#1242 = CARTESIAN_POINT('',(33.572631134234,-8.947330711741,
    -7.228372388592E-02));
#1243 = CARTESIAN_POINT('',(33.572631134234,-2.E-15,-1.458333348871E-02)
  );
#1244 = CARTESIAN_POINT('',(33.572631134234,19.383167622754,
    0.110416666511));
#1245 = CARTESIAN_POINT('',(16.786315567117,29.074751434131,
    0.235416666511));
#1246 = CARTESIAN_POINT('',(7.12E-15,38.766335245508,0.360416666511));
#1247 = CARTESIAN_POINT('',(-16.78631556711,29.074751434131,
    0.485416666511));
#1248 = CARTESIAN_POINT('',(-33.57263113423,19.383167622754,
    0.610416666511));
#1249 = CARTESIAN_POINT('',(-33.57263113423,2.11E-15,0.735416666511));
#1250 = CARTESIAN_POINT('',(-33.57263113423,-19.38316762275,
    0.860416666511));
#1251 = CARTESIAN_POINT('',(-16.78631556711,-29.07475143413,
    0.985416666511));
#1252 = CARTESIAN_POINT('',(-2.37E-15,-38.7663352455,1.110416666511));
#1253 = CARTESIAN_POINT('',(16.786315567117,-29.07475143413,
    1.235416666511));
#1254 = CARTESIAN_POINT('',(33.572631134234,-19.38316762275,
    1.360416666511));
#1255 = CARTESIAN_POINT('',(33.572631134234,-2.E-15,1.485416666511));
#1256 = CARTESIAN_POINT('',(33.572631134234,19.383167622754,
    1.610416666511));
#1257 = CARTESIAN_POINT('',(16.786315567117,29.074751434131,
    1.735416666511));
#1258 = CARTESIAN_POINT('',(7.12E-15,38.766335245508,1.860416666511));
#1259 = CARTESIAN_POINT('',(-16.78631556711,29.074751434131,
    1.985416666511));
#1260 = CARTESIAN_POINT('',(-33.57263113423,19.383167622754,
    2.110416666511));
#1261 = CARTESIAN_POINT('',(-33.57263113423,2.11E-15,2.235416666511));
#1262 = CARTESIAN_POINT('',(-33.57263113423,-19.38316762275,
    2.360416666511));
#1263 = CARTESIAN_POINT('',(-16.78631556711,-29.07475143413,
    2.485416666511));
#1264 = CARTESIAN_POINT('',(-2.37E-15,-38.7663352455,2.610416666511));
#1265 = CARTESIAN_POINT('',(16.786315567117,-29.07475143413,
    2.735416666511));
#1266 = CARTESIAN_POINT('',(33.572631134234,-19.38316762275,
    2.860416666511));
#1267 = CARTESIAN_POINT('',(33.572631134234,-2.E-15,2.985416666511));
#1268 = CARTESIAN_POINT('',(33.572631134234,19.383167622754,
    3.110416666511));
#1269 = CARTESIAN_POINT('',(16.786315567117,29.074751434131,
    3.235416666511));
#1270 = CARTESIAN_POINT('',(7.12E-15,38.766335245508,3.360416666511));
#1271 = CARTESIAN_POINT('',(-16.78631556711,29.074751434131,
    3.485416666511));
#1272 = CARTESIAN_POINT('',(-33.57263113423,19.383167622754,
    3.610416666511));
#1273 = CARTESIAN_POINT('',(-33.57263113423,2.11E-15,3.735416666511));
#1274 = CARTESIAN_POINT('',(-33.57263113423,-19.38316762275,
    3.860416666511));
#1275 = CARTESIAN_POINT('',(-16.78631556711,-29.07475143413,
    3.985416666511));
#1276 = CARTESIAN_POINT('',(-2.37E-15,-38.7663352455,4.110416666511));
#1277 = CARTESIAN_POINT('',(16.786315567117,-29.07475143413,
    4.235416666511));
#1278 = CARTESIAN_POINT('',(33.572631134234,-19.38316762275,
    4.360416666511));
#1279 = CARTESIAN_POINT('',(33.572631134234,-2.E-15,4.485416666511));
#1280 = CARTESIAN_POINT('',(33.572631134234,15.616884011448,
    4.586128301442));
#1281 = CARTESIAN_POINT('',(21.628241655421,25.677630813025,
    4.695481192134));
#1282 = CARTESIAN_POINT('',(29.220001928644,-16.7654301737,
    -3.057682070728E-02));
#1283 = CARTESIAN_POINT('',(33.6881011875,-8.978104253134,
    3.604960960278E-02));
#1284 = CARTESIAN_POINT('',(33.6881011875,-2.01E-15,9.375E-02));
#1285 = CARTESIAN_POINT('',(33.6881011875,19.449834289091,0.21875));
#1286 = CARTESIAN_POINT('',(16.84405059375,29.174751433636,0.34375));
#1287 = CARTESIAN_POINT('',(7.15E-15,38.899668578181,0.46875));
#1288 = CARTESIAN_POINT('',(-16.84405059375,29.174751433636,0.59375));
#1289 = CARTESIAN_POINT('',(-33.6881011875,19.449834289091,0.71875));
#1290 = CARTESIAN_POINT('',(-33.6881011875,2.11E-15,0.84375));
#1291 = CARTESIAN_POINT('',(-33.6881011875,-19.44983428909,0.96875));
#1292 = CARTESIAN_POINT('',(-16.84405059375,-29.17475143363,1.09375));
#1293 = CARTESIAN_POINT('',(-2.38E-15,-38.89966857818,1.21875));
#1294 = CARTESIAN_POINT('',(16.84405059375,-29.17475143363,1.34375));
#1295 = CARTESIAN_POINT('',(33.6881011875,-19.44983428909,1.46875));
#1296 = CARTESIAN_POINT('',(33.6881011875,-2.01E-15,1.59375));
#1297 = CARTESIAN_POINT('',(33.6881011875,19.449834289091,1.71875));
#1298 = CARTESIAN_POINT('',(16.84405059375,29.174751433636,1.84375));
#1299 = CARTESIAN_POINT('',(7.15E-15,38.899668578181,1.96875));
#1300 = CARTESIAN_POINT('',(-16.84405059375,29.174751433636,2.09375));
#1301 = CARTESIAN_POINT('',(-33.6881011875,19.449834289091,2.21875));
#1302 = CARTESIAN_POINT('',(-33.6881011875,2.11E-15,2.34375));
#1303 = CARTESIAN_POINT('',(-33.6881011875,-19.44983428909,2.46875));
#1304 = CARTESIAN_POINT('',(-16.84405059375,-29.17475143363,2.59375));
#1305 = CARTESIAN_POINT('',(-2.38E-15,-38.89966857818,2.71875));
#1306 = CARTESIAN_POINT('',(16.84405059375,-29.17475143363,2.84375));
#1307 = CARTESIAN_POINT('',(33.6881011875,-19.44983428909,2.96875));
#1308 = CARTESIAN_POINT('',(33.6881011875,-2.01E-15,3.09375));
#1309 = CARTESIAN_POINT('',(33.6881011875,19.449834289091,3.21875));
#1310 = CARTESIAN_POINT('',(16.84405059375,29.174751433636,3.34375));
#1311 = CARTESIAN_POINT('',(7.15E-15,38.899668578181,3.46875));
#1312 = CARTESIAN_POINT('',(-16.84405059375,29.174751433636,3.59375));
#1313 = CARTESIAN_POINT('',(-33.6881011875,19.449834289091,3.71875));
#1314 = CARTESIAN_POINT('',(-33.6881011875,2.11E-15,3.84375));
#1315 = CARTESIAN_POINT('',(-33.6881011875,-19.44983428909,3.96875));
#1316 = CARTESIAN_POINT('',(-16.84405059375,-29.17475143363,4.09375));
#1317 = CARTESIAN_POINT('',(-2.38E-15,-38.89966857818,4.21875));
#1318 = CARTESIAN_POINT('',(16.84405059375,-29.17475143363,4.34375));
#1319 = CARTESIAN_POINT('',(33.6881011875,-19.44983428909,4.46875));
#1320 = CARTESIAN_POINT('',(33.6881011875,-2.01E-15,4.59375));
#1321 = CARTESIAN_POINT('',(33.6881011875,15.670596883145,4.694461634931
    ));
#1322 = CARTESIAN_POINT('',(21.702630052506,25.765946720881,
    4.803814525623));
#1323 = ADVANCED_FACE('',(#1324),#1452,.F.);
#1324 = FACE_BOUND('',#1325,.F.);
#1325 = EDGE_LOOP('',(#1326,#1340,#1430,#1450,#1451));
#1326 = ORIENTED_EDGE('',*,*,#1327,.T.);
#1327 = EDGE_CURVE('',#243,#1328,#1330,.T.);
#1328 = VERTEX_POINT('',#1329);
#1329 = CARTESIAN_POINT('',(33.676677582206,7.49208829527,3.8));
#1330 = B_SPLINE_CURVE_WITH_KNOTS('',3,(#1331,#1332,#1333,#1334,#1335,
    #1336,#1337,#1338,#1339),.UNSPECIFIED.,.F.,.F.,(4,1,1,1,1,1,4),(
    2.E-17,9.146590010094E-03,1.371988501514E-02,1.829318002019E-02,
    2.743977003028E-02,3.201306503533E-02,3.658636004038E-02),
  .UNSPECIFIED.);
#1331 = CARTESIAN_POINT('',(9.68321810654,32.487617442669,4.4));
#1332 = CARTESIAN_POINT('',(12.620217069422,31.665428385586,
    4.349007729079));
#1333 = CARTESIAN_POINT('',(16.816300456229,29.84793482838,
    4.279731602363));
#1334 = CARTESIAN_POINT('',(21.821616834573,26.354062013185,
    4.184096459302));
#1335 = CARTESIAN_POINT('',(26.251812301143,22.304499306297,
    4.084243255735));
#1336 = CARTESIAN_POINT('',(29.883536292051,17.345906076044,
    3.978711110822));
#1337 = CARTESIAN_POINT('',(32.408494649155,11.896393308202,
    3.875984047175));
#1338 = CARTESIAN_POINT('',(33.321256036366,8.974873002319,
    3.824935155274));
#1339 = CARTESIAN_POINT('',(33.676677582206,7.49208829527,3.8));
#1340 = ORIENTED_EDGE('',*,*,#1341,.F.);
#1341 = EDGE_CURVE('',#1342,#1328,#1344,.T.);
#1342 = VERTEX_POINT('',#1343);
#1343 = CARTESIAN_POINT('',(-34.5,2.E-15,0.));
#1344 = ( BOUNDED_CURVE() B_SPLINE_CURVE(2,(#1345,#1346,#1347,#1348,
    #1349,#1350,#1351,#1352,#1353,#1354,#1355,#1356,#1357,#1358,#1359,
    #1360,#1361,#1362,#1363,#1364,#1365,#1366,#1367,#1368,#1369,#1370,
    #1371,#1372,#1373,#1374,#1375,#1376,#1377,#1378,#1379,#1380,#1381,
    #1382,#1383,#1384,#1385,#1386,#1387,#1388,#1389,#1390,#1391,#1392,
    #1393,#1394,#1395,#1396,#1397,#1398,#1399,#1400,#1401,#1402,#1403,
    #1404,#1405,#1406,#1407,#1408,#1409,#1410,#1411,#1412,#1413,#1414,
    #1415,#1416,#1417,#1418,#1419,#1420,#1421,#1422,#1423,#1424,#1425,
    #1426,#1427,#1428,#1429),.UNSPECIFIED.,.F.,.F.) 
B_SPLINE_CURVE_WITH_KNOTS((3,2,2,2,2,2,2,2,2,2,2,2,2,2,2,2,2,2,2,2,2,2,2
    ,2,2,2,2,2,2,2,2,2,2,2,2,2,2,2,2,2,2,2,3),(0.,2.380952380952E-02,
    4.761904761905E-02,7.142857142857E-02,9.52380952381E-02,
    0.119047619048,0.142857142857,0.166666666667,0.190476190476,
    0.214285714286,0.238095238095,0.261904761905,0.285714285714,
    0.309523809524,0.333333333333,0.357142857143,0.380952380952,
    0.404761904762,0.428571428571,0.452380952381,0.47619047619,0.5,
    0.52380952381,0.547619047619,0.571428571429,0.595238095238,
    0.619047619048,0.642857142857,0.666666666667,0.690476190476,
    0.714285714286,0.738095238095,0.761904761905,0.785714285714,
    0.809523809524,0.833333333333,0.857142857143,0.880952380952,
    0.904761904762,0.928571428571,0.952380952381,0.97619047619,1.),
.UNSPECIFIED.) CURVE() GEOMETRIC_REPRESENTATION_ITEM() 
RATIONAL_B_SPLINE_CURVE((1.,0.866025403784,1.,0.866025403784,1.,
    0.866025403784,1.,0.866025403784,1.,0.866025403784,1.,0.866025403784
    ,1.,0.866025403784,1.,0.866025403784,1.,0.866025403784,1.,
    0.866025403784,1.,0.866025403784,1.,0.866025403784,1.,0.866025403784
    ,1.,0.866025403784,1.,0.866025403784,1.,0.866025403784,1.,
    0.866025403784,1.,0.866025403784,1.,0.866025403784,1.,0.866025403784
    ,1.,0.866025403784,1.,0.866025403784,1.,0.866025403784,1.,
    0.866025403784,1.,0.866025403784,1.,0.866025403784,1.,0.866025403784
    ,1.,0.866025403784,1.,0.866025403784,1.,0.866025403784,1.,
    0.866025403784,1.,0.866025403784,1.,0.866025403784,1.,0.866025403784
    ,1.,0.866025403784,1.,0.866025403784,1.,0.866025403784,1.,
    0.866025403784,1.,0.866025403784,1.,0.866025403784,1.,0.866025403784
,1.,0.866025403784,1.)) REPRESENTATION_ITEM('') );
#1345 = CARTESIAN_POINT('',(-34.5,2.11E-15,-3.));
#1346 = CARTESIAN_POINT('',(-34.5,-19.91858428704,-2.875));
#1347 = CARTESIAN_POINT('',(-17.25,-29.87787643056,-2.75));
#1348 = CARTESIAN_POINT('',(-2.44E-15,-39.83716857408,-2.625));
#1349 = CARTESIAN_POINT('',(17.25,-29.87787643056,-2.5));
#1350 = CARTESIAN_POINT('',(34.5,-19.91858428704,-2.375));
#1351 = CARTESIAN_POINT('',(34.5,-2.11E-15,-2.25));
#1352 = CARTESIAN_POINT('',(34.5,19.918584287042,-2.125));
#1353 = CARTESIAN_POINT('',(17.25,29.877876430563,-2.));
#1354 = CARTESIAN_POINT('',(7.32E-15,39.837168574084,-1.875));
#1355 = CARTESIAN_POINT('',(-17.25,29.877876430563,-1.75));
#1356 = CARTESIAN_POINT('',(-34.5,19.918584287042,-1.625));
#1357 = CARTESIAN_POINT('',(-34.5,1.056E-14,-1.5));
#1358 = CARTESIAN_POINT('',(-34.5,-19.91858428704,-1.375));
#1359 = CARTESIAN_POINT('',(-17.25,-29.87787643056,-1.25));
#1360 = CARTESIAN_POINT('',(-4.758E-14,-39.83716857408,-1.125));
#1361 = CARTESIAN_POINT('',(17.25,-29.87787643056,-1.));
#1362 = CARTESIAN_POINT('',(34.5,-19.91858428704,-0.875));
#1363 = CARTESIAN_POINT('',(34.5,-1.056E-14,-0.75));
#1364 = CARTESIAN_POINT('',(34.5,19.918584287042,-0.625));
#1365 = CARTESIAN_POINT('',(17.25,29.877876430563,-0.5));
#1366 = CARTESIAN_POINT('',(1.708E-14,39.837168574084,-0.375));
#1367 = CARTESIAN_POINT('',(-17.25,29.877876430563,-0.25));
#1368 = CARTESIAN_POINT('',(-34.5,19.918584287042,-0.125));
#1369 = CARTESIAN_POINT('',(-34.5,1.901E-14,0.));
#1370 = CARTESIAN_POINT('',(-34.5,-19.91858428704,0.125));
#1371 = CARTESIAN_POINT('',(-17.25,-29.87787643056,0.25));
#1372 = CARTESIAN_POINT('',(-9.272E-14,-39.83716857408,0.375));
#1373 = CARTESIAN_POINT('',(17.25,-29.87787643056,0.5));
#1374 = CARTESIAN_POINT('',(34.5,-19.91858428704,0.625));
#1375 = CARTESIAN_POINT('',(34.5,-8.03E-14,0.75));
#1376 = CARTESIAN_POINT('',(34.5,19.918584287042,0.875));
#1377 = CARTESIAN_POINT('',(17.25,29.877876430563,1.));
#1378 = CARTESIAN_POINT('',(9.76E-14,39.837168574084,1.125));
#1379 = CARTESIAN_POINT('',(-17.25,29.877876430563,1.25));
#1380 = CARTESIAN_POINT('',(-34.5,19.918584287042,1.375));
#1381 = CARTESIAN_POINT('',(-34.5,2.746E-14,1.5));
#1382 = CARTESIAN_POINT('',(-34.5,-19.91858428704,1.625));
#1383 = CARTESIAN_POINT('',(-17.25,-29.87787643056,1.75));
#1384 = CARTESIAN_POINT('',(-1.0248E-13,-39.83716857408,1.875));
#1385 = CARTESIAN_POINT('',(17.25,-29.87787643056,2.));
#1386 = CARTESIAN_POINT('',(34.5,-19.91858428704,2.125));
#1387 = CARTESIAN_POINT('',(34.5,-2.746E-14,2.25));
#1388 = CARTESIAN_POINT('',(34.5,19.918584287042,2.375));
#1389 = CARTESIAN_POINT('',(17.25,29.877876430563,2.5));
#1390 = CARTESIAN_POINT('',(1.0735E-13,39.837168574084,2.625));
#1391 = CARTESIAN_POINT('',(-17.25,29.877876430563,2.75));
#1392 = CARTESIAN_POINT('',(-34.5,19.918584287042,2.875));
#1393 = CARTESIAN_POINT('',(-34.5,3.591E-14,3.));
#1394 = CARTESIAN_POINT('',(-34.5,-19.91858428704,3.125));
#1395 = CARTESIAN_POINT('',(-17.25,-29.87787643056,3.25));
#1396 = CARTESIAN_POINT('',(-1.1223E-13,-39.83716857408,3.375));
#1397 = CARTESIAN_POINT('',(17.25,-29.87787643056,3.5));
#1398 = CARTESIAN_POINT('',(34.5,-19.91858428704,3.625));
#1399 = CARTESIAN_POINT('',(34.5,-1.5848E-13,3.75));
#1400 = CARTESIAN_POINT('',(34.5,19.918584287042,3.875));
#1401 = CARTESIAN_POINT('',(17.25,29.877876430563,4.));
#1402 = CARTESIAN_POINT('',(1.1711E-13,39.837168574084,4.125));
#1403 = CARTESIAN_POINT('',(-17.25,29.877876430563,4.25));
#1404 = CARTESIAN_POINT('',(-34.5,19.918584287042,4.375));
#1405 = CARTESIAN_POINT('',(-34.5,1.6693E-13,4.5));
#1406 = CARTESIAN_POINT('',(-34.5,-19.91858428704,4.625));
#1407 = CARTESIAN_POINT('',(-17.25,-29.87787643056,4.75));
#1408 = CARTESIAN_POINT('',(-2.6352E-13,-39.83716857408,4.875));
#1409 = CARTESIAN_POINT('',(17.25,-29.87787643056,5.));
#1410 = CARTESIAN_POINT('',(34.5,-19.91858428704,5.125));
#1411 = CARTESIAN_POINT('',(34.5,-1.6693E-13,5.25));
#1412 = CARTESIAN_POINT('',(34.5,19.918584287042,5.375));
#1413 = CARTESIAN_POINT('',(17.25,29.877876430563,5.5));
#1414 = CARTESIAN_POINT('',(1.2687E-13,39.837168574084,5.625));
#1415 = CARTESIAN_POINT('',(-17.25,29.877876430563,5.75));
#1416 = CARTESIAN_POINT('',(-34.5,19.918584287042,5.875));
#1417 = CARTESIAN_POINT('',(-34.5,5.281E-14,6.));
#1418 = CARTESIAN_POINT('',(-34.5,-19.91858428704,6.125));
#1419 = CARTESIAN_POINT('',(-17.25,-29.87787643056,6.25));
#1420 = CARTESIAN_POINT('',(-2.7328E-13,-39.83716857408,6.375));
#1421 = CARTESIAN_POINT('',(17.25,-29.87787643056,6.5));
#1422 = CARTESIAN_POINT('',(34.5,-19.91858428704,6.625));
#1423 = CARTESIAN_POINT('',(34.5,-1.7538E-13,6.75));
#1424 = CARTESIAN_POINT('',(34.5,19.918584287042,6.875));
#1425 = CARTESIAN_POINT('',(17.25,29.877876430563,7.));
#1426 = CARTESIAN_POINT('',(1.3663E-13,39.837168574084,7.125));
#1427 = CARTESIAN_POINT('',(-17.25,29.877876430563,7.25));
#1428 = CARTESIAN_POINT('',(-34.5,19.918584287042,7.375));
#1429 = CARTESIAN_POINT('',(-34.5,6.126E-14,7.5));
#1430 = ORIENTED_EDGE('',*,*,#1431,.T.);
#1431 = EDGE_CURVE('',#1342,#1051,#1432,.T.);
#1432 = B_SPLINE_CURVE_WITH_KNOTS('',3,(#1433,#1434,#1435,#1436,#1437,
    #1438,#1439,#1440,#1441,#1442,#1443,#1444,#1445,#1446,#1447,#1448,
    #1449),.UNSPECIFIED.,.F.,.F.,(4,1,1,1,1,1,1,1,1,1,1,1,1,1,4),(
    0.106083478497,0.114485706994,0.118686821242,0.12288793549,
    0.127089049739,0.131290163987,0.135491278236,0.139692392484,
    0.143893506733,0.148094620981,0.15229573523,0.156496849478,
    0.160697963727,0.164899077975,0.173301306472),.UNSPECIFIED.);
#1433 = CARTESIAN_POINT('',(-34.5,2.11E-15,-4.4E-16));
#1434 = CARTESIAN_POINT('',(-34.46953979564,2.802338813181,-4.4E-16));
#1435 = CARTESIAN_POINT('',(-33.91339761046,6.95969906601,2.31E-15));
#1436 = CARTESIAN_POINT('',(-32.16714077164,12.295171482495,-1.8E-15));
#1437 = CARTESIAN_POINT('',(-30.40661395814,16.050197834075,1.21E-15));
#1438 = CARTESIAN_POINT('',(-28.20486043074,19.576700052325,3.5E-16));
#1439 = CARTESIAN_POINT('',(-25.55347977949,22.849571095133,8.5E-16));
#1440 = CARTESIAN_POINT('',(-22.57970785849,25.723320688518,8.8E-16));
#1441 = CARTESIAN_POINT('',(-19.24861648731,28.246197955372,3.5E-16));
#1442 = CARTESIAN_POINT('',(-15.61824704115,30.350558856269,-7.E-16));
#1443 = CARTESIAN_POINT('',(-11.81866022192,31.971046216969,1.53E-15));
#1444 = CARTESIAN_POINT('',(-7.780953744793,33.135087275448,-2.8E-16));
#1445 = CARTESIAN_POINT('',(-3.659348527961,33.78345858987,7.4E-16));
#1446 = CARTESIAN_POINT('',(0.476660070351,33.927216577898,3.2E-16));
#1447 = CARTESIAN_POINT('',(6.074982339501,33.427105135621,9.4E-16));
#1448 = CARTESIAN_POINT('',(10.064010210125,32.304721671308,4.E-16));
#1449 = CARTESIAN_POINT('',(12.633037945313,31.229705632483,4.E-16));
#1450 = ORIENTED_EDGE('',*,*,#1050,.T.);
#1451 = ORIENTED_EDGE('',*,*,#242,.T.);
#1452 = ( BOUNDED_SURFACE() B_SPLINE_SURFACE(1,2,(
    (#1453,#1454,#1455,#1456,#1457,#1458,#1459,#1460,#1461,#1462,#1463
      ,#1464,#1465,#1466,#1467,#1468,#1469,#1470,#1471,#1472,#1473,#1474
      ,#1475,#1476,#1477,#1478,#1479,#1480,#1481,#1482,#1483,#1484,#1485
      ,#1486,#1487,#1488,#1489,#1490,#1491)
    ,(#1492,#1493,#1494,#1495,#1496,#1497,#1498,#1499,#1500,#1501,#1502
      ,#1503,#1504,#1505,#1506,#1507,#1508,#1509,#1510,#1511,#1512,#1513
      ,#1514,#1515,#1516,#1517,#1518,#1519,#1520,#1521,#1522,#1523,#1524
      ,#1525,#1526,#1527,#1528,#1529,#1530
)),.UNSPECIFIED.,.F.,.F.,.F.) B_SPLINE_SURFACE_WITH_KNOTS((2,2),(3,2,2,2
    ,2,2,2,2,2,2,2,2,2,2,2,2,2,2,2,3),(0.,1.),(0.238769637996,
    0.261904761905,0.285714285714,0.309523809524,0.333333333333,
    0.357142857143,0.380952380952,0.404761904762,0.428571428571,
    0.452380952381,0.47619047619,0.5,0.52380952381,0.547619047619,
    0.571428571429,0.595238095238,0.619047619048,0.642857142857,
    0.666666666667,0.674675464201),.UNSPECIFIED.) 
GEOMETRIC_REPRESENTATION_ITEM() RATIONAL_B_SPLINE_SURFACE((
    (0.99262536788,0.869820206867,1.,0.866025403784,1.,0.866025403784,1.
      ,0.866025403784,1.,0.866025403784,1.,0.866025403784,1.
      ,0.866025403784,1.,0.866025403784,1.,0.866025403784,1.
      ,0.866025403784,1.,0.866025403784,1.,0.866025403784,1.
      ,0.866025403784,1.,0.866025403784,1.,0.866025403784,1.
      ,0.866025403784,1.,0.866025403784,1.,0.866025403784,1.
      ,0.954935032533,0.940187025896)
    ,(0.99262536788,0.869820206867,1.,0.866025403784,1.,0.866025403784
      ,1.,0.866025403784,1.,0.866025403784,1.,0.866025403784,1.
      ,0.866025403784,1.,0.866025403784,1.,0.866025403784,1.
      ,0.866025403784,1.,0.866025403784,1.,0.866025403784,1.
      ,0.866025403784,1.,0.866025403784,1.,0.866025403784,1.
      ,0.866025403784,1.,0.866025403784,1.,0.866025403784,1.
,0.954935032533,0.940187025896))) REPRESENTATION_ITEM('') SURFACE() );
#1453 = CARTESIAN_POINT('',(16.393691991896,30.356166801407,
    -0.493794869506));
#1454 = CARTESIAN_POINT('',(-0.561728416925,39.512854521361,
    -0.370929504225));
#1455 = CARTESIAN_POINT('',(-17.25,29.877876430563,-0.25));
#1456 = CARTESIAN_POINT('',(-34.5,19.918584287042,-0.125));
#1457 = CARTESIAN_POINT('',(-34.5,2.11E-15,0.));
#1458 = CARTESIAN_POINT('',(-34.5,-19.91858428704,0.125));
#1459 = CARTESIAN_POINT('',(-17.25,-29.87787643056,0.25));
#1460 = CARTESIAN_POINT('',(-2.44E-15,-39.83716857408,0.375));
#1461 = CARTESIAN_POINT('',(17.25,-29.87787643056,0.5));
#1462 = CARTESIAN_POINT('',(34.5,-19.91858428704,0.625));
#1463 = CARTESIAN_POINT('',(34.5,-2.11E-15,0.75));
#1464 = CARTESIAN_POINT('',(34.5,19.918584287042,0.875));
#1465 = CARTESIAN_POINT('',(17.25,29.877876430563,1.));
#1466 = CARTESIAN_POINT('',(7.32E-15,39.837168574084,1.125));
#1467 = CARTESIAN_POINT('',(-17.25,29.877876430563,1.25));
#1468 = CARTESIAN_POINT('',(-34.5,19.918584287042,1.375));
#1469 = CARTESIAN_POINT('',(-34.5,2.11E-15,1.5));
#1470 = CARTESIAN_POINT('',(-34.5,-19.91858428704,1.625));
#1471 = CARTESIAN_POINT('',(-17.25,-29.87787643056,1.75));
#1472 = CARTESIAN_POINT('',(-2.44E-15,-39.83716857408,1.875));
#1473 = CARTESIAN_POINT('',(17.25,-29.87787643056,2.));
#1474 = CARTESIAN_POINT('',(34.5,-19.91858428704,2.125));
#1475 = CARTESIAN_POINT('',(34.5,-2.11E-15,2.25));
#1476 = CARTESIAN_POINT('',(34.5,19.918584287042,2.375));
#1477 = CARTESIAN_POINT('',(17.25,29.877876430563,2.5));
#1478 = CARTESIAN_POINT('',(7.32E-15,39.837168574084,2.625));
#1479 = CARTESIAN_POINT('',(-17.25,29.877876430563,2.75));
#1480 = CARTESIAN_POINT('',(-34.5,19.918584287042,2.875));
#1481 = CARTESIAN_POINT('',(-34.5,2.11E-15,3.));
#1482 = CARTESIAN_POINT('',(-34.5,-19.91858428704,3.125));
#1483 = CARTESIAN_POINT('',(-17.25,-29.87787643056,3.25));
#1484 = CARTESIAN_POINT('',(-2.44E-15,-39.83716857408,3.375));
#1485 = CARTESIAN_POINT('',(17.25,-29.87787643056,3.5));
#1486 = CARTESIAN_POINT('',(34.5,-19.91858428704,3.625));
#1487 = CARTESIAN_POINT('',(34.5,-2.11E-15,3.75));
#1488 = CARTESIAN_POINT('',(34.5,19.918584287042,3.875));
#1489 = CARTESIAN_POINT('',(17.25,29.877876430563,4.));
#1490 = CARTESIAN_POINT('',(11.987858646057,32.915975157776,
    4.038131459087));
#1491 = CARTESIAN_POINT('',(6.004392973812,33.973478847714,
    4.081489905987));
#1492 = CARTESIAN_POINT('',(16.007894337962,29.641786054216,
    -2.504486950649E-02));
#1493 = CARTESIAN_POINT('',(-0.548509094182,38.582986705002,
    9.782049577482E-02));
#1494 = CARTESIAN_POINT('',(-16.84405059375,29.174751433636,0.21875));
#1495 = CARTESIAN_POINT('',(-33.6881011875,19.449834289091,0.34375));
#1496 = CARTESIAN_POINT('',(-33.6881011875,2.11E-15,0.46875));
#1497 = CARTESIAN_POINT('',(-33.6881011875,-19.44983428909,0.59375));
#1498 = CARTESIAN_POINT('',(-16.84405059375,-29.17475143363,0.71875));
#1499 = CARTESIAN_POINT('',(-2.38E-15,-38.89966857818,0.84375));
#1500 = CARTESIAN_POINT('',(16.84405059375,-29.17475143363,0.96875));
#1501 = CARTESIAN_POINT('',(33.6881011875,-19.44983428909,1.09375));
#1502 = CARTESIAN_POINT('',(33.6881011875,-2.01E-15,1.21875));
#1503 = CARTESIAN_POINT('',(33.6881011875,19.449834289091,1.34375));
#1504 = CARTESIAN_POINT('',(16.84405059375,29.174751433636,1.46875));
#1505 = CARTESIAN_POINT('',(7.15E-15,38.899668578181,1.59375));
#1506 = CARTESIAN_POINT('',(-16.84405059375,29.174751433636,1.71875));
#1507 = CARTESIAN_POINT('',(-33.6881011875,19.449834289091,1.84375));
#1508 = CARTESIAN_POINT('',(-33.6881011875,2.11E-15,1.96875));
#1509 = CARTESIAN_POINT('',(-33.6881011875,-19.44983428909,2.09375));
#1510 = CARTESIAN_POINT('',(-16.84405059375,-29.17475143363,2.21875));
#1511 = CARTESIAN_POINT('',(-2.38E-15,-38.89966857818,2.34375));
#1512 = CARTESIAN_POINT('',(16.84405059375,-29.17475143363,2.46875));
#1513 = CARTESIAN_POINT('',(33.6881011875,-19.44983428909,2.59375));
#1514 = CARTESIAN_POINT('',(33.6881011875,-2.01E-15,2.71875));
#1515 = CARTESIAN_POINT('',(33.6881011875,19.449834289091,2.84375));
#1516 = CARTESIAN_POINT('',(16.84405059375,29.174751433636,2.96875));
#1517 = CARTESIAN_POINT('',(7.15E-15,38.899668578181,3.09375));
#1518 = CARTESIAN_POINT('',(-16.84405059375,29.174751433636,3.21875));
#1519 = CARTESIAN_POINT('',(-33.6881011875,19.449834289091,3.34375));
#1520 = CARTESIAN_POINT('',(-33.6881011875,2.11E-15,3.46875));
#1521 = CARTESIAN_POINT('',(-33.6881011875,-19.44983428909,3.59375));
#1522 = CARTESIAN_POINT('',(-16.84405059375,-29.17475143363,3.71875));
#1523 = CARTESIAN_POINT('',(-2.38E-15,-38.89966857818,3.84375));
#1524 = CARTESIAN_POINT('',(16.84405059375,-29.17475143363,3.96875));
#1525 = CARTESIAN_POINT('',(33.6881011875,-19.44983428909,4.09375));
#1526 = CARTESIAN_POINT('',(33.6881011875,-2.01E-15,4.21875));
#1527 = CARTESIAN_POINT('',(33.6881011875,19.449834289091,4.34375));
#1528 = CARTESIAN_POINT('',(16.84405059375,29.174751433636,4.46875));
#1529 = CARTESIAN_POINT('',(11.705744785212,32.141353675374,
    4.506881459087));
#1530 = CARTESIAN_POINT('',(5.863089799168,33.173970814874,
    4.550239905987));
#1531 = ADVANCED_FACE('',(#1532),#1544,.T.);
#1532 = FACE_BOUND('',#1533,.T.);
#1533 = EDGE_LOOP('',(#1534,#1535,#1536,#1537));
#1534 = ORIENTED_EDGE('',*,*,#927,.T.);
#1535 = ORIENTED_EDGE('',*,*,#251,.F.);
#1536 = ORIENTED_EDGE('',*,*,#1327,.T.);
#1537 = ORIENTED_EDGE('',*,*,#1538,.T.);
#1538 = EDGE_CURVE('',#1328,#838,#1539,.T.);
#1539 = CIRCLE('',#1540,34.5);
#1540 = AXIS2_PLACEMENT_3D('',#1541,#1542,#1543);
#1541 = CARTESIAN_POINT('',(0.,0.,3.8));
#1542 = DIRECTION('',(0.,0.,1.));
#1543 = DIRECTION('',(1.,0.,0.));
#1544 = CONICAL_SURFACE('',#1545,33.9,0.785398163397);
#1545 = AXIS2_PLACEMENT_3D('',#1546,#1547,#1548);
#1546 = CARTESIAN_POINT('',(0.,0.,4.4));
#1547 = DIRECTION('',(0.,0.,-1.));
#1548 = DIRECTION('',(-1.,0.,0.));
#1549 = ADVANCED_FACE('',(#1550,#1576),#1587,.T.);
#1550 = FACE_BOUND('',#1551,.T.);
#1551 = EDGE_LOOP('',(#1552,#1553,#1561,#1570));
#1552 = ORIENTED_EDGE('',*,*,#290,.F.);
#1553 = ORIENTED_EDGE('',*,*,#1554,.F.);
#1554 = EDGE_CURVE('',#1555,#291,#1557,.T.);
#1555 = VERTEX_POINT('',#1556);
#1556 = CARTESIAN_POINT('',(10.930510719881,-15.5,-13.13591534985));
#1557 = LINE('',#1558,#1559);
#1558 = CARTESIAN_POINT('',(10.930602010125,-15.5,-37.202));
#1559 = VECTOR('',#1560,1.);
#1560 = DIRECTION('',(0.,0.,1.));
#1561 = ORIENTED_EDGE('',*,*,#1562,.F.);
#1562 = EDGE_CURVE('',#1563,#1555,#1565,.T.);
#1563 = VERTEX_POINT('',#1564);
#1564 = CARTESIAN_POINT('',(-10.93051071988,-15.5,-13.13591534985));
#1565 = HYPERBOLA('',#1566,12.238475151765,15.5);
#1566 = AXIS2_PLACEMENT_3D('',#1567,#1568,#1569);
#1567 = CARTESIAN_POINT('',(0.,-15.5,-28.11133469214));
#1568 = DIRECTION('',(0.,1.,0.));
#1569 = DIRECTION('',(0.,0.,1.));
#1570 = ORIENTED_EDGE('',*,*,#1571,.T.);
#1571 = EDGE_CURVE('',#1563,#293,#1572,.T.);
#1572 = LINE('',#1573,#1574);
#1573 = CARTESIAN_POINT('',(-10.93060201012,-15.5,-37.202));
#1574 = VECTOR('',#1575,1.);
#1575 = DIRECTION('',(0.,0.,1.));
#1576 = FACE_BOUND('',#1577,.T.);
#1577 = EDGE_LOOP('',(#1578));
#1578 = ORIENTED_EDGE('',*,*,#1579,.F.);
#1579 = EDGE_CURVE('',#1580,#1580,#1582,.T.);
#1580 = VERTEX_POINT('',#1581);
#1581 = CARTESIAN_POINT('',(5.05,-15.5,-8.060693798909));
#1582 = ELLIPSE('',#1583,5.374097751003,5.05);
#1583 = AXIS2_PLACEMENT_3D('',#1584,#1585,#1586);
#1584 = CARTESIAN_POINT('',(0.,-15.5,-8.060693798909));
#1585 = DIRECTION('',(0.,1.,0.));
#1586 = DIRECTION('',(0.,0.,-1.));
#1587 = PLANE('',#1588);
#1588 = AXIS2_PLACEMENT_3D('',#1589,#1590,#1591);
#1589 = CARTESIAN_POINT('',(13.,-15.5,0.));
#1590 = DIRECTION('',(0.,1.,0.));
#1591 = DIRECTION('',(-1.,0.,0.));
#1592 = ADVANCED_FACE('',(#1593),#1619,.T.);
#1593 = FACE_BOUND('',#1594,.T.);
#1594 = EDGE_LOOP('',(#1595,#1603,#1617,#1618));
#1595 = ORIENTED_EDGE('',*,*,#1596,.F.);
#1596 = EDGE_CURVE('',#1597,#476,#1599,.T.);
#1597 = VERTEX_POINT('',#1598);
#1598 = CARTESIAN_POINT('',(17.419390570546,-12.68993213556,
    -11.09467812773));
#1599 = LINE('',#1600,#1601);
#1600 = CARTESIAN_POINT('',(17.419390570546,-12.68993213556,-37.202));
#1601 = VECTOR('',#1602,1.);
#1602 = DIRECTION('',(0.,0.,1.));
#1603 = ORIENTED_EDGE('',*,*,#1604,.T.);
#1604 = EDGE_CURVE('',#1597,#1555,#1605,.T.);
#1605 = B_SPLINE_CURVE_WITH_KNOTS('',3,(#1606,#1607,#1608,#1609,#1610,
    #1611,#1612,#1613,#1614,#1615,#1616),.UNSPECIFIED.,.F.,.F.,(4,1,1,1,
    1,1,1,1,4),(3.1165611733E-07,1.616604261246E-03,3.232896866375E-03,
    4.849189471503E-03,6.465482076632E-03,8.081774681761E-03,
    9.698067286889E-03,1.131435989202E-02,1.293065249715E-02),
  .UNSPECIFIED.);
#1606 = CARTESIAN_POINT('',(17.419390570546,-12.68993213556,
    -11.09467812773));
#1607 = CARTESIAN_POINT('',(17.073641517028,-12.43721767951,
    -11.43282317249));
#1608 = CARTESIAN_POINT('',(16.317215082822,-12.04596454208,
    -12.09802820365));
#1609 = CARTESIAN_POINT('',(14.989558258872,-11.82282487277,
    -13.04203997114));
#1610 = CARTESIAN_POINT('',(13.540595090261,-12.06342378336,
    -13.80651089595));
#1611 = CARTESIAN_POINT('',(12.119342419441,-12.92414380104,
    -14.14363416873));
#1612 = CARTESIAN_POINT('',(11.16886820975,-14.28234485461,
    -13.80967801523));
#1613 = CARTESIAN_POINT('',(10.832660822429,-15.71758761851,
    -13.04368015013));
#1614 = CARTESIAN_POINT('',(10.966284550068,-17.04929562884,
    -12.1061744684));
#1615 = CARTESIAN_POINT('',(11.310918973808,-17.83961580053,
    -11.43291359977));
#1616 = CARTESIAN_POINT('',(11.54088631473,-18.20102987539,
    -11.09467812773));
#1617 = ORIENTED_EDGE('',*,*,#1554,.T.);
#1618 = ORIENTED_EDGE('',*,*,#484,.F.);
#1619 = CYLINDRICAL_SURFACE('',#1620,4.1);
#1620 = AXIS2_PLACEMENT_3D('',#1621,#1622,#1623);
#1621 = CARTESIAN_POINT('',(15.,-16.,-37.202));
#1622 = DIRECTION('',(0.,0.,1.));
#1623 = DIRECTION('',(1.,0.,0.));
#1624 = ADVANCED_FACE('',(#1625),#1651,.T.);
#1625 = FACE_BOUND('',#1626,.T.);
#1626 = EDGE_LOOP('',(#1627,#1643,#1649,#1650));
#1627 = ORIENTED_EDGE('',*,*,#1628,.F.);
#1628 = EDGE_CURVE('',#1629,#1563,#1631,.T.);
#1629 = VERTEX_POINT('',#1630);
#1630 = CARTESIAN_POINT('',(-17.41939057054,-12.68993213556,
    -11.09467812773));
#1631 = B_SPLINE_CURVE_WITH_KNOTS('',3,(#1632,#1633,#1634,#1635,#1636,
    #1637,#1638,#1639,#1640,#1641,#1642),.UNSPECIFIED.,.F.,.F.,(4,1,1,1,
    1,1,1,1,4),(3.1165611733E-07,1.616604261246E-03,3.232896866375E-03,
    4.849189471503E-03,6.465482076632E-03,8.081774681761E-03,
    9.698067286889E-03,1.131435989202E-02,1.293065249715E-02),
  .UNSPECIFIED.);
#1632 = CARTESIAN_POINT('',(-17.41939057054,-12.68993213556,
    -11.09467812773));
#1633 = CARTESIAN_POINT('',(-17.07364151702,-12.43721767951,
    -11.43282317249));
#1634 = CARTESIAN_POINT('',(-16.31721508282,-12.04596454208,
    -12.09802820365));
#1635 = CARTESIAN_POINT('',(-14.98955825887,-11.82282487277,
    -13.04203997114));
#1636 = CARTESIAN_POINT('',(-13.54059509026,-12.06342378336,
    -13.80651089595));
#1637 = CARTESIAN_POINT('',(-12.11934241944,-12.92414380104,
    -14.14363416873));
#1638 = CARTESIAN_POINT('',(-11.16886820975,-14.28234485461,
    -13.80967801523));
#1639 = CARTESIAN_POINT('',(-10.83266082242,-15.71758761851,
    -13.04368015013));
#1640 = CARTESIAN_POINT('',(-10.96628455006,-17.04929562884,
    -12.1061744684));
#1641 = CARTESIAN_POINT('',(-11.3109189738,-17.83961580053,
    -11.43291359977));
#1642 = CARTESIAN_POINT('',(-11.54088631473,-18.20102987539,
    -11.09467812773));
#1643 = ORIENTED_EDGE('',*,*,#1644,.T.);
#1644 = EDGE_CURVE('',#1629,#301,#1645,.T.);
#1645 = LINE('',#1646,#1647);
#1646 = CARTESIAN_POINT('',(-17.41939057054,-12.68993213556,-37.202));
#1647 = VECTOR('',#1648,1.);
#1648 = DIRECTION('',(0.,0.,1.));
#1649 = ORIENTED_EDGE('',*,*,#300,.T.);
#1650 = ORIENTED_EDGE('',*,*,#1571,.F.);
#1651 = CYLINDRICAL_SURFACE('',#1652,4.1);
#1652 = AXIS2_PLACEMENT_3D('',#1653,#1654,#1655);
#1653 = CARTESIAN_POINT('',(-15.,-16.,-37.202));
#1654 = DIRECTION('',(0.,0.,1.));
#1655 = DIRECTION('',(1.,0.,0.));
#1656 = ADVANCED_FACE('',(#1657),#1678,.F.);
#1657 = FACE_BOUND('',#1658,.F.);
#1658 = EDGE_LOOP('',(#1659,#1667,#1668,#1669));
#1659 = ORIENTED_EDGE('',*,*,#1660,.T.);
#1660 = EDGE_CURVE('',#1661,#467,#1663,.T.);
#1661 = VERTEX_POINT('',#1662);
#1662 = CARTESIAN_POINT('',(21.07142926748,-11.90104485436,
    -9.003521874547));
#1663 = LINE('',#1664,#1665);
#1664 = CARTESIAN_POINT('',(21.07142926748,-11.90104485436,-37.202));
#1665 = VECTOR('',#1666,1.);
#1666 = DIRECTION('',(0.,0.,1.));
#1667 = ORIENTED_EDGE('',*,*,#475,.F.);
#1668 = ORIENTED_EDGE('',*,*,#1596,.F.);
#1669 = ORIENTED_EDGE('',*,*,#1670,.T.);
#1670 = EDGE_CURVE('',#1597,#1661,#1671,.T.);
#1671 = B_SPLINE_CURVE_WITH_KNOTS('',3,(#1672,#1673,#1674,#1675,#1676,
    #1677),.UNSPECIFIED.,.F.,.F.,(4,1,1,4),(3.116773432E-07,
    2.38659292824E-03,3.579733553689E-03,4.772874179138E-03),
  .UNSPECIFIED.);
#1672 = CARTESIAN_POINT('',(17.419390570546,-12.68993213556,
    -11.09467812773));
#1673 = CARTESIAN_POINT('',(17.929822868245,-13.06301665785,
    -10.59547169348));
#1674 = CARTESIAN_POINT('',(18.901149247601,-13.34235226737,
    -9.850804644419));
#1675 = CARTESIAN_POINT('',(20.307428211693,-12.84178986429,
    -9.146316186365));
#1676 = CARTESIAN_POINT('',(20.87207954424,-12.2540040814,
    -9.003521874547));
#1677 = CARTESIAN_POINT('',(21.07142926748,-11.90104485436,
    -9.003521874547));
#1678 = CYLINDRICAL_SURFACE('',#1679,2.5);
#1679 = AXIS2_PLACEMENT_3D('',#1680,#1681,#1682);
#1680 = CARTESIAN_POINT('',(18.894628723319,-10.67159807188,-37.202));
#1681 = DIRECTION('',(0.,0.,1.));
#1682 = DIRECTION('',(1.,0.,0.));
#1683 = ADVANCED_FACE('',(#1684),#1705,.F.);
#1684 = FACE_BOUND('',#1685,.F.);
#1685 = EDGE_LOOP('',(#1686,#1687,#1695,#1704));
#1686 = ORIENTED_EDGE('',*,*,#309,.T.);
#1687 = ORIENTED_EDGE('',*,*,#1688,.F.);
#1688 = EDGE_CURVE('',#1689,#310,#1691,.T.);
#1689 = VERTEX_POINT('',#1690);
#1690 = CARTESIAN_POINT('',(-21.07142926748,-11.90104485436,
    -9.003521874547));
#1691 = LINE('',#1692,#1693);
#1692 = CARTESIAN_POINT('',(-21.07142926748,-11.90104485436,-37.202));
#1693 = VECTOR('',#1694,1.);
#1694 = DIRECTION('',(0.,0.,1.));
#1695 = ORIENTED_EDGE('',*,*,#1696,.F.);
#1696 = EDGE_CURVE('',#1629,#1689,#1697,.T.);
#1697 = B_SPLINE_CURVE_WITH_KNOTS('',3,(#1698,#1699,#1700,#1701,#1702,
    #1703),.UNSPECIFIED.,.F.,.F.,(4,1,1,4),(3.116773432E-07,
    2.38659292824E-03,3.579733553689E-03,4.772874179138E-03),
  .UNSPECIFIED.);
#1698 = CARTESIAN_POINT('',(-17.41939057054,-12.68993213556,
    -11.09467812773));
#1699 = CARTESIAN_POINT('',(-17.92982286824,-13.06301665785,
    -10.59547169348));
#1700 = CARTESIAN_POINT('',(-18.9011492476,-13.34235226737,
    -9.850804644419));
#1701 = CARTESIAN_POINT('',(-20.30742821169,-12.84178986429,
    -9.146316186365));
#1702 = CARTESIAN_POINT('',(-20.87207954424,-12.2540040814,
    -9.003521874547));
#1703 = CARTESIAN_POINT('',(-21.07142926748,-11.90104485436,
    -9.003521874547));
#1704 = ORIENTED_EDGE('',*,*,#1644,.T.);
#1705 = CYLINDRICAL_SURFACE('',#1706,2.5);
#1706 = AXIS2_PLACEMENT_3D('',#1707,#1708,#1709);
#1707 = CARTESIAN_POINT('',(-18.89462872331,-10.67159807188,-37.202));
#1708 = DIRECTION('',(0.,0.,1.));
#1709 = DIRECTION('',(1.,0.,0.));
#1710 = ADVANCED_FACE('',(#1711),#1739,.F.);
#1711 = FACE_BOUND('',#1712,.F.);
#1712 = EDGE_LOOP('',(#1713,#1714,#1715,#1724,#1733));
#1713 = ORIENTED_EDGE('',*,*,#466,.F.);
#1714 = ORIENTED_EDGE('',*,*,#1660,.F.);
#1715 = ORIENTED_EDGE('',*,*,#1716,.T.);
#1716 = EDGE_CURVE('',#1661,#1717,#1719,.T.);
#1717 = VERTEX_POINT('',#1718);
#1718 = CARTESIAN_POINT('',(24.2,-6.E-15,-9.003521874547));
#1719 = CIRCLE('',#1720,24.2);
#1720 = AXIS2_PLACEMENT_3D('',#1721,#1722,#1723);
#1721 = CARTESIAN_POINT('',(0.,0.,-9.003521874547));
#1722 = DIRECTION('',(0.,0.,1.));
#1723 = DIRECTION('',(1.,0.,0.));
#1724 = ORIENTED_EDGE('',*,*,#1725,.T.);
#1725 = EDGE_CURVE('',#1717,#1726,#1728,.T.);
#1726 = VERTEX_POINT('',#1727);
#1727 = CARTESIAN_POINT('',(21.07142926748,11.901044854364,
    -9.003521874547));
#1728 = CIRCLE('',#1729,24.2);
#1729 = AXIS2_PLACEMENT_3D('',#1730,#1731,#1732);
#1730 = CARTESIAN_POINT('',(0.,0.,-9.003521874547));
#1731 = DIRECTION('',(0.,0.,1.));
#1732 = DIRECTION('',(1.,0.,0.));
#1733 = ORIENTED_EDGE('',*,*,#1734,.T.);
#1734 = EDGE_CURVE('',#1726,#458,#1735,.T.);
#1735 = LINE('',#1736,#1737);
#1736 = CARTESIAN_POINT('',(21.07142926748,11.901044854364,-37.202));
#1737 = VECTOR('',#1738,1.);
#1738 = DIRECTION('',(0.,0.,1.));
#1739 = CYLINDRICAL_SURFACE('',#1740,24.2);
#1740 = AXIS2_PLACEMENT_3D('',#1741,#1742,#1743);
#1741 = CARTESIAN_POINT('',(0.,0.,1.712172582746));
#1742 = DIRECTION('',(0.,0.,1.));
#1743 = DIRECTION('',(1.,0.,0.));
#1744 = ADVANCED_FACE('',(#1745),#1764,.F.);
#1745 = FACE_BOUND('',#1746,.F.);
#1746 = EDGE_LOOP('',(#1747,#1748,#1749,#1757));
#1747 = ORIENTED_EDGE('',*,*,#1688,.T.);
#1748 = ORIENTED_EDGE('',*,*,#318,.F.);
#1749 = ORIENTED_EDGE('',*,*,#1750,.F.);
#1750 = EDGE_CURVE('',#1751,#319,#1753,.T.);
#1751 = VERTEX_POINT('',#1752);
#1752 = CARTESIAN_POINT('',(-21.07142926748,11.901044854364,
    -9.003521874547));
#1753 = LINE('',#1754,#1755);
#1754 = CARTESIAN_POINT('',(-21.07142926748,11.901044854364,-37.202));
#1755 = VECTOR('',#1756,1.);
#1756 = DIRECTION('',(0.,0.,1.));
#1757 = ORIENTED_EDGE('',*,*,#1758,.T.);
#1758 = EDGE_CURVE('',#1751,#1689,#1759,.T.);
#1759 = CIRCLE('',#1760,24.2);
#1760 = AXIS2_PLACEMENT_3D('',#1761,#1762,#1763);
#1761 = CARTESIAN_POINT('',(0.,0.,-9.003521874547));
#1762 = DIRECTION('',(0.,0.,1.));
#1763 = DIRECTION('',(1.,0.,0.));
#1764 = CYLINDRICAL_SURFACE('',#1765,24.2);
#1765 = AXIS2_PLACEMENT_3D('',#1766,#1767,#1768);
#1766 = CARTESIAN_POINT('',(0.,0.,1.712172582746));
#1767 = DIRECTION('',(0.,0.,1.));
#1768 = DIRECTION('',(1.,0.,0.));
#1769 = ADVANCED_FACE('',(#1770),#1791,.F.);
#1770 = FACE_BOUND('',#1771,.F.);
#1771 = EDGE_LOOP('',(#1772,#1773,#1774,#1785));
#1772 = ORIENTED_EDGE('',*,*,#457,.T.);
#1773 = ORIENTED_EDGE('',*,*,#1734,.F.);
#1774 = ORIENTED_EDGE('',*,*,#1775,.F.);
#1775 = EDGE_CURVE('',#1776,#1726,#1778,.T.);
#1776 = VERTEX_POINT('',#1777);
#1777 = CARTESIAN_POINT('',(17.419390570546,12.689932135567,
    -11.09467812773));
#1778 = B_SPLINE_CURVE_WITH_KNOTS('',3,(#1779,#1780,#1781,#1782,#1783,
    #1784),.UNSPECIFIED.,.F.,.F.,(4,1,1,4),(3.116773432E-07,
    2.38659292824E-03,3.579733553689E-03,4.772874179138E-03),
  .UNSPECIFIED.);
#1779 = CARTESIAN_POINT('',(17.419390570546,12.689932135567,
    -11.09467812773));
#1780 = CARTESIAN_POINT('',(17.929822868245,13.063016657859,
    -10.59547169348));
#1781 = CARTESIAN_POINT('',(18.901149247601,13.342352267371,
    -9.850804644419));
#1782 = CARTESIAN_POINT('',(20.307428211693,12.841789864296,
    -9.146316186365));
#1783 = CARTESIAN_POINT('',(20.87207954424,12.254004081403,
    -9.003521874547));
#1784 = CARTESIAN_POINT('',(21.07142926748,11.901044854364,
    -9.003521874547));
#1785 = ORIENTED_EDGE('',*,*,#1786,.T.);
#1786 = EDGE_CURVE('',#1776,#449,#1787,.T.);
#1787 = LINE('',#1788,#1789);
#1788 = CARTESIAN_POINT('',(17.419390570546,12.689932135567,-37.202));
#1789 = VECTOR('',#1790,1.);
#1790 = DIRECTION('',(0.,0.,1.));
#1791 = CYLINDRICAL_SURFACE('',#1792,2.5);
#1792 = AXIS2_PLACEMENT_3D('',#1793,#1794,#1795);
#1793 = CARTESIAN_POINT('',(18.894628723319,10.671598071889,-37.202));
#1794 = DIRECTION('',(0.,0.,1.));
#1795 = DIRECTION('',(1.,0.,0.));
#1796 = ADVANCED_FACE('',(#1797),#1818,.F.);
#1797 = FACE_BOUND('',#1798,.F.);
#1798 = EDGE_LOOP('',(#1799,#1800,#1801,#1809));
#1799 = ORIENTED_EDGE('',*,*,#1750,.T.);
#1800 = ORIENTED_EDGE('',*,*,#327,.F.);
#1801 = ORIENTED_EDGE('',*,*,#1802,.F.);
#1802 = EDGE_CURVE('',#1803,#328,#1805,.T.);
#1803 = VERTEX_POINT('',#1804);
#1804 = CARTESIAN_POINT('',(-17.41939057054,12.689932135567,
    -11.09467812773));
#1805 = LINE('',#1806,#1807);
#1806 = CARTESIAN_POINT('',(-17.41939057054,12.689932135567,-37.202));
#1807 = VECTOR('',#1808,1.);
#1808 = DIRECTION('',(0.,0.,1.));
#1809 = ORIENTED_EDGE('',*,*,#1810,.T.);
#1810 = EDGE_CURVE('',#1803,#1751,#1811,.T.);
#1811 = B_SPLINE_CURVE_WITH_KNOTS('',3,(#1812,#1813,#1814,#1815,#1816,
    #1817),.UNSPECIFIED.,.F.,.F.,(4,1,1,4),(3.116773432E-07,
    2.38659292824E-03,3.579733553689E-03,4.772874179138E-03),
  .UNSPECIFIED.);
#1812 = CARTESIAN_POINT('',(-17.41939057054,12.689932135567,
    -11.09467812773));
#1813 = CARTESIAN_POINT('',(-17.92982286824,13.063016657859,
    -10.59547169348));
#1814 = CARTESIAN_POINT('',(-18.9011492476,13.342352267371,
    -9.850804644419));
#1815 = CARTESIAN_POINT('',(-20.30742821169,12.841789864296,
    -9.146316186365));
#1816 = CARTESIAN_POINT('',(-20.87207954424,12.254004081403,
    -9.003521874547));
#1817 = CARTESIAN_POINT('',(-21.07142926748,11.901044854364,
    -9.003521874547));
#1818 = CYLINDRICAL_SURFACE('',#1819,2.5);
#1819 = AXIS2_PLACEMENT_3D('',#1820,#1821,#1822);
#1820 = CARTESIAN_POINT('',(-18.89462872331,10.671598071889,-37.202));
#1821 = DIRECTION('',(0.,0.,1.));
#1822 = DIRECTION('',(1.,0.,0.));
#1823 = ADVANCED_FACE('',(#1824),#1850,.T.);
#1824 = FACE_BOUND('',#1825,.T.);
#1825 = EDGE_LOOP('',(#1826,#1842,#1843,#1844));
#1826 = ORIENTED_EDGE('',*,*,#1827,.F.);
#1827 = EDGE_CURVE('',#1776,#1828,#1830,.T.);
#1828 = VERTEX_POINT('',#1829);
#1829 = CARTESIAN_POINT('',(11.54088631473,18.201029875395,
    -11.09467812773));
#1830 = B_SPLINE_CURVE_WITH_KNOTS('',3,(#1831,#1832,#1833,#1834,#1835,
    #1836,#1837,#1838,#1839,#1840,#1841),.UNSPECIFIED.,.F.,.F.,(4,1,1,1,
    1,1,1,1,4),(3.1165611733E-07,1.616604261246E-03,3.232896866375E-03,
    4.849189471503E-03,6.465482076632E-03,8.081774681761E-03,
    9.698067286889E-03,1.131435989202E-02,1.293065249715E-02),
  .UNSPECIFIED.);
#1831 = CARTESIAN_POINT('',(17.419390570546,12.689932135567,
    -11.09467812773));
#1832 = CARTESIAN_POINT('',(17.073641517028,12.437217679515,
    -11.43282317249));
#1833 = CARTESIAN_POINT('',(16.317215082822,12.045964542089,
    -12.09802820365));
#1834 = CARTESIAN_POINT('',(14.989558258872,11.822824872774,
    -13.04203997114));
#1835 = CARTESIAN_POINT('',(13.540595090261,12.063423783362,
    -13.80651089595));
#1836 = CARTESIAN_POINT('',(12.119342419441,12.924143801048,
    -14.14363416873));
#1837 = CARTESIAN_POINT('',(11.16886820975,14.282344854618,
    -13.80967801523));
#1838 = CARTESIAN_POINT('',(10.832660822429,15.71758761851,
    -13.04368015013));
#1839 = CARTESIAN_POINT('',(10.966284550068,17.049295628848,
    -12.1061744684));
#1840 = CARTESIAN_POINT('',(11.310918973808,17.839615800537,
    -11.43291359977));
#1841 = CARTESIAN_POINT('',(11.54088631473,18.201029875395,
    -11.09467812773));
#1842 = ORIENTED_EDGE('',*,*,#1786,.T.);
#1843 = ORIENTED_EDGE('',*,*,#448,.T.);
#1844 = ORIENTED_EDGE('',*,*,#1845,.F.);
#1845 = EDGE_CURVE('',#1828,#440,#1846,.T.);
#1846 = LINE('',#1847,#1848);
#1847 = CARTESIAN_POINT('',(11.54088631473,18.201029875395,-37.202));
#1848 = VECTOR('',#1849,1.);
#1849 = DIRECTION('',(0.,0.,1.));
#1850 = CYLINDRICAL_SURFACE('',#1851,4.1);
#1851 = AXIS2_PLACEMENT_3D('',#1852,#1853,#1854);
#1852 = CARTESIAN_POINT('',(15.,16.,-37.202));
#1853 = DIRECTION('',(0.,0.,1.));
#1854 = DIRECTION('',(1.,0.,0.));
#1855 = ADVANCED_FACE('',(#1856),#1882,.T.);
#1856 = FACE_BOUND('',#1857,.T.);
#1857 = EDGE_LOOP('',(#1858,#1859,#1875,#1881));
#1858 = ORIENTED_EDGE('',*,*,#1802,.F.);
#1859 = ORIENTED_EDGE('',*,*,#1860,.T.);
#1860 = EDGE_CURVE('',#1803,#1861,#1863,.T.);
#1861 = VERTEX_POINT('',#1862);
#1862 = CARTESIAN_POINT('',(-11.54088631473,18.201029875395,
    -11.09467812773));
#1863 = B_SPLINE_CURVE_WITH_KNOTS('',3,(#1864,#1865,#1866,#1867,#1868,
    #1869,#1870,#1871,#1872,#1873,#1874),.UNSPECIFIED.,.F.,.F.,(4,1,1,1,
    1,1,1,1,4),(3.1165611733E-07,1.616604261246E-03,3.232896866375E-03,
    4.849189471503E-03,6.465482076632E-03,8.081774681761E-03,
    9.698067286889E-03,1.131435989202E-02,1.293065249715E-02),
  .UNSPECIFIED.);
#1864 = CARTESIAN_POINT('',(-17.41939057054,12.689932135567,
    -11.09467812773));
#1865 = CARTESIAN_POINT('',(-17.07364151702,12.437217679515,
    -11.43282317249));
#1866 = CARTESIAN_POINT('',(-16.31721508282,12.045964542089,
    -12.09802820365));
#1867 = CARTESIAN_POINT('',(-14.98955825887,11.822824872774,
    -13.04203997114));
#1868 = CARTESIAN_POINT('',(-13.54059509026,12.063423783362,
    -13.80651089595));
#1869 = CARTESIAN_POINT('',(-12.11934241944,12.924143801048,
    -14.14363416873));
#1870 = CARTESIAN_POINT('',(-11.16886820975,14.282344854618,
    -13.80967801523));
#1871 = CARTESIAN_POINT('',(-10.83266082242,15.71758761851,
    -13.04368015013));
#1872 = CARTESIAN_POINT('',(-10.96628455006,17.049295628848,
    -12.1061744684));
#1873 = CARTESIAN_POINT('',(-11.3109189738,17.839615800537,
    -11.43291359977));
#1874 = CARTESIAN_POINT('',(-11.54088631473,18.201029875395,
    -11.09467812773));
#1875 = ORIENTED_EDGE('',*,*,#1876,.T.);
#1876 = EDGE_CURVE('',#1861,#337,#1877,.T.);
#1877 = LINE('',#1878,#1879);
#1878 = CARTESIAN_POINT('',(-11.54088631473,18.201029875395,-37.202));
#1879 = VECTOR('',#1880,1.);
#1880 = DIRECTION('',(0.,0.,1.));
#1881 = ORIENTED_EDGE('',*,*,#336,.F.);
#1882 = CYLINDRICAL_SURFACE('',#1883,4.1);
#1883 = AXIS2_PLACEMENT_3D('',#1884,#1885,#1886);
#1884 = CARTESIAN_POINT('',(-15.,16.,-37.202));
#1885 = DIRECTION('',(0.,0.,1.));
#1886 = DIRECTION('',(1.,0.,0.));
#1887 = ADVANCED_FACE('',(#1888),#1902,.F.);
#1888 = FACE_BOUND('',#1889,.F.);
#1889 = EDGE_LOOP('',(#1890,#1891,#1892,#1893));
#1890 = ORIENTED_EDGE('',*,*,#680,.T.);
#1891 = ORIENTED_EDGE('',*,*,#439,.F.);
#1892 = ORIENTED_EDGE('',*,*,#1845,.F.);
#1893 = ORIENTED_EDGE('',*,*,#1894,.T.);
#1894 = EDGE_CURVE('',#1828,#681,#1895,.T.);
#1895 = B_SPLINE_CURVE_WITH_KNOTS('',3,(#1896,#1897,#1898,#1899,#1900,
    #1901),.UNSPECIFIED.,.F.,.F.,(4,1,1,4),(2.9824594407E-07,
    2.386579209148E-03,3.57971969075E-03,4.772860172352E-03),
  .UNSPECIFIED.);
#1896 = CARTESIAN_POINT('',(11.54088631473,18.201029875395,
    -11.09467812773));
#1897 = CARTESIAN_POINT('',(11.880298456332,18.734446162509,
    -10.59547147748));
#1898 = CARTESIAN_POINT('',(12.096452064594,19.721755538063,
    -9.8508048626));
#1899 = CARTESIAN_POINT('',(11.506297155171,21.092850178185,
    -9.146316260765));
#1900 = CARTESIAN_POINT('',(10.883342177359,21.618445451853,
    -9.003521874547));
#1901 = CARTESIAN_POINT('',(10.518268654476,21.794632929055,
    -9.003521874547));
#1902 = CYLINDRICAL_SURFACE('',#1903,2.5);
#1903 = AXIS2_PLACEMENT_3D('',#1904,#1905,#1906);
#1904 = CARTESIAN_POINT('',(9.431670652981,19.543121262831,-37.202));
#1905 = DIRECTION('',(0.,0.,1.));
#1906 = DIRECTION('',(1.,0.,0.));
#1907 = ADVANCED_FACE('',(#1908),#1922,.F.);
#1908 = FACE_BOUND('',#1909,.F.);
#1909 = EDGE_LOOP('',(#1910,#1911,#1912,#1921));
#1910 = ORIENTED_EDGE('',*,*,#345,.T.);
#1911 = ORIENTED_EDGE('',*,*,#697,.F.);
#1912 = ORIENTED_EDGE('',*,*,#1913,.F.);
#1913 = EDGE_CURVE('',#1861,#689,#1914,.T.);
#1914 = B_SPLINE_CURVE_WITH_KNOTS('',3,(#1915,#1916,#1917,#1918,#1919,
    #1920),.UNSPECIFIED.,.F.,.F.,(4,1,1,4),(2.9824594407E-07,
    2.386579209148E-03,3.57971969075E-03,4.772860172352E-03),
  .UNSPECIFIED.);
#1915 = CARTESIAN_POINT('',(-11.54088631473,18.201029875395,
    -11.09467812773));
#1916 = CARTESIAN_POINT('',(-11.88029845633,18.734446162509,
    -10.59547147748));
#1917 = CARTESIAN_POINT('',(-12.09645206459,19.721755538063,
    -9.8508048626));
#1918 = CARTESIAN_POINT('',(-11.50629715517,21.092850178185,
    -9.146316260765));
#1919 = CARTESIAN_POINT('',(-10.88334217735,21.618445451853,
    -9.003521874547));
#1920 = CARTESIAN_POINT('',(-10.51826865447,21.794632929055,
    -9.003521874547));
#1921 = ORIENTED_EDGE('',*,*,#1876,.T.);
#1922 = CYLINDRICAL_SURFACE('',#1923,2.5);
#1923 = AXIS2_PLACEMENT_3D('',#1924,#1925,#1926);
#1924 = CARTESIAN_POINT('',(-9.431670652981,19.543121262831,-37.202));
#1925 = DIRECTION('',(0.,0.,1.));
#1926 = DIRECTION('',(1.,0.,0.));
#1927 = ADVANCED_FACE('',(#1928),#1946,.F.);
#1928 = FACE_BOUND('',#1929,.F.);
#1929 = EDGE_LOOP('',(#1930,#1931,#1938,#1945));
#1930 = ORIENTED_EDGE('',*,*,#493,.F.);
#1931 = ORIENTED_EDGE('',*,*,#1932,.F.);
#1932 = EDGE_CURVE('',#1933,#494,#1935,.T.);
#1933 = VERTEX_POINT('',#1934);
#1934 = CARTESIAN_POINT('',(-13.75,-16.,-12.));
#1935 = B_SPLINE_CURVE_WITH_KNOTS('',1,(#1936,#1937),.UNSPECIFIED.,.F.,
  .F.,(2,2),(-5.624462113108,6.375537886892),.PIECEWISE_BEZIER_KNOTS.);
#1936 = CARTESIAN_POINT('',(-13.75,-16.,-12.));
#1937 = CARTESIAN_POINT('',(-13.75,-16.,0.));
#1938 = ORIENTED_EDGE('',*,*,#1939,.T.);
#1939 = EDGE_CURVE('',#1933,#1933,#1940,.T.);
#1940 = CIRCLE('',#1941,1.25);
#1941 = AXIS2_PLACEMENT_3D('',#1942,#1943,#1944);
#1942 = CARTESIAN_POINT('',(-15.,-16.,-12.));
#1943 = DIRECTION('',(0.,0.,1.));
#1944 = DIRECTION('',(1.,0.,0.));
#1945 = ORIENTED_EDGE('',*,*,#1932,.T.);
#1946 = CYLINDRICAL_SURFACE('',#1947,1.25);
#1947 = AXIS2_PLACEMENT_3D('',#1948,#1949,#1950);
#1948 = CARTESIAN_POINT('',(-15.,-16.,-6.375537886892));
#1949 = DIRECTION('',(0.,0.,1.));
#1950 = DIRECTION('',(1.,0.,0.));
#1951 = ADVANCED_FACE('',(#1952),#1971,.F.);
#1952 = FACE_BOUND('',#1953,.T.);
#1953 = EDGE_LOOP('',(#1954,#1962,#1963,#1964));
#1954 = ORIENTED_EDGE('',*,*,#1955,.T.);
#1955 = EDGE_CURVE('',#1956,#505,#1958,.T.);
#1956 = VERTEX_POINT('',#1957);
#1957 = CARTESIAN_POINT('',(3.,-20.,-2.));
#1958 = LINE('',#1959,#1960);
#1959 = CARTESIAN_POINT('',(3.,-20.,-2.));
#1960 = VECTOR('',#1961,1.);
#1961 = DIRECTION('',(0.,0.,1.));
#1962 = ORIENTED_EDGE('',*,*,#504,.T.);
#1963 = ORIENTED_EDGE('',*,*,#1955,.F.);
#1964 = ORIENTED_EDGE('',*,*,#1965,.F.);
#1965 = EDGE_CURVE('',#1956,#1956,#1966,.T.);
#1966 = CIRCLE('',#1967,3.);
#1967 = AXIS2_PLACEMENT_3D('',#1968,#1969,#1970);
#1968 = CARTESIAN_POINT('',(0.,-20.,-2.));
#1969 = DIRECTION('',(0.,0.,1.));
#1970 = DIRECTION('',(1.,0.,0.));
#1971 = CYLINDRICAL_SURFACE('',#1972,3.);
#1972 = AXIS2_PLACEMENT_3D('',#1973,#1974,#1975);
#1973 = CARTESIAN_POINT('',(0.,-20.,-2.));
#1974 = DIRECTION('',(-0.,-0.,-1.));
#1975 = DIRECTION('',(1.,0.,0.));
#1976 = ADVANCED_FACE('',(#1977),#1995,.F.);
#1977 = FACE_BOUND('',#1978,.F.);
#1978 = EDGE_LOOP('',(#1979,#1980,#1987,#1994));
#1979 = ORIENTED_EDGE('',*,*,#515,.F.);
#1980 = ORIENTED_EDGE('',*,*,#1981,.F.);
#1981 = EDGE_CURVE('',#1982,#516,#1984,.T.);
#1982 = VERTEX_POINT('',#1983);
#1983 = CARTESIAN_POINT('',(16.25,-16.,-12.));
#1984 = B_SPLINE_CURVE_WITH_KNOTS('',1,(#1985,#1986),.UNSPECIFIED.,.F.,
  .F.,(2,2),(-5.624462113108,6.375537886892),.PIECEWISE_BEZIER_KNOTS.);
#1985 = CARTESIAN_POINT('',(16.25,-16.,-12.));
#1986 = CARTESIAN_POINT('',(16.25,-16.,0.));
#1987 = ORIENTED_EDGE('',*,*,#1988,.T.);
#1988 = EDGE_CURVE('',#1982,#1982,#1989,.T.);
#1989 = CIRCLE('',#1990,1.25);
#1990 = AXIS2_PLACEMENT_3D('',#1991,#1992,#1993);
#1991 = CARTESIAN_POINT('',(15.,-16.,-12.));
#1992 = DIRECTION('',(0.,0.,1.));
#1993 = DIRECTION('',(1.,0.,0.));
#1994 = ORIENTED_EDGE('',*,*,#1981,.T.);
#1995 = CYLINDRICAL_SURFACE('',#1996,1.25);
#1996 = AXIS2_PLACEMENT_3D('',#1997,#1998,#1999);
#1997 = CARTESIAN_POINT('',(15.,-16.,-6.375537886892));
#1998 = DIRECTION('',(0.,0.,1.));
#1999 = DIRECTION('',(1.,0.,0.));
#2000 = ADVANCED_FACE('',(#2001),#2019,.F.);
#2001 = FACE_BOUND('',#2002,.F.);
#2002 = EDGE_LOOP('',(#2003,#2004,#2011,#2018));
#2003 = ORIENTED_EDGE('',*,*,#526,.F.);
#2004 = ORIENTED_EDGE('',*,*,#2005,.F.);
#2005 = EDGE_CURVE('',#2006,#527,#2008,.T.);
#2006 = VERTEX_POINT('',#2007);
#2007 = CARTESIAN_POINT('',(-13.75,16.,-12.));
#2008 = B_SPLINE_CURVE_WITH_KNOTS('',1,(#2009,#2010),.UNSPECIFIED.,.F.,
  .F.,(2,2),(-5.624462113108,6.375537886892),.PIECEWISE_BEZIER_KNOTS.);
#2009 = CARTESIAN_POINT('',(-13.75,16.,-12.));
#2010 = CARTESIAN_POINT('',(-13.75,16.,0.));
#2011 = ORIENTED_EDGE('',*,*,#2012,.T.);
#2012 = EDGE_CURVE('',#2006,#2006,#2013,.T.);
#2013 = CIRCLE('',#2014,1.25);
#2014 = AXIS2_PLACEMENT_3D('',#2015,#2016,#2017);
#2015 = CARTESIAN_POINT('',(-15.,16.,-12.));
#2016 = DIRECTION('',(0.,0.,1.));
#2017 = DIRECTION('',(1.,0.,0.));
#2018 = ORIENTED_EDGE('',*,*,#2005,.T.);
#2019 = CYLINDRICAL_SURFACE('',#2020,1.25);
#2020 = AXIS2_PLACEMENT_3D('',#2021,#2022,#2023);
#2021 = CARTESIAN_POINT('',(-15.,16.,-6.375537886892));
#2022 = DIRECTION('',(0.,0.,1.));
#2023 = DIRECTION('',(1.,0.,0.));
#2024 = ADVANCED_FACE('',(#2025),#2043,.F.);
#2025 = FACE_BOUND('',#2026,.F.);
#2026 = EDGE_LOOP('',(#2027,#2028,#2035,#2042));
#2027 = ORIENTED_EDGE('',*,*,#537,.F.);
#2028 = ORIENTED_EDGE('',*,*,#2029,.F.);
#2029 = EDGE_CURVE('',#2030,#538,#2032,.T.);
#2030 = VERTEX_POINT('',#2031);
#2031 = CARTESIAN_POINT('',(16.25,16.,-12.));
#2032 = B_SPLINE_CURVE_WITH_KNOTS('',1,(#2033,#2034),.UNSPECIFIED.,.F.,
  .F.,(2,2),(-5.624462113108,6.375537886892),.PIECEWISE_BEZIER_KNOTS.);
#2033 = CARTESIAN_POINT('',(16.25,16.,-12.));
#2034 = CARTESIAN_POINT('',(16.25,16.,0.));
#2035 = ORIENTED_EDGE('',*,*,#2036,.T.);
#2036 = EDGE_CURVE('',#2030,#2030,#2037,.T.);
#2037 = CIRCLE('',#2038,1.25);
#2038 = AXIS2_PLACEMENT_3D('',#2039,#2040,#2041);
#2039 = CARTESIAN_POINT('',(15.,16.,-12.));
#2040 = DIRECTION('',(0.,0.,1.));
#2041 = DIRECTION('',(1.,0.,0.));
#2042 = ORIENTED_EDGE('',*,*,#2029,.T.);
#2043 = CYLINDRICAL_SURFACE('',#2044,1.25);
#2044 = AXIS2_PLACEMENT_3D('',#2045,#2046,#2047);
#2045 = CARTESIAN_POINT('',(15.,16.,-6.375537886892));
#2046 = DIRECTION('',(0.,0.,1.));
#2047 = DIRECTION('',(1.,0.,0.));
#2048 = ADVANCED_FACE('',(#2049),#2081,.F.);
#2049 = FACE_BOUND('',#2050,.F.);
#2050 = EDGE_LOOP('',(#2051,#2052,#2053,#2054,#2055,#2056,#2057,#2058,
    #2065,#2072,#2073,#2074,#2075,#2076,#2077,#2078,#2079,#2080));
#2051 = ORIENTED_EDGE('',*,*,#1860,.T.);
#2052 = ORIENTED_EDGE('',*,*,#1913,.T.);
#2053 = ORIENTED_EDGE('',*,*,#688,.F.);
#2054 = ORIENTED_EDGE('',*,*,#1894,.F.);
#2055 = ORIENTED_EDGE('',*,*,#1827,.F.);
#2056 = ORIENTED_EDGE('',*,*,#1775,.T.);
#2057 = ORIENTED_EDGE('',*,*,#1725,.F.);
#2058 = ORIENTED_EDGE('',*,*,#2059,.F.);
#2059 = EDGE_CURVE('',#2060,#1717,#2062,.T.);
#2060 = VERTEX_POINT('',#2061);
#2061 = CARTESIAN_POINT('',(15.085677377183,0.,-16.2));
#2062 = B_SPLINE_CURVE_WITH_KNOTS('',1,(#2063,#2064),.UNSPECIFIED.,.F.,
  .F.,(2,2),(-11.61293133893,0.),.PIECEWISE_BEZIER_KNOTS.);
#2063 = CARTESIAN_POINT('',(15.085677377183,-3.69E-15,-16.2));
#2064 = CARTESIAN_POINT('',(24.2,-5.93E-15,-9.003521874547));
#2065 = ORIENTED_EDGE('',*,*,#2066,.T.);
#2066 = EDGE_CURVE('',#2060,#2060,#2067,.T.);
#2067 = CIRCLE('',#2068,15.085677377183);
#2068 = AXIS2_PLACEMENT_3D('',#2069,#2070,#2071);
#2069 = CARTESIAN_POINT('',(0.,0.,-16.2));
#2070 = DIRECTION('',(0.,0.,1.));
#2071 = DIRECTION('',(1.,0.,0.));
#2072 = ORIENTED_EDGE('',*,*,#2059,.T.);
#2073 = ORIENTED_EDGE('',*,*,#1716,.F.);
#2074 = ORIENTED_EDGE('',*,*,#1670,.F.);
#2075 = ORIENTED_EDGE('',*,*,#1604,.T.);
#2076 = ORIENTED_EDGE('',*,*,#1562,.F.);
#2077 = ORIENTED_EDGE('',*,*,#1628,.F.);
#2078 = ORIENTED_EDGE('',*,*,#1696,.T.);
#2079 = ORIENTED_EDGE('',*,*,#1758,.F.);
#2080 = ORIENTED_EDGE('',*,*,#1810,.F.);
#2081 = CONICAL_SURFACE('',#2082,24.2,0.902442006546);
#2082 = AXIS2_PLACEMENT_3D('',#2083,#2084,#2085);
#2083 = CARTESIAN_POINT('',(0.,0.,-9.003521874547));
#2084 = DIRECTION('',(0.,0.,1.));
#2085 = DIRECTION('',(1.,0.,0.));
#2086 = ADVANCED_FACE('',(#2087,#2099),#2110,.T.);
#2087 = FACE_BOUND('',#2088,.T.);
#2088 = EDGE_LOOP('',(#2089,#2096,#2097,#2098));
#2089 = ORIENTED_EDGE('',*,*,#2090,.F.);
#2090 = EDGE_CURVE('',#1342,#817,#2091,.T.);
#2091 = CIRCLE('',#2092,34.5);
#2092 = AXIS2_PLACEMENT_3D('',#2093,#2094,#2095);
#2093 = CARTESIAN_POINT('',(0.,2.11E-15,4.3E-16));
#2094 = DIRECTION('',(0.,0.,1.));
#2095 = DIRECTION('',(1.,0.,0.));
#2096 = ORIENTED_EDGE('',*,*,#1431,.T.);
#2097 = ORIENTED_EDGE('',*,*,#1140,.F.);
#2098 = ORIENTED_EDGE('',*,*,#816,.F.);
#2099 = FACE_BOUND('',#2100,.T.);
#2100 = EDGE_LOOP('',(#2101));
#2101 = ORIENTED_EDGE('',*,*,#2102,.T.);
#2102 = EDGE_CURVE('',#2103,#2103,#2105,.T.);
#2103 = VERTEX_POINT('',#2104);
#2104 = CARTESIAN_POINT('',(35.,2.E-15,0.));
#2105 = CIRCLE('',#2106,35.);
#2106 = AXIS2_PLACEMENT_3D('',#2107,#2108,#2109);
#2107 = CARTESIAN_POINT('',(0.,2.14E-15,4.4E-16));
#2108 = DIRECTION('',(0.,0.,1.));
#2109 = DIRECTION('',(1.,0.,0.));
#2110 = PLANE('',#2111);
#2111 = AXIS2_PLACEMENT_3D('',#2112,#2113,#2114);
#2112 = CARTESIAN_POINT('',(33.25,0.,4.4E-16));
#2113 = DIRECTION('',(0.,0.,1.));
#2114 = DIRECTION('',(1.,0.,0.));
#2115 = ADVANCED_FACE('',(#2116),#2122,.T.);
#2116 = FACE_BOUND('',#2117,.T.);
#2117 = EDGE_LOOP('',(#2118,#2119,#2120,#2121));
#2118 = ORIENTED_EDGE('',*,*,#1538,.F.);
#2119 = ORIENTED_EDGE('',*,*,#1341,.F.);
#2120 = ORIENTED_EDGE('',*,*,#2090,.T.);
#2121 = ORIENTED_EDGE('',*,*,#837,.T.);
#2122 = CYLINDRICAL_SURFACE('',#2123,34.5);
#2123 = AXIS2_PLACEMENT_3D('',#2124,#2125,#2126);
#2124 = CARTESIAN_POINT('',(0.,2.11E-15,298.67640311723));
#2125 = DIRECTION('',(0.,0.,-1.));
#2126 = DIRECTION('',(-1.,0.,0.));
#2127 = ADVANCED_FACE('',(#2128,#2271),#2382,.F.);
#2128 = FACE_BOUND('',#2129,.T.);
#2129 = EDGE_LOOP('',(#2130,#2138,#2229,#2269,#2270));
#2130 = ORIENTED_EDGE('',*,*,#2131,.F.);
#2131 = EDGE_CURVE('',#2132,#1580,#2134,.T.);
#2132 = VERTEX_POINT('',#2133);
#2133 = CARTESIAN_POINT('',(5.05,-27.1842324348,-12.31340661542));
#2134 = LINE('',#2135,#2136);
#2135 = CARTESIAN_POINT('',(5.05,-106.,-41.));
#2136 = VECTOR('',#2137,1.);
#2137 = DIRECTION('',(0.,0.939692620786,0.342020143326));
#2138 = ORIENTED_EDGE('',*,*,#2139,.F.);
#2139 = EDGE_CURVE('',#2140,#2132,#2142,.T.);
#2140 = VERTEX_POINT('',#2141);
#2141 = CARTESIAN_POINT('',(-3.043441391026,-23.23931304935,
    -15.16608628784));
#2142 = B_SPLINE_CURVE_WITH_KNOTS('',8,(#2143,#2144,#2145,#2146,#2147,
    #2148,#2149,#2150,#2151,#2152,#2153,#2154,#2155,#2156,#2157,#2158,
    #2159,#2160,#2161,#2162,#2163,#2164,#2165,#2166,#2167,#2168,#2169,
    #2170,#2171,#2172,#2173,#2174,#2175,#2176,#2177,#2178,#2179,#2180,
    #2181,#2182,#2183,#2184,#2185,#2186,#2187,#2188,#2189,#2190,#2191,
    #2192,#2193,#2194,#2195,#2196,#2197,#2198,#2199,#2200,#2201,#2202,
    #2203,#2204,#2205,#2206,#2207,#2208,#2209,#2210,#2211,#2212,#2213,
    #2214,#2215,#2216,#2217,#2218,#2219,#2220,#2221,#2222,#2223,#2224,
    #2225,#2226,#2227,#2228),.UNSPECIFIED.,.F.,.F.,(9,7,7,7,7,7,7,7,7,7,
    7,7,9),(0.,8.037122276335E-02,0.134361399949,0.273898824371,
    0.376441078112,0.458431877953,0.513943763172,0.612927883844,
    0.718308181059,0.851863298296,0.95565131073,0.977734498261,1.),
  .UNSPECIFIED.);
#2143 = CARTESIAN_POINT('',(-3.043441391026,-23.23931304935,
    -15.16608628784));
#2144 = CARTESIAN_POINT('',(-3.231009967159,-23.36528362671,
    -15.06118952534));
#2145 = CARTESIAN_POINT('',(-3.407881822172,-23.49932046653,-14.95115139
    ));
#2146 = CARTESIAN_POINT('',(-3.573825671873,-23.64064120078,
    -14.83685840058));
#2147 = CARTESIAN_POINT('',(-3.728801954241,-23.78846584561,
    -14.71912123939));
#2148 = CARTESIAN_POINT('',(-3.872912720446,-23.94204290218,
    -14.59865667279));
#2149 = CARTESIAN_POINT('',(-4.00635940407,-24.10067276839,
    -14.47607755799));
#2150 = CARTESIAN_POINT('',(-4.129408468511,-24.26372846143,
    -14.35189093612));
#2151 = CARTESIAN_POINT('',(-4.318244573317,-24.54282076145,
    -14.14227441825));
#2152 = CARTESIAN_POINT('',(-4.389567585958,-24.65671987434,
    -14.0575053848));
#2153 = CARTESIAN_POINT('',(-4.456426868358,-24.77220838047,
    -13.9723201251));
#2154 = CARTESIAN_POINT('',(-4.518917180327,-24.88913406975,
    -13.88682707567));
#2155 = CARTESIAN_POINT('',(-4.577133704757,-25.00735580416,
    -13.80112089975));
#2156 = CARTESIAN_POINT('',(-4.631170608757,-25.12674419058,
    -13.71528329133));
#2157 = CARTESIAN_POINT('',(-4.681119604791,-25.24718225357,
    -13.62938377924));
#2158 = CARTESIAN_POINT('',(-4.845823301545,-25.68228225647,
    -13.32146388662));
#2159 = CARTESIAN_POINT('',(-4.937790445013,-26.00213338209,
    -13.09955124899));
#2160 = CARTESIAN_POINT('',(-5.004611964699,-26.32650926988,
    -12.87860583566));
#2161 = CARTESIAN_POINT('',(-5.047502501483,-26.65397535849,
    -12.65928068331));
#2162 = CARTESIAN_POINT('',(-5.067400406893,-26.98326604003,
    -12.44208315598));
#2163 = CARTESIAN_POINT('',(-5.065007343544,-27.31328563042,
    -12.22740554579));
#2164 = CARTESIAN_POINT('',(-5.0407448272,-27.64311089514,
    -12.01553828553));
#2165 = CARTESIAN_POINT('',(-4.960786825562,-28.21367259081,
    -11.65319970998));
#2166 = CARTESIAN_POINT('',(-4.915146567332,-28.4547271605,
    -11.50141792394));
#2167 = CARTESIAN_POINT('',(-4.857778014234,-28.69481561889,
    -11.35143882363));
#2168 = CARTESIAN_POINT('',(-4.788633011417,-28.93355399455,
    -11.20339841544));
#2169 = CARTESIAN_POINT('',(-4.70759145001,-29.1705137747,
    -11.05746355292));
#2170 = CARTESIAN_POINT('',(-4.614462074976,-29.40522080692,
    -10.91383118941));
#2171 = CARTESIAN_POINT('',(-4.508965255009,-29.63715077803,
    -10.77273015348));
#2172 = CARTESIAN_POINT('',(-4.296133279907,-30.04848180807,
    -10.52383968239));
#2173 = CARTESIAN_POINT('',(-4.193429707057,-30.22904420652,
    -10.41507212739));
#2174 = CARTESIAN_POINT('',(-4.082381703545,-30.40712637884,
    -10.30824832388));
#2175 = CARTESIAN_POINT('',(-3.962755337023,-30.5823648703,
    -10.20354359024));
#2176 = CARTESIAN_POINT('',(-3.834297997595,-30.75431829668,
    -10.10117951469));
#2177 = CARTESIAN_POINT('',(-3.696738783132,-30.92246669635,
    -10.00142328134));
#2178 = CARTESIAN_POINT('',(-3.549779307483,-31.08620679554,
    -9.904589828981));
#2179 = CARTESIAN_POINT('',(-3.28697820677,-31.3522479831,
    -9.747713547199));
#2180 = CARTESIAN_POINT('',(-3.176435438549,-31.45729179508,
    -9.685901212214));
#2181 = CARTESIAN_POINT('',(-3.061344621188,-31.55975805349,
    -9.625724388683));
#2182 = CARTESIAN_POINT('',(-2.941615154865,-31.65938952555,
    -9.567321084462));
#2183 = CARTESIAN_POINT('',(-2.81717175687,-31.75589081584,
    -9.510851229416));
#2184 = CARTESIAN_POINT('',(-2.687958372805,-31.84893086699,
    -9.456495140785));
#2185 = CARTESIAN_POINT('',(-2.553942087788,-31.93814546043,
    -9.404451988548));
#2186 = CARTESIAN_POINT('',(-2.167575894691,-32.17469432064,
    -9.266649549565));
#2187 = CARTESIAN_POINT('',(-1.904275419789,-32.31311829928,
    -9.186235498154));
#2188 = CARTESIAN_POINT('',(-1.625586003709,-32.43577450439,
    -9.115157651431));
#2189 = CARTESIAN_POINT('',(-1.332504549703,-32.53973201183,
    -9.055040955213));
#2190 = CARTESIAN_POINT('',(-1.026786625251,-32.62200028837,
    -9.007541879194));
#2191 = CARTESIAN_POINT('',(-0.71111670584,-32.67987872758,
    -8.974155408029));
#2192 = CARTESIAN_POINT('',(-0.389292720845,-32.71133194209,
    -8.956017142496));
#2193 = CARTESIAN_POINT('',(0.276580792338,-32.72129420385,
    -8.950272364286));
#2194 = CARTESIAN_POINT('',(0.62097673621,-32.69625330876,
    -8.964711834164));
#2195 = CARTESIAN_POINT('',(0.959525887025,-32.6407208054,
    -8.996733549126));
#2196 = CARTESIAN_POINT('',(1.287433032976,-32.55695563419,
    -9.045079306436));
#2197 = CARTESIAN_POINT('',(1.6012914574,-32.44813950841,-9.107984102949
    ));
#2198 = CARTESIAN_POINT('',(1.898863042664,-32.31791195206,
    -9.183436365545));
#2199 = CARTESIAN_POINT('',(2.178876733904,-32.16987075326,
    -9.269438445657));
#2200 = CARTESIAN_POINT('',(2.772875590443,-31.80120512421,
    -9.484256285075));
#2201 = CARTESIAN_POINT('',(3.076407362243,-31.57145917801,
    -9.61854459416));
#2202 = CARTESIAN_POINT('',(3.352689906232,-31.32307759418,
    -9.764293620558));
#2203 = CARTESIAN_POINT('',(3.602707313334,-31.06007808307,
    -9.919337049052));
#2204 = CARTESIAN_POINT('',(3.827671531562,-30.78575809149,
    -10.08191258361));
#2205 = CARTESIAN_POINT('',(4.028830058715,-30.50259661121,
    -10.25072288667));
#2206 = CARTESIAN_POINT('',(4.207450305564,-30.21228001275,
    -10.42493187667));
#2207 = CARTESIAN_POINT('',(4.486695830675,-29.68504846114,
    -10.74361750273));
#2208 = CARTESIAN_POINT('',(4.595674246094,-29.45095141677,
    -10.88588658622));
#2209 = CARTESIAN_POINT('',(4.691950920819,-29.2139274132,
    -11.03078382602));
#2210 = CARTESIAN_POINT('',(4.775825840491,-28.97452907511,
    -11.1780661844));
#2211 = CARTESIAN_POINT('',(4.847506038286,-28.73325403622,
    -11.32752534518));
#2212 = CARTESIAN_POINT('',(4.907124423967,-28.49054996913,
    -11.47898572242));
#2213 = CARTESIAN_POINT('',(4.954738983754,-28.24681578325,
    -11.63230529256));
#2214 = CARTESIAN_POINT('',(4.997881369055,-27.95039393038,
    -11.8203746527));
#2215 = CARTESIAN_POINT('',(5.004870811748,-27.89859493749,
    -11.85329913125));
#2216 = CARTESIAN_POINT('',(5.01128957278,-27.84700163975,
    -11.88615308305));
#2217 = CARTESIAN_POINT('',(5.017146095071,-27.79561367012,
    -11.91893690257));
#2218 = CARTESIAN_POINT('',(5.022448370757,-27.74443066689,
    -11.9516509812));
#2219 = CARTESIAN_POINT('',(5.027203941192,-27.69345227375,
    -11.98429570727));
#2220 = CARTESIAN_POINT('',(5.031419896949,-27.64267813973,
    -12.01687146603));
#2221 = CARTESIAN_POINT('',(5.03881626461,-27.5411202015,-12.08215418582
    ));
#2222 = CARTESIAN_POINT('',(5.04200341372,-27.49012616517,
    -12.11499732764));
#2223 = CARTESIAN_POINT('',(5.044663228121,-27.43912938648,
    -12.14790684301));
#2224 = CARTESIAN_POINT('',(5.046794343295,-27.38813349134,
    -12.18088152214));
#2225 = CARTESIAN_POINT('',(5.04839526724,-27.33714213893,
    -12.21392012472));
#2226 = CARTESIAN_POINT('',(5.049464413356,-27.28615901782,
    -12.24702136927));
#2227 = CARTESIAN_POINT('',(5.05000002618,-27.23518785456,
    -12.28018395492));
#2228 = CARTESIAN_POINT('',(5.05,-27.1842324348,-12.31340661542));
#2229 = ORIENTED_EDGE('',*,*,#2230,.F.);
#2230 = EDGE_CURVE('',#2132,#2140,#2231,.T.);
#2231 = B_SPLINE_CURVE_WITH_KNOTS('',8,(#2232,#2233,#2234,#2235,#2236,
    #2237,#2238,#2239,#2240,#2241,#2242,#2243,#2244,#2245,#2246,#2247,
    #2248,#2249,#2250,#2251,#2252,#2253,#2254,#2255,#2256,#2257,#2258,
    #2259,#2260,#2261,#2262,#2263,#2264,#2265,#2266,#2267,#2268),
  .UNSPECIFIED.,.F.,.F.,(9,7,7,7,7,9),(0.,0.387767757399,0.497477780583,
    0.649788641036,0.760009705481,1.),.UNSPECIFIED.);
#2232 = CARTESIAN_POINT('',(5.050000000002,-27.1842324348,
    -12.31340661542));
#2233 = CARTESIAN_POINT('',(5.050000000002,-26.73353642279,
    -12.60725791042));
#2234 = CARTESIAN_POINT('',(5.008101043364,-26.28502057846,
    -12.90518855495));
#2235 = CARTESIAN_POINT('',(4.923255157107,-25.83983293669,
    -13.20720245995));
#2236 = CARTESIAN_POINT('',(4.792651176349,-25.40079195758,
    -13.5123246142));
#2237 = CARTESIAN_POINT('',(4.612801203407,-24.97216462825,
    -13.81855939344));
#2238 = CARTESIAN_POINT('',(4.379511960847,-24.55969565425,
    -14.12268915093));
#2239 = CARTESIAN_POINT('',(4.088591577512,-24.17025455175,
    -14.41980379154));
#2240 = CARTESIAN_POINT('',(3.635496685668,-23.71043619394,
    -14.78243364667));
#2241 = CARTESIAN_POINT('',(3.530694837578,-23.61162012877,
    -14.86116524633));
#2242 = CARTESIAN_POINT('',(3.420969810105,-23.51560920416,
    -14.93845760944));
#2243 = CARTESIAN_POINT('',(3.306300914603,-23.42263254822,
    -15.01408958014));
#2244 = CARTESIAN_POINT('',(3.186695629509,-23.33292813238,
    -15.08781880458));
#2245 = CARTESIAN_POINT('',(3.062195782443,-23.24673859954,
    -15.15938395746));
#2246 = CARTESIAN_POINT('',(2.93288454334,-23.16430689555,
    -15.22850840161));
#2247 = CARTESIAN_POINT('',(2.612874943048,-22.97697981635,
    -15.38708433104));
#2248 = CARTESIAN_POINT('',(2.417789924253,-22.87576263791,
    -15.47402995604));
#2249 = CARTESIAN_POINT('',(2.214050056393,-22.78290535619,
    -15.55493745028));
#2250 = CARTESIAN_POINT('',(2.002210621653,-22.69902542052,
    -15.62900385499));
#2251 = CARTESIAN_POINT('',(1.782980144898,-22.62466919966,
    -15.69544831662));
#2252 = CARTESIAN_POINT('',(1.557231600079,-22.56030557715,
    -15.75354308191));
#2253 = CARTESIAN_POINT('',(1.326015978405,-22.50631648431,
    -15.80265512918));
#2254 = CARTESIAN_POINT('',(0.920201657707,-22.43162671401,
    -15.87098665581));
#2255 = CARTESIAN_POINT('',(0.747579697658,-22.40584354672,
    -15.89472220796));
#2256 = CARTESIAN_POINT('',(0.573170264979,-22.38574177045,
    -15.91331934839));
#2257 = CARTESIAN_POINT('',(0.397442826951,-22.37139631792,
    -15.92663870045));
#2258 = CARTESIAN_POINT('',(0.220877517283,-22.36285339035,
    -15.93458617718));
#2259 = CARTESIAN_POINT('',(4.396451322482E-02,-22.36013323321,
    -15.93711421464));
#2260 = CARTESIAN_POINT('',(-0.132796336224,-22.36323245032,
    -15.93422531626));
#2261 = CARTESIAN_POINT('',(-0.692326165242,-22.39148995097,
    -15.90802037993));
#2262 = CARTESIAN_POINT('',(-1.073192232378,-22.43834888308,
    -15.86463058376));
#2263 = CARTESIAN_POINT('',(-1.445530860291,-22.51250869158,
    -15.79629832797));
#2264 = CARTESIAN_POINT('',(-1.804564887175,-22.61287853276,
    -15.70488703618));
#2265 = CARTESIAN_POINT('',(-2.146405500048,-22.73801544374,
    -15.59302208991));
#2266 = CARTESIAN_POINT('',(-2.468094907943,-22.88590808938,
    -15.46377901643));
#2267 = CARTESIAN_POINT('',(-2.767537547456,-23.05401673167,
    -15.32038409479));
#2268 = CARTESIAN_POINT('',(-3.043441391026,-23.23931304935,
    -15.16608628784));
#2269 = ORIENTED_EDGE('',*,*,#2131,.T.);
#2270 = ORIENTED_EDGE('',*,*,#1579,.T.);
#2271 = FACE_BOUND('',#2272,.T.);
#2272 = EDGE_LOOP('',(#2273));
#2273 = ORIENTED_EDGE('',*,*,#2274,.T.);
#2274 = EDGE_CURVE('',#2275,#2275,#2277,.T.);
#2275 = VERTEX_POINT('',#2276);
#2276 = CARTESIAN_POINT('',(1.5,-20.,-4.567004592602));
#2277 = B_SPLINE_CURVE_WITH_KNOTS('',7,(#2278,#2279,#2280,#2281,#2282,
    #2283,#2284,#2285,#2286,#2287,#2288,#2289,#2290,#2291,#2292,#2293,
    #2294,#2295,#2296,#2297,#2298,#2299,#2300,#2301,#2302,#2303,#2304,
    #2305,#2306,#2307,#2308,#2309,#2310,#2311,#2312,#2313,#2314,#2315,
    #2316,#2317,#2318,#2319,#2320,#2321,#2322,#2323,#2324,#2325,#2326,
    #2327,#2328,#2329,#2330,#2331,#2332,#2333,#2334,#2335,#2336,#2337,
    #2338,#2339,#2340,#2341,#2342,#2343,#2344,#2345,#2346,#2347,#2348,
    #2349,#2350,#2351,#2352,#2353,#2354,#2355,#2356,#2357,#2358,#2359,
    #2360,#2361,#2362,#2363,#2364,#2365,#2366,#2367,#2368,#2369,#2370,
    #2371,#2372,#2373,#2374,#2375,#2376,#2377,#2378,#2379,#2380,#2381),
  .UNSPECIFIED.,.T.,.F.,(8,6,6,6,6,6,6,6,6,6,6,6,6,6,6,6,6,8),(0.,
    5.345579603272E-02,0.161035916784,0.219652735591,0.257423590436,
    0.319929289126,0.352199632677,0.379246310382,0.462806105533,
    0.553781453587,0.59678123147,0.653766077006,0.716420150847,
    0.75819005712,0.819413322102,0.857949001697,0.909203899142,1.),
  .UNSPECIFIED.);
#2278 = CARTESIAN_POINT('',(1.5,-20.,-4.567004592602));
#2279 = CARTESIAN_POINT('',(1.5,-19.93692573771,-4.544047438581));
#2280 = CARTESIAN_POINT('',(1.496905898804,-19.87425861881,
    -4.520214156242));
#2281 = CARTESIAN_POINT('',(1.490788904805,-19.81208183019,
    -4.49555885764));
#2282 = CARTESIAN_POINT('',(1.481705371178,-19.75047566474,
    -4.47014369801));
#2283 = CARTESIAN_POINT('',(1.469697224795,-19.68951870189,
    -4.444038499767));
#2284 = CARTESIAN_POINT('',(1.454792395142,-19.62928898815,
    -4.417320376497));
#2285 = CARTESIAN_POINT('',(1.401208489805,-19.45027451154,
    -4.335238561288));
#2286 = CARTESIAN_POINT('',(1.353849470429,-19.33432313685,
    -4.278433716439));
#2287 = CARTESIAN_POINT('',(1.295027066633,-19.22213525251,
    -4.220147641909));
#2288 = CARTESIAN_POINT('',(1.224366202587,-19.11409452434,
    -4.161000386739));
#2289 = CARTESIAN_POINT('',(1.141193600216,-19.01103026538,
    -4.101889519179));
#2290 = CARTESIAN_POINT('',(1.044688077076,-18.9143663082,
    -4.044209320445));
#2291 = CARTESIAN_POINT('',(0.873857576011,-18.77840157196,
    -3.960504938358));
#2292 = CARTESIAN_POINT('',(0.809192953086,-18.73282928445,
    -3.931905991827));
#2293 = CARTESIAN_POINT('',(0.740039311286,-18.69012142747,
    -3.904629847807));
#2294 = CARTESIAN_POINT('',(0.666356506221,-18.65081342694,
    -3.879131534744));
#2295 = CARTESIAN_POINT('',(0.588149241555,-18.61549781505,
    -3.855922430348));
#2296 = CARTESIAN_POINT('',(0.505480185397,-18.58483342724,
    -3.835566090586));
#2297 = CARTESIAN_POINT('',(0.3624307365,-18.5432737205,-3.807780957214)
  );
#2298 = CARTESIAN_POINT('',(0.304587337433,-18.52922864451,
    -3.798330680542));
#2299 = CARTESIAN_POINT('',(0.245271949588,-18.51770119292,
    -3.790534164564));
#2300 = CARTESIAN_POINT('',(0.184813896114,-18.50890130619,
    -3.784560412965));
#2301 = CARTESIAN_POINT('',(0.123552311547,-18.50297375844,
    -3.780528844693));
#2302 = CARTESIAN_POINT('',(6.183211777411E-02,-18.5,-3.778506750704));
#2303 = CARTESIAN_POINT('',(-0.102323861583,-18.5,-3.778506750704));
#2304 = CARTESIAN_POINT('',(-0.203661625117,-18.50814363181,
    -3.784044831609));
#2305 = CARTESIAN_POINT('',(-0.30286859873,-18.52414750656,
    -3.794928791932));
#2306 = CARTESIAN_POINT('',(-0.398833500535,-18.547466968,
    -3.810706840688));
#2307 = CARTESIAN_POINT('',(-0.490508288227,-18.57728884329,
    -3.830682011452));
#2308 = CARTESIAN_POINT('',(-0.576940781611,-18.61250813623,
    -3.853946315537));
#2309 = CARTESIAN_POINT('',(-0.698803011684,-18.67191672368,
    -3.892593703336));
#2310 = CARTESIAN_POINT('',(-0.738921107403,-18.69331827845,
    -3.906422089962));
#2311 = CARTESIAN_POINT('',(-0.777674252346,-18.71579452943,
    -3.920835363737));
#2312 = CARTESIAN_POINT('',(-0.815076175034,-18.73925525089,
    -3.935755674269));
#2313 = CARTESIAN_POINT('',(-0.851144019892,-18.76361864254,
    -3.951111769572));
#2314 = CARTESIAN_POINT('',(-0.885897921774,-18.78881118269,
    -3.966839014409));
#2315 = CARTESIAN_POINT('',(-0.94740657087,-18.83652218155,
    -3.996323311784));
#2316 = CARTESIAN_POINT('',(-0.974550426985,-18.85881726031,
    -4.009989519277));
#2317 = CARTESIAN_POINT('',(-1.000807868879,-18.8816168506,
    -4.023845510186));
#2318 = CARTESIAN_POINT('',(-1.02619464171,-18.90488898396,
    -4.037861680632));
#2319 = CARTESIAN_POINT('',(-1.050726515735,-18.92860559065,
    -4.052011343795));
#2320 = CARTESIAN_POINT('',(-1.074419286312,-18.95274249965,
    -4.066270729915));
#2321 = CARTESIAN_POINT('',(-1.167943281602,-19.0530854809,
    -4.124947438613));
#2322 = CARTESIAN_POINT('',(-1.230813765702,-19.13278983136,
    -4.17017053654));
#2323 = CARTESIAN_POINT('',(-1.286217562694,-19.2156890425,
    -4.215601221261));
#2324 = CARTESIAN_POINT('',(-1.334436832632,-19.30129318469,
    -4.260730469894));
#2325 = CARTESIAN_POINT('',(-1.375682621245,-19.38927806371,
    -4.305177427389));
#2326 = CARTESIAN_POINT('',(-1.410059764314,-19.4794368454,
    -4.348645256306));
#2327 = CARTESIAN_POINT('',(-1.467443596988,-19.67200715043,
    -4.436868534633));
#2328 = CARTESIAN_POINT('',(-1.489151886433,-19.77473343532,
    -4.48136741718));
#2329 = CARTESIAN_POINT('',(-1.50256092717,-19.87939326652,
    -4.523952463296));
#2330 = CARTESIAN_POINT('',(-1.507478583432,-19.98558823482,
    -4.564265588186));
#2331 = CARTESIAN_POINT('',(-1.503616507968,-20.09290093996,
    -4.602007245414));
#2332 = CARTESIAN_POINT('',(-1.490582257535,-20.20084867443,
    -4.636938512955));
#2333 = CARTESIAN_POINT('',(-1.457126403558,-20.35986483159,
    -4.684000113722));
#2334 = CARTESIAN_POINT('',(-1.444228860557,-20.41089162637,
    -4.698435213886));
#2335 = CARTESIAN_POINT('',(-1.429123456908,-20.46182781663,
    -4.712179281239));
#2336 = CARTESIAN_POINT('',(-1.411761054707,-20.51258569881,
    -4.725215626192));
#2337 = CARTESIAN_POINT('',(-1.392091431962,-20.56306990884,
    -4.737532926329));
#2338 = CARTESIAN_POINT('',(-1.370063247261,-20.613176849,
    -4.749125732964));
#2339 = CARTESIAN_POINT('',(-1.313236244659,-20.72854869237,
    -4.774399290076));
#2340 = CARTESIAN_POINT('',(-1.276605520565,-20.79346093716,
    -4.787536946567));
#2341 = CARTESIAN_POINT('',(-1.235627171847,-20.85722162365,
    -4.79939749239));
#2342 = CARTESIAN_POINT('',(-1.190214376265,-20.91949021985,
    -4.809995714709));
#2343 = CARTESIAN_POINT('',(-1.140300625933,-20.97989414404,
    -4.819370113141));
#2344 = CARTESIAN_POINT('',(-1.085842203594,-21.03802802146,
    -4.827581370247));
#2345 = CARTESIAN_POINT('',(-0.96192726162,-21.15439189738,
    -4.842549558706));
#2346 = CARTESIAN_POINT('',(-0.891421358377,-21.21214594573,
    -4.849092088454));
#2347 = CARTESIAN_POINT('',(-0.815444964574,-21.26592850937,
    -4.854412891347));
#2348 = CARTESIAN_POINT('',(-0.734251908785,-21.31497356998,
    -4.858644019222));
#2349 = CARTESIAN_POINT('',(-0.64820484412,-21.35854770806,
    -4.861946478357));
#2350 = CARTESIAN_POINT('',(-0.557772259605,-21.3959621432,
    -4.864481612144));
#2351 = CARTESIAN_POINT('',(-0.400693525078,-21.4470001179,-4.8676497474
    ));
#2352 = CARTESIAN_POINT('',(-0.336217536592,-21.46437998902,
    -4.868633728333));
#2353 = CARTESIAN_POINT('',(-0.27038932101,-21.47850875874,
    -4.869373053787));
#2354 = CARTESIAN_POINT('',(-0.20352032673,-21.48922152094,
    -4.869901618743));
#2355 = CARTESIAN_POINT('',(-0.135937943353,-21.49640525693,
    -4.870245097211));
#2356 = CARTESIAN_POINT('',(-6.798178939585E-02,-21.5,-4.870417453503));
#2357 = CARTESIAN_POINT('',(9.964272073862E-02,-21.5,-4.870417453503));
#2358 = CARTESIAN_POINT('',(0.199113765358,-21.49227765476,
    -4.870047632304));
#2359 = CARTESIAN_POINT('',(0.29739565881,-21.47688110363,
    -4.869310790229));
#2360 = CARTESIAN_POINT('',(0.393491380351,-21.45408024314,
    -4.868146555781));
#2361 = CARTESIAN_POINT('',(0.486468593439,-21.42435735205,
    -4.866437357789));
#2362 = CARTESIAN_POINT('',(0.575501276528,-21.38839216056,
    -4.864037674452));
#2363 = CARTESIAN_POINT('',(0.713037243414,-21.32101398562,
    -4.858805391239));
#2364 = CARTESIAN_POINT('',(0.764395399945,-21.29282248919,
    -4.856460365774));
#2365 = CARTESIAN_POINT('',(0.81389277883,-21.26262884956,
    -4.853756414547));
#2366 = CARTESIAN_POINT('',(0.861453381169,-21.23059821318,
    -4.850658239793));
#2367 = CARTESIAN_POINT('',(0.90701549082,-21.19689810003,
    -4.847132480323));
#2368 = CARTESIAN_POINT('',(0.950531510517,-21.16169760587,
    -4.843149877534));
#2369 = CARTESIAN_POINT('',(1.047080687832,-21.07657805607,
    -4.832752118442));
#2370 = CARTESIAN_POINT('',(1.098518530357,-21.0256323047,
    -4.825967634375));
#2371 = CARTESIAN_POINT('',(1.146276350621,-20.97266148716,
    -4.818270628124));
#2372 = CARTESIAN_POINT('',(1.190369417328,-20.91797709156,
    -4.809610522163));
#2373 = CARTESIAN_POINT('',(1.230831617868,-20.86186998325,
    -4.79995113132));
#2374 = CARTESIAN_POINT('',(1.267713833342,-20.80461043074,
    -4.789272271559));
#2375 = CARTESIAN_POINT('',(1.360193306886,-20.64341583155,
    -4.756843664601));
#2376 = CARTESIAN_POINT('',(1.408245021399,-20.53760790118,
    -4.732919864598));
#2377 = CARTESIAN_POINT('',(1.445771687907,-20.43015848297,
    -4.705735802759));
#2378 = CARTESIAN_POINT('',(1.473274677457,-20.32197539622,
    -4.675347161642));
#2379 = CARTESIAN_POINT('',(1.491213297572,-20.21380490897,
    -4.641914510255));
#2380 = CARTESIAN_POINT('',(1.5,-20.10628684131,-4.605689839135));
#2381 = CARTESIAN_POINT('',(1.5,-20.,-4.567004592602));
#2382 = CYLINDRICAL_SURFACE('',#2383,5.05);
#2383 = AXIS2_PLACEMENT_3D('',#2384,#2385,#2386);
#2384 = CARTESIAN_POINT('',(0.,-106.,-41.));
#2385 = DIRECTION('',(-0.,-0.939692620786,-0.342020143326));
#2386 = DIRECTION('',(1.,0.,0.));
#2387 = ADVANCED_FACE('',(#2388),#2399,.F.);
#2388 = FACE_BOUND('',#2389,.F.);
#2389 = EDGE_LOOP('',(#2390,#2391,#2398));
#2390 = ORIENTED_EDGE('',*,*,#1939,.F.);
#2391 = ORIENTED_EDGE('',*,*,#2392,.F.);
#2392 = EDGE_CURVE('',#2393,#1933,#2395,.T.);
#2393 = VERTEX_POINT('',#2394);
#2394 = CARTESIAN_POINT('',(-15.,-16.,-12.75107577378));
#2395 = B_SPLINE_CURVE_WITH_KNOTS('',1,(#2396,#2397),.UNSPECIFIED.,.F.,
  .F.,(2,2),(0.,1.458291746519),.PIECEWISE_BEZIER_KNOTS.);
#2396 = CARTESIAN_POINT('',(-15.,-16.,-12.75107577378));
#2397 = CARTESIAN_POINT('',(-13.75,-16.,-12.));
#2398 = ORIENTED_EDGE('',*,*,#2392,.T.);
#2399 = CONICAL_SURFACE('',#2400,0.,1.029744258677);
#2400 = AXIS2_PLACEMENT_3D('',#2401,#2402,#2403);
#2401 = CARTESIAN_POINT('',(-15.,-16.,-12.75107577378));
#2402 = DIRECTION('',(0.,0.,1.));
#2403 = DIRECTION('',(1.,0.,0.));
#2404 = ADVANCED_FACE('',(#2405,#2408),#2419,.T.);
#2405 = FACE_BOUND('',#2406,.T.);
#2406 = EDGE_LOOP('',(#2407));
#2407 = ORIENTED_EDGE('',*,*,#1965,.T.);
#2408 = FACE_BOUND('',#2409,.T.);
#2409 = EDGE_LOOP('',(#2410));
#2410 = ORIENTED_EDGE('',*,*,#2411,.T.);
#2411 = EDGE_CURVE('',#2412,#2412,#2414,.T.);
#2412 = VERTEX_POINT('',#2413);
#2413 = CARTESIAN_POINT('',(1.5,-20.,-2.));
#2414 = CIRCLE('',#2415,1.5);
#2415 = AXIS2_PLACEMENT_3D('',#2416,#2417,#2418);
#2416 = CARTESIAN_POINT('',(0.,-20.,-2.));
#2417 = DIRECTION('',(0.,0.,-1.));
#2418 = DIRECTION('',(1.,0.,0.));
#2419 = PLANE('',#2420);
#2420 = AXIS2_PLACEMENT_3D('',#2421,#2422,#2423);
#2421 = CARTESIAN_POINT('',(0.,-20.,-2.));
#2422 = DIRECTION('',(0.,0.,1.));
#2423 = DIRECTION('',(1.,0.,0.));
#2424 = ADVANCED_FACE('',(#2425),#2436,.F.);
#2425 = FACE_BOUND('',#2426,.F.);
#2426 = EDGE_LOOP('',(#2427,#2428,#2435));
#2427 = ORIENTED_EDGE('',*,*,#1988,.F.);
#2428 = ORIENTED_EDGE('',*,*,#2429,.F.);
#2429 = EDGE_CURVE('',#2430,#1982,#2432,.T.);
#2430 = VERTEX_POINT('',#2431);
#2431 = CARTESIAN_POINT('',(15.,-16.,-12.75107577378));
#2432 = B_SPLINE_CURVE_WITH_KNOTS('',1,(#2433,#2434),.UNSPECIFIED.,.F.,
  .F.,(2,2),(0.,1.458291746519),.PIECEWISE_BEZIER_KNOTS.);
#2433 = CARTESIAN_POINT('',(15.,-16.,-12.75107577378));
#2434 = CARTESIAN_POINT('',(16.25,-16.,-12.));
#2435 = ORIENTED_EDGE('',*,*,#2429,.T.);
#2436 = CONICAL_SURFACE('',#2437,0.,1.029744258677);
#2437 = AXIS2_PLACEMENT_3D('',#2438,#2439,#2440);
#2438 = CARTESIAN_POINT('',(15.,-16.,-12.75107577378));
#2439 = DIRECTION('',(0.,0.,1.));
#2440 = DIRECTION('',(1.,0.,0.));
#2441 = ADVANCED_FACE('',(#2442),#2453,.F.);
#2442 = FACE_BOUND('',#2443,.F.);
#2443 = EDGE_LOOP('',(#2444,#2445,#2452));
#2444 = ORIENTED_EDGE('',*,*,#2012,.F.);
#2445 = ORIENTED_EDGE('',*,*,#2446,.F.);
#2446 = EDGE_CURVE('',#2447,#2006,#2449,.T.);
#2447 = VERTEX_POINT('',#2448);
#2448 = CARTESIAN_POINT('',(-15.,16.,-12.75107577378));
#2449 = B_SPLINE_CURVE_WITH_KNOTS('',1,(#2450,#2451),.UNSPECIFIED.,.F.,
  .F.,(2,2),(0.,1.458291746519),.PIECEWISE_BEZIER_KNOTS.);
#2450 = CARTESIAN_POINT('',(-15.,16.,-12.75107577378));
#2451 = CARTESIAN_POINT('',(-13.75,16.,-12.));
#2452 = ORIENTED_EDGE('',*,*,#2446,.T.);
#2453 = CONICAL_SURFACE('',#2454,0.,1.029744258677);
#2454 = AXIS2_PLACEMENT_3D('',#2455,#2456,#2457);
#2455 = CARTESIAN_POINT('',(-15.,16.,-12.75107577378));
#2456 = DIRECTION('',(0.,0.,1.));
#2457 = DIRECTION('',(1.,0.,0.));
#2458 = ADVANCED_FACE('',(#2459),#2470,.F.);
#2459 = FACE_BOUND('',#2460,.F.);
#2460 = EDGE_LOOP('',(#2461,#2462,#2469));
#2461 = ORIENTED_EDGE('',*,*,#2036,.F.);
#2462 = ORIENTED_EDGE('',*,*,#2463,.F.);
#2463 = EDGE_CURVE('',#2464,#2030,#2466,.T.);
#2464 = VERTEX_POINT('',#2465);
#2465 = CARTESIAN_POINT('',(15.,16.,-12.75107577378));
#2466 = B_SPLINE_CURVE_WITH_KNOTS('',1,(#2467,#2468),.UNSPECIFIED.,.F.,
  .F.,(2,2),(0.,1.458291746519),.PIECEWISE_BEZIER_KNOTS.);
#2467 = CARTESIAN_POINT('',(15.,16.,-12.75107577378));
#2468 = CARTESIAN_POINT('',(16.25,16.,-12.));
#2469 = ORIENTED_EDGE('',*,*,#2463,.T.);
#2470 = CONICAL_SURFACE('',#2471,0.,1.029744258677);
#2471 = AXIS2_PLACEMENT_3D('',#2472,#2473,#2474);
#2472 = CARTESIAN_POINT('',(15.,16.,-12.75107577378));
#2473 = DIRECTION('',(0.,0.,1.));
#2474 = DIRECTION('',(1.,0.,0.));
#2475 = ADVANCED_FACE('',(#2476,#2487),#2490,.F.);
#2476 = FACE_BOUND('',#2477,.T.);
#2477 = EDGE_LOOP('',(#2478));
#2478 = ORIENTED_EDGE('',*,*,#2479,.T.);
#2479 = EDGE_CURVE('',#2480,#2480,#2482,.T.);
#2480 = VERTEX_POINT('',#2481);
#2481 = CARTESIAN_POINT('',(-8.7,0.,-16.2));
#2482 = CIRCLE('',#2483,8.7);
#2483 = AXIS2_PLACEMENT_3D('',#2484,#2485,#2486);
#2484 = CARTESIAN_POINT('',(0.,0.,-16.2));
#2485 = DIRECTION('',(0.,0.,-1.));
#2486 = DIRECTION('',(-1.,0.,0.));
#2487 = FACE_BOUND('',#2488,.T.);
#2488 = EDGE_LOOP('',(#2489));
#2489 = ORIENTED_EDGE('',*,*,#2066,.T.);
#2490 = PLANE('',#2491);
#2491 = AXIS2_PLACEMENT_3D('',#2492,#2493,#2494);
#2492 = CARTESIAN_POINT('',(11.542838688591,0.,-16.2));
#2493 = DIRECTION('',(0.,0.,-1.));
#2494 = DIRECTION('',(-1.,0.,0.));
#2495 = ADVANCED_FACE('',(#2496),#2514,.T.);
#2496 = FACE_BOUND('',#2497,.T.);
#2497 = EDGE_LOOP('',(#2498,#2507,#2512,#2513));
#2498 = ORIENTED_EDGE('',*,*,#2499,.T.);
#2499 = EDGE_CURVE('',#2500,#2500,#2502,.T.);
#2500 = VERTEX_POINT('',#2501);
#2501 = CARTESIAN_POINT('',(35.,2.E-15,-1.3));
#2502 = CIRCLE('',#2503,35.);
#2503 = AXIS2_PLACEMENT_3D('',#2504,#2505,#2506);
#2504 = CARTESIAN_POINT('',(0.,2.14E-15,-1.3));
#2505 = DIRECTION('',(0.,0.,1.));
#2506 = DIRECTION('',(1.,0.,0.));
#2507 = ORIENTED_EDGE('',*,*,#2508,.T.);
#2508 = EDGE_CURVE('',#2500,#2103,#2509,.T.);
#2509 = B_SPLINE_CURVE_WITH_KNOTS('',1,(#2510,#2511),.UNSPECIFIED.,.F.,
  .F.,(2,2),(0.,1.3),.PIECEWISE_BEZIER_KNOTS.);
#2510 = CARTESIAN_POINT('',(35.,2.14E-15,-1.3));
#2511 = CARTESIAN_POINT('',(35.,2.14E-15,4.4E-16));
#2512 = ORIENTED_EDGE('',*,*,#2102,.F.);
#2513 = ORIENTED_EDGE('',*,*,#2508,.F.);
#2514 = CYLINDRICAL_SURFACE('',#2515,35.);
#2515 = AXIS2_PLACEMENT_3D('',#2516,#2517,#2518);
#2516 = CARTESIAN_POINT('',(0.,2.14E-15,-1.3));
#2517 = DIRECTION('',(0.,0.,1.));
#2518 = DIRECTION('',(1.,0.,0.));
#2519 = ADVANCED_FACE('',(#2520,#2548),#2552,.T.);
#2520 = FACE_BOUND('',#2521,.T.);
#2521 = EDGE_LOOP('',(#2522,#2533,#2540,#2541));
#2522 = ORIENTED_EDGE('',*,*,#2523,.F.);
#2523 = EDGE_CURVE('',#2524,#2526,#2528,.T.);
#2524 = VERTEX_POINT('',#2525);
#2525 = CARTESIAN_POINT('',(36.770740289242,0.,-6.20152848522));
#2526 = VERTEX_POINT('',#2527);
#2527 = CARTESIAN_POINT('',(12.5,0.,-37.2));
#2528 = B_SPLINE_CURVE_WITH_KNOTS('',3,(#2529,#2530,#2531,#2532),
  .UNSPECIFIED.,.F.,.F.,(4,4),(2.874709664006E-02,1.),
  .PIECEWISE_BEZIER_KNOTS.);
#2529 = CARTESIAN_POINT('',(36.770740289242,6.439E-14,-6.20152848522));
#2530 = CARTESIAN_POINT('',(17.708324710776,3.086E-14,-19.34638591977));
#2531 = CARTESIAN_POINT('',(12.5,1.954E-14,-19.71744773952));
#2532 = CARTESIAN_POINT('',(12.5,1.965E-14,-37.2));
#2533 = ORIENTED_EDGE('',*,*,#2534,.F.);
#2534 = EDGE_CURVE('',#2524,#2524,#2535,.T.);
#2535 = CIRCLE('',#2536,36.770740289242);
#2536 = AXIS2_PLACEMENT_3D('',#2537,#2538,#2539);
#2537 = CARTESIAN_POINT('',(0.,0.,-6.20152848522));
#2538 = DIRECTION('',(0.,0.,1.));
#2539 = DIRECTION('',(1.,0.,0.));
#2540 = ORIENTED_EDGE('',*,*,#2523,.T.);
#2541 = ORIENTED_EDGE('',*,*,#2542,.T.);
#2542 = EDGE_CURVE('',#2526,#2526,#2543,.T.);
#2543 = CIRCLE('',#2544,12.5);
#2544 = AXIS2_PLACEMENT_3D('',#2545,#2546,#2547);
#2545 = CARTESIAN_POINT('',(0.,0.,-37.2));
#2546 = DIRECTION('',(0.,0.,1.));
#2547 = DIRECTION('',(1.,0.,0.));
#2548 = FACE_BOUND('',#2549,.T.);
#2549 = EDGE_LOOP('',(#2550,#2551));
#2550 = ORIENTED_EDGE('',*,*,#2230,.T.);
#2551 = ORIENTED_EDGE('',*,*,#2139,.T.);
#2552 = B_SPLINE_SURFACE_WITH_KNOTS('',3,3,(
    (#2553,#2554,#2555,#2556,#2557,#2558,#2559,#2560,#2561,#2562,#2563
      ,#2564,#2565,#2566,#2567,#2568,#2569,#2570,#2571)
    ,(#2572,#2573,#2574,#2575,#2576,#2577,#2578,#2579,#2580,#2581,#2582
      ,#2583,#2584,#2585,#2586,#2587,#2588,#2589,#2590)
    ,(#2591,#2592,#2593,#2594,#2595,#2596,#2597,#2598,#2599,#2600,#2601
      ,#2602,#2603,#2604,#2605,#2606,#2607,#2608,#2609)
    ,(#2610,#2611,#2612,#2613,#2614,#2615,#2616,#2617,#2618,#2619,#2620
      ,#2621,#2622,#2623,#2624,#2625,#2626,#2627,#2628
  )),.UNSPECIFIED.,.F.,.T.,.F.,(4,4),(1,1,1,1,1,1,1,1,1,1,1,1,1,1,1,1,1,
    1,1,1,1,1,1),(2.874709664005E-02,1.),(-1.178097245096,
    -0.785398163397,-0.392699081699,0.,0.392699081699,0.785398163397,
    1.178097245096,1.570796326795,1.963495408494,2.356194490192,
    2.748893571891,3.14159265359,3.534291735289,3.926990816987,
    4.319689898686,4.712388980385,5.105088062083,5.497787143782,
    5.890486225481,6.28318530718,6.675884388878,7.068583470577,
    7.461282552276),.UNSPECIFIED.);
#2553 = CARTESIAN_POINT('',(34.856156661838,-14.43789282153,
    -6.20152848522));
#2554 = CARTESIAN_POINT('',(37.728032102943,-2.906E-14,-6.20152848522));
#2555 = CARTESIAN_POINT('',(34.856156661838,14.437892821535,
    -6.20152848522));
#2556 = CARTESIAN_POINT('',(26.677747340815,26.677747340815,
    -6.20152848522));
#2557 = CARTESIAN_POINT('',(14.437892821535,34.856156661838,
    -6.20152848522));
#2558 = CARTESIAN_POINT('',(9.74E-15,37.728032102943,-6.20152848522));
#2559 = CARTESIAN_POINT('',(-14.43789282153,34.856156661838,
    -6.20152848522));
#2560 = CARTESIAN_POINT('',(-26.67774734081,26.677747340815,
    -6.20152848522));
#2561 = CARTESIAN_POINT('',(-34.85615666183,14.437892821535,
    -6.20152848522));
#2562 = CARTESIAN_POINT('',(-37.72803210294,4.6E-15,-6.20152848522));
#2563 = CARTESIAN_POINT('',(-34.85615666183,-14.43789282153,
    -6.20152848522));
#2564 = CARTESIAN_POINT('',(-26.67774734081,-26.67774734081,
    -6.20152848522));
#2565 = CARTESIAN_POINT('',(-14.43789282153,-34.85615666183,
    -6.20152848522));
#2566 = CARTESIAN_POINT('',(-1.016E-14,-37.72803210294,-6.20152848522));
#2567 = CARTESIAN_POINT('',(14.437892821535,-34.85615666183,
    -6.20152848522));
#2568 = CARTESIAN_POINT('',(26.677747340815,-26.67774734081,
    -6.20152848522));
#2569 = CARTESIAN_POINT('',(34.856156661838,-14.43789282153,
    -6.20152848522));
#2570 = CARTESIAN_POINT('',(37.728032102943,-2.906E-14,-6.20152848522));
#2571 = CARTESIAN_POINT('',(34.856156661838,14.437892821535,
    -6.20152848522));
#2572 = CARTESIAN_POINT('',(16.786285385668,-6.953107068609,
    -19.34638591977));
#2573 = CARTESIAN_POINT('',(18.16934437333,-7.37E-15,-19.34638591977));
#2574 = CARTESIAN_POINT('',(16.786285385668,6.953107068609,
    -19.34638591977));
#2575 = CARTESIAN_POINT('',(12.847666616095,12.847666616095,
    -19.34638591977));
#2576 = CARTESIAN_POINT('',(6.953107068609,16.786285385668,
    -19.34638591977));
#2577 = CARTESIAN_POINT('',(-2.208E-14,18.16934437333,-19.34638591977));
#2578 = CARTESIAN_POINT('',(-6.953107068609,16.786285385668,
    -19.34638591977));
#2579 = CARTESIAN_POINT('',(-12.84766661609,12.847666616095,
    -19.34638591977));
#2580 = CARTESIAN_POINT('',(-16.78628538566,6.953107068609,
    -19.34638591977));
#2581 = CARTESIAN_POINT('',(-18.16934437333,2.72E-15,-19.34638591977));
#2582 = CARTESIAN_POINT('',(-16.78628538566,-6.953107068609,
    -19.34638591977));
#2583 = CARTESIAN_POINT('',(-12.84766661609,-12.84766661609,
    -19.34638591977));
#2584 = CARTESIAN_POINT('',(-6.953107068609,-16.78628538566,
    -19.34638591977));
#2585 = CARTESIAN_POINT('',(-1.214E-14,-18.16934437333,-19.34638591977)
  );
#2586 = CARTESIAN_POINT('',(6.953107068609,-16.78628538566,
    -19.34638591977));
#2587 = CARTESIAN_POINT('',(12.847666616095,-12.84766661609,
    -19.34638591977));
#2588 = CARTESIAN_POINT('',(16.786285385668,-6.953107068609,
    -19.34638591977));
#2589 = CARTESIAN_POINT('',(18.16934437333,-7.37E-15,-19.34638591977));
#2590 = CARTESIAN_POINT('',(16.786285385668,6.953107068609,
    -19.34638591977));
#2591 = CARTESIAN_POINT('',(11.849148394776,-4.908077967687,
    -19.71744773952));
#2592 = CARTESIAN_POINT('',(12.825425802612,-7.59E-15,-19.71744773952));
#2593 = CARTESIAN_POINT('',(11.849148394776,4.908077967687,
    -19.71744773952));
#2594 = CARTESIAN_POINT('',(9.068945556632,9.068945556632,
    -19.71744773952));
#2595 = CARTESIAN_POINT('',(4.908077967687,11.849148394776,
    -19.71744773952));
#2596 = CARTESIAN_POINT('',(9.E-16,12.825425802612,-19.71744773952));
#2597 = CARTESIAN_POINT('',(-4.908077967687,11.849148394776,
    -19.71744773952));
#2598 = CARTESIAN_POINT('',(-9.068945556632,9.068945556632,
    -19.71744773952));
#2599 = CARTESIAN_POINT('',(-11.84914839477,4.908077967687,
    -19.71744773952));
#2600 = CARTESIAN_POINT('',(-12.82542580261,8.7E-16,-19.71744773952));
#2601 = CARTESIAN_POINT('',(-11.84914839477,-4.908077967687,
    -19.71744773952));
#2602 = CARTESIAN_POINT('',(-9.068945556632,-9.068945556632,
    -19.71744773952));
#2603 = CARTESIAN_POINT('',(-4.908077967687,-11.84914839477,
    -19.71744773952));
#2604 = CARTESIAN_POINT('',(-6.41E-15,-12.82542580261,-19.71744773952));
#2605 = CARTESIAN_POINT('',(4.908077967687,-11.84914839477,
    -19.71744773952));
#2606 = CARTESIAN_POINT('',(9.068945556632,-9.068945556632,
    -19.71744773952));
#2607 = CARTESIAN_POINT('',(11.849148394776,-4.908077967687,
    -19.71744773952));
#2608 = CARTESIAN_POINT('',(12.825425802612,-7.59E-15,-19.71744773952));
#2609 = CARTESIAN_POINT('',(11.849148394776,4.908077967687,
    -19.71744773952));
#2610 = CARTESIAN_POINT('',(11.849148394776,-4.908077967687,-37.2));
#2611 = CARTESIAN_POINT('',(12.825425802612,-9.54E-15,-37.2));
#2612 = CARTESIAN_POINT('',(11.849148394776,4.908077967687,-37.2));
#2613 = CARTESIAN_POINT('',(9.068945556632,9.068945556632,-37.2));
#2614 = CARTESIAN_POINT('',(4.908077967687,11.849148394776,-37.2));
#2615 = CARTESIAN_POINT('',(1.58E-15,12.825425802612,-37.2));
#2616 = CARTESIAN_POINT('',(-4.908077967687,11.849148394776,-37.2));
#2617 = CARTESIAN_POINT('',(-9.068945556632,9.068945556632,-37.2));
#2618 = CARTESIAN_POINT('',(-11.84914839477,4.908077967687,-37.2));
#2619 = CARTESIAN_POINT('',(-12.82542580261,1.91E-15,-37.2));
#2620 = CARTESIAN_POINT('',(-11.84914839477,-4.908077967687,-37.2));
#2621 = CARTESIAN_POINT('',(-9.068945556632,-9.068945556632,-37.2));
#2622 = CARTESIAN_POINT('',(-4.908077967687,-11.84914839477,-37.2));
#2623 = CARTESIAN_POINT('',(-5.75E-15,-12.82542580261,-37.2));
#2624 = CARTESIAN_POINT('',(4.908077967687,-11.84914839477,-37.2));
#2625 = CARTESIAN_POINT('',(9.068945556632,-9.068945556632,-37.2));
#2626 = CARTESIAN_POINT('',(11.849148394776,-4.908077967687,-37.2));
#2627 = CARTESIAN_POINT('',(12.825425802612,-9.54E-15,-37.2));
#2628 = CARTESIAN_POINT('',(11.849148394776,4.908077967687,-37.2));
#2629 = ADVANCED_FACE('',(#2630),#2641,.F.);
#2630 = FACE_BOUND('',#2631,.T.);
#2631 = EDGE_LOOP('',(#2632,#2633,#2639,#2640));
#2632 = ORIENTED_EDGE('',*,*,#2274,.F.);
#2633 = ORIENTED_EDGE('',*,*,#2634,.T.);
#2634 = EDGE_CURVE('',#2275,#2412,#2635,.T.);
#2635 = LINE('',#2636,#2637);
#2636 = CARTESIAN_POINT('',(1.5,-20.,-6.));
#2637 = VECTOR('',#2638,1.);
#2638 = DIRECTION('',(0.,0.,1.));
#2639 = ORIENTED_EDGE('',*,*,#2411,.F.);
#2640 = ORIENTED_EDGE('',*,*,#2634,.F.);
#2641 = CYLINDRICAL_SURFACE('',#2642,1.5);
#2642 = AXIS2_PLACEMENT_3D('',#2643,#2644,#2645);
#2643 = CARTESIAN_POINT('',(0.,-20.,-6.));
#2644 = DIRECTION('',(-0.,-0.,-1.));
#2645 = DIRECTION('',(1.,0.,0.));
#2646 = ADVANCED_FACE('',(#2647),#2674,.F.);
#2647 = FACE_BOUND('',#2648,.F.);
#2648 = EDGE_LOOP('',(#2649,#2650,#2657,#2666,#2673));
#2649 = ORIENTED_EDGE('',*,*,#2479,.T.);
#2650 = ORIENTED_EDGE('',*,*,#2651,.F.);
#2651 = EDGE_CURVE('',#2652,#2480,#2654,.T.);
#2652 = VERTEX_POINT('',#2653);
#2653 = CARTESIAN_POINT('',(-8.1,0.,-16.8));
#2654 = B_SPLINE_CURVE_WITH_KNOTS('',1,(#2655,#2656),.UNSPECIFIED.,.F.,
  .F.,(2,2),(0.,0.848528137424),.PIECEWISE_BEZIER_KNOTS.);
#2655 = CARTESIAN_POINT('',(-8.1,2.98E-15,-16.8));
#2656 = CARTESIAN_POINT('',(-8.7,3.2E-15,-16.2));
#2657 = ORIENTED_EDGE('',*,*,#2658,.F.);
#2658 = EDGE_CURVE('',#2659,#2652,#2661,.T.);
#2659 = VERTEX_POINT('',#2660);
#2660 = CARTESIAN_POINT('',(8.1,0.,-16.8));
#2661 = CIRCLE('',#2662,8.1);
#2662 = AXIS2_PLACEMENT_3D('',#2663,#2664,#2665);
#2663 = CARTESIAN_POINT('',(0.,0.,-16.8));
#2664 = DIRECTION('',(0.,0.,-1.));
#2665 = DIRECTION('',(-1.,0.,0.));
#2666 = ORIENTED_EDGE('',*,*,#2667,.F.);
#2667 = EDGE_CURVE('',#2652,#2659,#2668,.T.);
#2668 = CIRCLE('',#2669,8.1);
#2669 = AXIS2_PLACEMENT_3D('',#2670,#2671,#2672);
#2670 = CARTESIAN_POINT('',(0.,0.,-16.8));
#2671 = DIRECTION('',(0.,0.,-1.));
#2672 = DIRECTION('',(-1.,0.,0.));
#2673 = ORIENTED_EDGE('',*,*,#2651,.T.);
#2674 = CONICAL_SURFACE('',#2675,8.1,0.785398163397);
#2675 = AXIS2_PLACEMENT_3D('',#2676,#2677,#2678);
#2676 = CARTESIAN_POINT('',(0.,0.,-16.8));
#2677 = DIRECTION('',(0.,0.,1.));
#2678 = DIRECTION('',(1.,0.,0.));
#2679 = ADVANCED_FACE('',(#2680,#2683),#2694,.T.);
#2680 = FACE_BOUND('',#2681,.T.);
#2681 = EDGE_LOOP('',(#2682));
#2682 = ORIENTED_EDGE('',*,*,#2499,.F.);
#2683 = FACE_BOUND('',#2684,.T.);
#2684 = EDGE_LOOP('',(#2685));
#2685 = ORIENTED_EDGE('',*,*,#2686,.T.);
#2686 = EDGE_CURVE('',#2687,#2687,#2689,.T.);
#2687 = VERTEX_POINT('',#2688);
#2688 = CARTESIAN_POINT('',(36.9,2.E-15,-1.3));
#2689 = CIRCLE('',#2690,36.9);
#2690 = AXIS2_PLACEMENT_3D('',#2691,#2692,#2693);
#2691 = CARTESIAN_POINT('',(0.,2.26E-15,-1.3));
#2692 = DIRECTION('',(0.,0.,1.));
#2693 = DIRECTION('',(1.,0.,0.));
#2694 = PLANE('',#2695);
#2695 = AXIS2_PLACEMENT_3D('',#2696,#2697,#2698);
#2696 = CARTESIAN_POINT('',(0.,0.,-1.3));
#2697 = DIRECTION('',(0.,0.,1.));
#2698 = DIRECTION('',(1.,0.,0.));
#2699 = ADVANCED_FACE('',(#2700,#2711),#2714,.F.);
#2700 = FACE_BOUND('',#2701,.T.);
#2701 = EDGE_LOOP('',(#2702));
#2702 = ORIENTED_EDGE('',*,*,#2703,.T.);
#2703 = EDGE_CURVE('',#2704,#2704,#2706,.T.);
#2704 = VERTEX_POINT('',#2705);
#2705 = CARTESIAN_POINT('',(7.2,0.,-37.2));
#2706 = CIRCLE('',#2707,7.2);
#2707 = AXIS2_PLACEMENT_3D('',#2708,#2709,#2710);
#2708 = CARTESIAN_POINT('',(0.,0.,-37.2));
#2709 = DIRECTION('',(0.,0.,1.));
#2710 = DIRECTION('',(1.,0.,0.));
#2711 = FACE_BOUND('',#2712,.T.);
#2712 = EDGE_LOOP('',(#2713));
#2713 = ORIENTED_EDGE('',*,*,#2542,.F.);
#2714 = PLANE('',#2715);
#2715 = AXIS2_PLACEMENT_3D('',#2716,#2717,#2718);
#2716 = CARTESIAN_POINT('',(9.5,0.,-37.2));
#2717 = DIRECTION('',(0.,0.,1.));
#2718 = DIRECTION('',(1.,0.,0.));
#2719 = ADVANCED_FACE('',(#2720),#2752,.T.);
#2720 = FACE_BOUND('',#2721,.T.);
#2721 = EDGE_LOOP('',(#2722,#2723,#2735,#2744,#2751));
#2722 = ORIENTED_EDGE('',*,*,#2534,.T.);
#2723 = ORIENTED_EDGE('',*,*,#2724,.F.);
#2724 = EDGE_CURVE('',#2725,#2524,#2727,.T.);
#2725 = VERTEX_POINT('',#2726);
#2726 = CARTESIAN_POINT('',(38.5,-9.E-15,-2.908545257383));
#2727 = ( BOUNDED_CURVE() B_SPLINE_CURVE(6,(#2728,#2729,#2730,#2731,
#2732,#2733,#2734),.UNSPECIFIED.,.F.,.F.) B_SPLINE_CURVE_WITH_KNOTS((7,7
),(0.,0.967105158836),.PIECEWISE_BEZIER_KNOTS.) CURVE() 
GEOMETRIC_REPRESENTATION_ITEM() RATIONAL_B_SPLINE_CURVE((1.011769658598,
    1.003861588971,0.999216306221,0.997681621427,0.999216306221,
1.003861588971,1.011769658598)) REPRESENTATION_ITEM('') );
#2728 = CARTESIAN_POINT('',(38.5,1.414E-14,-2.908545257383));
#2729 = CARTESIAN_POINT('',(38.5,1.414E-14,-3.558360876422));
#2730 = CARTESIAN_POINT('',(38.373727710072,1.41E-14,-4.201972816357));
#2731 = CARTESIAN_POINT('',(38.12504801525,1.401E-14,-4.812183705749));
#2732 = CARTESIAN_POINT('',(37.763866209734,1.387E-14,-5.363315834656));
#2733 = CARTESIAN_POINT('',(37.305698272912,1.371E-14,-5.832637858537));
#2734 = CARTESIAN_POINT('',(36.770740289242,1.351E-14,-6.20152848522));
#2735 = ORIENTED_EDGE('',*,*,#2736,.T.);
#2736 = EDGE_CURVE('',#2725,#2737,#2739,.T.);
#2737 = VERTEX_POINT('',#2738);
#2738 = CARTESIAN_POINT('',(-38.5,0.,-2.908545257383));
#2739 = CIRCLE('',#2740,38.5);
#2740 = AXIS2_PLACEMENT_3D('',#2741,#2742,#2743);
#2741 = CARTESIAN_POINT('',(0.,0.,-2.908545257383));
#2742 = DIRECTION('',(0.,0.,-1.));
#2743 = DIRECTION('',(-1.,0.,0.));
#2744 = ORIENTED_EDGE('',*,*,#2745,.T.);
#2745 = EDGE_CURVE('',#2737,#2725,#2746,.T.);
#2746 = CIRCLE('',#2747,38.5);
#2747 = AXIS2_PLACEMENT_3D('',#2748,#2749,#2750);
#2748 = CARTESIAN_POINT('',(0.,0.,-2.908545257383));
#2749 = DIRECTION('',(0.,0.,-1.));
#2750 = DIRECTION('',(-1.,0.,0.));
#2751 = ORIENTED_EDGE('',*,*,#2724,.T.);
#2752 = TOROIDAL_SURFACE('',#2753,34.5,4.);
#2753 = AXIS2_PLACEMENT_3D('',#2754,#2755,#2756);
#2754 = CARTESIAN_POINT('',(0.,0.,-2.908545257383));
#2755 = DIRECTION('',(0.,0.,-1.));
#2756 = DIRECTION('',(-1.,0.,0.));
#2757 = ADVANCED_FACE('',(#2758),#2777,.F.);
#2758 = FACE_BOUND('',#2759,.F.);
#2759 = EDGE_LOOP('',(#2760,#2761,#2768,#2775,#2776));
#2760 = ORIENTED_EDGE('',*,*,#2667,.T.);
#2761 = ORIENTED_EDGE('',*,*,#2762,.F.);
#2762 = EDGE_CURVE('',#2763,#2659,#2765,.T.);
#2763 = VERTEX_POINT('',#2764);
#2764 = CARTESIAN_POINT('',(8.1,0.,-21.7));
#2765 = B_SPLINE_CURVE_WITH_KNOTS('',1,(#2766,#2767),.UNSPECIFIED.,.F.,
  .F.,(2,2),(-23.41217258274,-18.51217258274),.PIECEWISE_BEZIER_KNOTS.);
#2766 = CARTESIAN_POINT('',(8.1,-1.98E-15,-21.7));
#2767 = CARTESIAN_POINT('',(8.1,-1.98E-15,-16.8));
#2768 = ORIENTED_EDGE('',*,*,#2769,.T.);
#2769 = EDGE_CURVE('',#2763,#2763,#2770,.T.);
#2770 = CIRCLE('',#2771,8.1);
#2771 = AXIS2_PLACEMENT_3D('',#2772,#2773,#2774);
#2772 = CARTESIAN_POINT('',(0.,0.,-21.7));
#2773 = DIRECTION('',(0.,0.,1.));
#2774 = DIRECTION('',(1.,0.,0.));
#2775 = ORIENTED_EDGE('',*,*,#2762,.T.);
#2776 = ORIENTED_EDGE('',*,*,#2658,.T.);
#2777 = CYLINDRICAL_SURFACE('',#2778,8.1);
#2778 = AXIS2_PLACEMENT_3D('',#2779,#2780,#2781);
#2779 = CARTESIAN_POINT('',(0.,0.,1.712172582746));
#2780 = DIRECTION('',(0.,0.,1.));
#2781 = DIRECTION('',(1.,0.,0.));
#2782 = ADVANCED_FACE('',(#2783),#2801,.F.);
#2783 = FACE_BOUND('',#2784,.F.);
#2784 = EDGE_LOOP('',(#2785,#2786,#2793,#2800));
#2785 = ORIENTED_EDGE('',*,*,#2686,.T.);
#2786 = ORIENTED_EDGE('',*,*,#2787,.T.);
#2787 = EDGE_CURVE('',#2687,#2788,#2790,.T.);
#2788 = VERTEX_POINT('',#2789);
#2789 = CARTESIAN_POINT('',(36.9,2.E-15,0.));
#2790 = B_SPLINE_CURVE_WITH_KNOTS('',1,(#2791,#2792),.UNSPECIFIED.,.F.,
  .F.,(2,2),(0.,1.3),.PIECEWISE_BEZIER_KNOTS.);
#2791 = CARTESIAN_POINT('',(36.9,2.26E-15,-1.3));
#2792 = CARTESIAN_POINT('',(36.9,2.26E-15,4.4E-16));
#2793 = ORIENTED_EDGE('',*,*,#2794,.F.);
#2794 = EDGE_CURVE('',#2788,#2788,#2795,.T.);
#2795 = CIRCLE('',#2796,36.9);
#2796 = AXIS2_PLACEMENT_3D('',#2797,#2798,#2799);
#2797 = CARTESIAN_POINT('',(0.,2.26E-15,4.4E-16));
#2798 = DIRECTION('',(0.,0.,1.));
#2799 = DIRECTION('',(1.,0.,0.));
#2800 = ORIENTED_EDGE('',*,*,#2787,.F.);
#2801 = CYLINDRICAL_SURFACE('',#2802,36.9);
#2802 = AXIS2_PLACEMENT_3D('',#2803,#2804,#2805);
#2803 = CARTESIAN_POINT('',(0.,2.26E-15,-1.3));
#2804 = DIRECTION('',(0.,0.,1.));
#2805 = DIRECTION('',(1.,0.,0.));
#2806 = ADVANCED_FACE('',(#2807),#2825,.F.);
#2807 = FACE_BOUND('',#2808,.F.);
#2808 = EDGE_LOOP('',(#2809,#2818,#2823,#2824));
#2809 = ORIENTED_EDGE('',*,*,#2810,.F.);
#2810 = EDGE_CURVE('',#2811,#2811,#2813,.T.);
#2811 = VERTEX_POINT('',#2812);
#2812 = CARTESIAN_POINT('',(6.6,0.,-36.6));
#2813 = CIRCLE('',#2814,6.6);
#2814 = AXIS2_PLACEMENT_3D('',#2815,#2816,#2817);
#2815 = CARTESIAN_POINT('',(0.,0.,-36.6));
#2816 = DIRECTION('',(0.,0.,1.));
#2817 = DIRECTION('',(1.,0.,0.));
#2818 = ORIENTED_EDGE('',*,*,#2819,.T.);
#2819 = EDGE_CURVE('',#2811,#2704,#2820,.T.);
#2820 = B_SPLINE_CURVE_WITH_KNOTS('',1,(#2821,#2822),.UNSPECIFIED.,.F.,
  .F.,(2,2),(-0.848528137424,0.),.PIECEWISE_BEZIER_KNOTS.);
#2821 = CARTESIAN_POINT('',(6.6,8.1E-16,-36.6));
#2822 = CARTESIAN_POINT('',(7.2,8.8E-16,-37.2));
#2823 = ORIENTED_EDGE('',*,*,#2703,.T.);
#2824 = ORIENTED_EDGE('',*,*,#2819,.F.);
#2825 = CONICAL_SURFACE('',#2826,7.2,0.785398163397);
#2826 = AXIS2_PLACEMENT_3D('',#2827,#2828,#2829);
#2827 = CARTESIAN_POINT('',(0.,0.,-37.2));
#2828 = DIRECTION('',(0.,0.,-1.));
#2829 = DIRECTION('',(-1.,0.,0.));
#2830 = ADVANCED_FACE('',(#2831),#2850,.T.);
#2831 = FACE_BOUND('',#2832,.T.);
#2832 = EDGE_LOOP('',(#2833,#2834,#2841,#2848,#2849));
#2833 = ORIENTED_EDGE('',*,*,#2736,.F.);
#2834 = ORIENTED_EDGE('',*,*,#2835,.T.);
#2835 = EDGE_CURVE('',#2725,#2836,#2838,.T.);
#2836 = VERTEX_POINT('',#2837);
#2837 = CARTESIAN_POINT('',(38.5,0.,0.));
#2838 = B_SPLINE_CURVE_WITH_KNOTS('',1,(#2839,#2840),.UNSPECIFIED.,.F.,
  .F.,(2,2),(-4.620717840128,-1.712172582746),.PIECEWISE_BEZIER_KNOTS.);
#2839 = CARTESIAN_POINT('',(38.5,0.,-2.908545257383));
#2840 = CARTESIAN_POINT('',(38.5,0.,-2.2E-16));
#2841 = ORIENTED_EDGE('',*,*,#2842,.F.);
#2842 = EDGE_CURVE('',#2836,#2836,#2843,.T.);
#2843 = CIRCLE('',#2844,38.5);
#2844 = AXIS2_PLACEMENT_3D('',#2845,#2846,#2847);
#2845 = CARTESIAN_POINT('',(0.,0.,0.));
#2846 = DIRECTION('',(0.,0.,1.));
#2847 = DIRECTION('',(1.,0.,0.));
#2848 = ORIENTED_EDGE('',*,*,#2835,.F.);
#2849 = ORIENTED_EDGE('',*,*,#2745,.F.);
#2850 = CYLINDRICAL_SURFACE('',#2851,38.5);
#2851 = AXIS2_PLACEMENT_3D('',#2852,#2853,#2854);
#2852 = CARTESIAN_POINT('',(0.,0.,1.712172582746));
#2853 = DIRECTION('',(0.,0.,1.));
#2854 = DIRECTION('',(1.,0.,0.));
#2855 = ADVANCED_FACE('',(#2856,#2859),#2870,.T.);
#2856 = FACE_BOUND('',#2857,.T.);
#2857 = EDGE_LOOP('',(#2858));
#2858 = ORIENTED_EDGE('',*,*,#2769,.T.);
#2859 = FACE_BOUND('',#2860,.T.);
#2860 = EDGE_LOOP('',(#2861));
#2861 = ORIENTED_EDGE('',*,*,#2862,.F.);
#2862 = EDGE_CURVE('',#2863,#2863,#2865,.T.);
#2863 = VERTEX_POINT('',#2864);
#2864 = CARTESIAN_POINT('',(5.5,0.,-21.7));
#2865 = CIRCLE('',#2866,5.5);
#2866 = AXIS2_PLACEMENT_3D('',#2867,#2868,#2869);
#2867 = CARTESIAN_POINT('',(0.,0.,-21.7));
#2868 = DIRECTION('',(0.,0.,1.));
#2869 = DIRECTION('',(1.,0.,0.));
#2870 = PLANE('',#2871);
#2871 = AXIS2_PLACEMENT_3D('',#2872,#2873,#2874);
#2872 = CARTESIAN_POINT('',(6.75,0.,-21.7));
#2873 = DIRECTION('',(0.,0.,1.));
#2874 = DIRECTION('',(1.,0.,0.));
#2875 = ADVANCED_FACE('',(#2876,#2879),#2882,.T.);
#2876 = FACE_BOUND('',#2877,.T.);
#2877 = EDGE_LOOP('',(#2878));
#2878 = ORIENTED_EDGE('',*,*,#2794,.F.);
#2879 = FACE_BOUND('',#2880,.T.);
#2880 = EDGE_LOOP('',(#2881));
#2881 = ORIENTED_EDGE('',*,*,#2842,.T.);
#2882 = PLANE('',#2883);
#2883 = AXIS2_PLACEMENT_3D('',#2884,#2885,#2886);
#2884 = CARTESIAN_POINT('',(33.25,0.,4.4E-16));
#2885 = DIRECTION('',(0.,0.,1.));
#2886 = DIRECTION('',(1.,0.,0.));
#2887 = ADVANCED_FACE('',(#2888),#2915,.F.);
#2888 = FACE_BOUND('',#2889,.F.);
#2889 = EDGE_LOOP('',(#2890,#2891,#2898,#2907,#2914));
#2890 = ORIENTED_EDGE('',*,*,#2810,.T.);
#2891 = ORIENTED_EDGE('',*,*,#2892,.T.);
#2892 = EDGE_CURVE('',#2811,#2893,#2895,.T.);
#2893 = VERTEX_POINT('',#2894);
#2894 = CARTESIAN_POINT('',(6.6,0.,-30.7));
#2895 = B_SPLINE_CURVE_WITH_KNOTS('',1,(#2896,#2897),.UNSPECIFIED.,.F.,
  .F.,(2,2),(-38.31217258274,-32.41217258274),.PIECEWISE_BEZIER_KNOTS.);
#2896 = CARTESIAN_POINT('',(6.6,0.,-36.6));
#2897 = CARTESIAN_POINT('',(6.6,0.,-30.7));
#2898 = ORIENTED_EDGE('',*,*,#2899,.T.);
#2899 = EDGE_CURVE('',#2893,#2900,#2902,.T.);
#2900 = VERTEX_POINT('',#2901);
#2901 = CARTESIAN_POINT('',(-6.6,0.,-30.7));
#2902 = CIRCLE('',#2903,6.6);
#2903 = AXIS2_PLACEMENT_3D('',#2904,#2905,#2906);
#2904 = CARTESIAN_POINT('',(0.,0.,-30.7));
#2905 = DIRECTION('',(0.,0.,-1.));
#2906 = DIRECTION('',(-1.,0.,0.));
#2907 = ORIENTED_EDGE('',*,*,#2908,.T.);
#2908 = EDGE_CURVE('',#2900,#2893,#2909,.T.);
#2909 = CIRCLE('',#2910,6.6);
#2910 = AXIS2_PLACEMENT_3D('',#2911,#2912,#2913);
#2911 = CARTESIAN_POINT('',(0.,0.,-30.7));
#2912 = DIRECTION('',(0.,0.,-1.));
#2913 = DIRECTION('',(-1.,0.,0.));
#2914 = ORIENTED_EDGE('',*,*,#2892,.F.);
#2915 = CYLINDRICAL_SURFACE('',#2916,6.6);
#2916 = AXIS2_PLACEMENT_3D('',#2917,#2918,#2919);
#2917 = CARTESIAN_POINT('',(0.,0.,1.712172582746));
#2918 = DIRECTION('',(0.,0.,1.));
#2919 = DIRECTION('',(1.,0.,0.));
#2920 = ADVANCED_FACE('',(#2921),#2939,.F.);
#2921 = FACE_BOUND('',#2922,.F.);
#2922 = EDGE_LOOP('',(#2923,#2924,#2931,#2938));
#2923 = ORIENTED_EDGE('',*,*,#2862,.F.);
#2924 = ORIENTED_EDGE('',*,*,#2925,.F.);
#2925 = EDGE_CURVE('',#2926,#2863,#2928,.T.);
#2926 = VERTEX_POINT('',#2927);
#2927 = CARTESIAN_POINT('',(5.5,0.,-30.7));
#2928 = B_SPLINE_CURVE_WITH_KNOTS('',1,(#2929,#2930),.UNSPECIFIED.,.F.,
  .F.,(2,2),(-32.41217258274,-23.41217258274),.PIECEWISE_BEZIER_KNOTS.);
#2929 = CARTESIAN_POINT('',(5.5,-1.35E-15,-30.7));
#2930 = CARTESIAN_POINT('',(5.5,-1.35E-15,-21.7));
#2931 = ORIENTED_EDGE('',*,*,#2932,.T.);
#2932 = EDGE_CURVE('',#2926,#2926,#2933,.T.);
#2933 = CIRCLE('',#2934,5.5);
#2934 = AXIS2_PLACEMENT_3D('',#2935,#2936,#2937);
#2935 = CARTESIAN_POINT('',(0.,0.,-30.7));
#2936 = DIRECTION('',(0.,0.,1.));
#2937 = DIRECTION('',(1.,0.,0.));
#2938 = ORIENTED_EDGE('',*,*,#2925,.T.);
#2939 = CYLINDRICAL_SURFACE('',#2940,5.5);
#2940 = AXIS2_PLACEMENT_3D('',#2941,#2942,#2943);
#2941 = CARTESIAN_POINT('',(0.,0.,1.712172582746));
#2942 = DIRECTION('',(0.,0.,1.));
#2943 = DIRECTION('',(1.,0.,0.));
#2944 = ADVANCED_FACE('',(#2945,#2948),#2952,.T.);
#2945 = FACE_BOUND('',#2946,.T.);
#2946 = EDGE_LOOP('',(#2947));
#2947 = ORIENTED_EDGE('',*,*,#2932,.T.);
#2948 = FACE_BOUND('',#2949,.T.);
#2949 = EDGE_LOOP('',(#2950,#2951));
#2950 = ORIENTED_EDGE('',*,*,#2908,.T.);
#2951 = ORIENTED_EDGE('',*,*,#2899,.T.);
#2952 = PLANE('',#2953);
#2953 = AXIS2_PLACEMENT_3D('',#2954,#2955,#2956);
#2954 = CARTESIAN_POINT('',(6.,0.,-30.7));
#2955 = DIRECTION('',(0.,0.,-1.));
#2956 = DIRECTION('',(-1.,0.,0.));
#2957 = ( GEOMETRIC_REPRESENTATION_CONTEXT(3) 
GLOBAL_UNCERTAINTY_ASSIGNED_CONTEXT((#2961)) 
GLOBAL_UNIT_ASSIGNED_CONTEXT((#2958,#2959,#2960)) REPRESENTATION_CONTEXT
('Context #1','3D Context with UNIT and UNCERTAINTY') );
#2958 = ( LENGTH_UNIT() NAMED_UNIT(*) SI_UNIT(.MILLI.,.METRE.) );
#2959 = ( NAMED_UNIT(*) PLANE_ANGLE_UNIT() SI_UNIT($,.RADIAN.) );
#2960 = ( NAMED_UNIT(*) SI_UNIT($,.STERADIAN.) SOLID_ANGLE_UNIT() );
#2961 = UNCERTAINTY_MEASURE_WITH_UNIT(LENGTH_MEASURE(5.E-04),#2958,
  'distance_accuracy_value','confusion accuracy');
#2962 = CONTEXT_DEPENDENT_SHAPE_REPRESENTATION(#2963,#2965);
#2963 = ( REPRESENTATION_RELATIONSHIP('','',#32,#10) 
REPRESENTATION_RELATIONSHIP_WITH_TRANSFORMATION(#2964) 
SHAPE_REPRESENTATION_RELATIONSHIP() );
#2964 = ITEM_DEFINED_TRANSFORMATION('','',#11,#15);
#2965 = PRODUCT_DEFINITION_SHAPE('Placement','Placement of an item',
  #2966);
#2966 = NEXT_ASSEMBLY_USAGE_OCCURRENCE('1','Cut002','',#5,#27,$);
#2967 = PRODUCT_RELATED_PRODUCT_CATEGORY('part',$,(#29));
#2968 = MECHANICAL_DESIGN_GEOMETRIC_PRESENTATION_REPRESENTATION('',(
    #2969,#2980),#2957);
#2969 = STYLED_ITEM('color',(#2970),#33);
#2970 = PRESENTATION_STYLE_ASSIGNMENT((#2971,#2977));
#2971 = SURFACE_STYLE_USAGE(.BOTH.,#2972);
#2972 = SURFACE_SIDE_STYLE('',(#2973));
#2973 = SURFACE_STYLE_FILL_AREA(#2974);
#2974 = FILL_AREA_STYLE('',(#2975));
#2975 = FILL_AREA_STYLE_COLOUR('',#2976);
#2976 = DRAUGHTING_PRE_DEFINED_COLOUR('red');
#2977 = CURVE_STYLE('',#2978,POSITIVE_LENGTH_MEASURE(0.1),#2979);
#2978 = DRAUGHTING_PRE_DEFINED_CURVE_FONT('continuous');
#2979 = COLOUR_RGB('',9.803921802644E-02,9.803921802644E-02,
  9.803921802644E-02);
#2980 = OVER_RIDING_STYLED_ITEM('overriding color',(#2981),#589,#2969);
#2981 = PRESENTATION_STYLE_ASSIGNMENT((#2982));
#2982 = SURFACE_STYLE_USAGE(.BOTH.,#2983);
#2983 = SURFACE_SIDE_STYLE('',(#2984));
#2984 = SURFACE_STYLE_FILL_AREA(#2985);
#2985 = FILL_AREA_STYLE('',(#2986));
#2986 = FILL_AREA_STYLE_COLOUR('',#2987);
#2987 = COLOUR_RGB('',0.678431390124,0.709803936702,0.741176476869);
ENDSEC;
END-ISO-10303-21;
